pa14_id,name
PA14_00410,-
PA14_00490,-
PA14_00600,-
PA14_00720,-
PA14_00860,-
PA14_01060,-
PA14_01120,-
PA14_02010,-
PA14_02510,exbD1
PA14_02530,-
PA14_02570,mdcC
PA14_02850,pcaC
PA14_03110,-
PA14_03120,-
PA14_04060,-
PA14_04070,-
PA14_04530,-
PA14_04850,-
PA14_06090,-
PA14_06740,nirM
PA14_06800,-
PA14_07200,-
PA14_08190,-
PA14_08500,-
PA14_08750,rplL
PA14_08900,rplV
PA14_08930,rpmC
PA14_09030,rpmD
PA14_09220,pchB
PA14_09440,phzE1
PA14_09880,-
PA14_10020,-
PA14_10610,hpcD
PA14_11430,ribE
PA14_11570,xseB
PA14_12050,-
PA14_12180,-
PA14_13230,moaC
PA14_13240,moaD
PA14_14220,-
PA14_14330,-
PA14_14450,-
PA14_14610,yajC
PA14_14740,iscU
PA14_15050,-
PA14_15110,-
PA14_15445,merE
PA14_15470,merP
PA14_15710,-
PA14_16110,-
PA14_16270,-
PA14_16300,-
PA14_16980,-
PA14_17000,-
PA14_17675,dgkA
PA14_17710,-
PA14_18100,-
PA14_18260,fruK
PA14_18320,-
PA14_19330,-
PA14_19590,ssuF
PA14_19750,-
PA14_19950,-
PA14_20060,-
PA14_20460,-
PA14_21240,-
PA14_21380,-
PA14_21450,-
PA14_21670,-
PA14_22180,-
PA14_22400,-
PA14_22510,-
PA14_22720,-
PA14_22740,-
PA14_23030,oprB
PA14_24050,xcpV
PA14_24245,-
PA14_24630,-
PA14_24740,-
PA14_24770,-
PA14_24850,-
PA14_25160,lexA
PA14_25520,-
PA14_25630,rpmF
PA14_26060,-
PA14_26300,-
PA14_26340,-
PA14_26450,yebN
PA14_26580,-
PA14_26610,-
PA14_26990,-
PA14_27110,ligT
PA14_27290,-
PA14_27720,-
PA14_28260,-
PA14_28290,-
PA14_28490,-
PA14_28670,rpmI
PA14_28850,-
PA14_29040,-
PA14_29750,-
PA14_30240,infA
PA14_31230,-
PA14_31250,-
PA14_31420,-
PA14_31450,-
PA14_32250,-
PA14_32470,-
PA14_32480,-
PA14_32770,-
PA14_32810,-
PA14_33200,-
PA14_33230,-
PA14_33930,-
PA14_34070,-
PA14_34610,-
PA14_34940,-
PA14_34960,opbA
PA14_35550,pslO
PA14_35980,-
PA14_36330,hcnA
PA14_36400,-
PA14_36850,-
PA14_36860,-
PA14_36890,-
PA14_38210,-
PA14_38370,-
PA14_38880,-
PA14_38920,-
PA14_39080,-
PA14_39230,-
PA14_39260,-
PA14_39500,-
PA14_39630,-
PA14_39700,-
PA14_39910,phzE2
PA14_39970,phzA2
PA14_40170,sugE
PA14_40210,-
PA14_40310,-
PA14_40340,-
PA14_40520,-
PA14_40740,-
PA14_41540,nirD
PA14_41990,-
PA14_42200,-
PA14_42290,pscH
PA14_42300,pscG
PA14_42310,pscF
PA14_42360,pscB
PA14_42540,pcr1
PA14_42600,pscP
PA14_42710,-
PA14_42840,-
PA14_42960,-
PA14_43070,hcpD
PA14_43080,-
PA14_43140,-
PA14_43620,sixA
PA14_43770,-
PA14_43900,-
PA14_44090,-
PA14_44170,-
PA14_44230,-
PA14_44390,-
PA14_44480,-
PA14_44670,zipA
PA14_45380,ccmA
PA14_45400,-
PA14_45480,-
PA14_45780,fliO
PA14_46670,-
PA14_47070,-
PA14_47400,-
PA14_47450,ycgL
PA14_48150,-
PA14_48860,-
PA14_48980,-
PA14_49000,-
PA14_49270,napc
PA14_49860,-
PA14_49920,-
PA14_50700,phaE
PA14_50870,-
PA14_50950,-
PA14_51310,yrkI
PA14_51570,-
PA14_51950,-
PA14_52490,-
PA14_52570,rsmA
PA14_52640,-
PA14_53450,-
PA14_53810,-
PA14_53870,-
PA14_54070,-
PA14_54470,-
PA14_54690,ywnB
PA14_54730,-
PA14_56180,-
PA14_56690,feoA
PA14_56970,-
PA14_57030,-
PA14_57130,-
PA14_57820,-
PA14_57830,-
PA14_57980,-
PA14_58170,-
PA14_58220,-
PA14_58790,-
PA14_58850,-
PA14_58940,-
PA14_59050,-
PA14_59390,-
PA14_59490,-
PA14_59700,-
PA14_59870,-
PA14_59970,-
PA14_60460,rplU
PA14_60560,-
PA14_61000,-
PA14_61180,-
PA14_61340,-
PA14_61370,-
PA14_63050,yfjG
PA14_63220,-
PA14_63300,-
PA14_63820,-
PA14_64000,-
PA14_64370,ureB
PA14_64470,-
PA14_64490,-
PA14_66710,rpmE
PA14_67460,-
PA14_67700,-
PA14_67940,-
PA14_67960,-
PA14_68110,-
PA14_69030,-
PA14_69350,-
PA14_69600,-
PA14_69660,lppL
PA14_70060,-
PA14_70220,-
PA14_71080,-
PA14_71330,-
PA14_71350,-
PA14_71370,-
PA14_71380,-
PA14_71880,-
PA14_72090,-
PA14_72350,-
PA14_73020,-
PA14_73290,atpF
PA14_73420,rnpA
PA14_00110,tag
PA14_00150,-
PA14_00480,-
PA14_00520,-
PA14_00780,-
PA14_00800,-
PA14_00970,-
PA14_01520,-
PA14_01560,phnA
PA14_02270,-
PA14_02490,tonB2
PA14_02520,-
PA14_02630,mdcL
PA14_03030,aroQ2
PA14_03090,-
PA14_03180,-
PA14_03630,-
PA14_04100,-
PA14_04300,-
PA14_04330,-
PA14_04580,folA
PA14_04690,-
PA14_04750,fdx1
PA14_04790,-
PA14_04940,-
PA14_05160,-
PA14_05320,pilG
PA14_05330,pilH
PA14_05960,cspB
PA14_06200,-
PA14_06350,yfiM
PA14_06430,-
PA14_06530,bioH
PA14_06810,norC
PA14_07560,rpsU
PA14_07730,ksgA
PA14_07950,prtN
PA14_07990,hol
PA14_08140,XR2
PA14_08180,-
PA14_08380,-
PA14_08420,-
PA14_08890,rpsS
PA14_08960,rplX
PA14_09040,rplO
PA14_09350,fptB
PA14_09480,phzA1
PA14_09540,mexG
PA14_09960,-
PA14_10270,acoX
PA14_10380,-
PA14_11150,-
PA14_11160,-
PA14_11310,-
PA14_11320,-
PA14_11380,ybaD
PA14_11520,-
PA14_11810,-
PA14_11880,-
PA14_11910,-
PA14_12020,nadD
PA14_12030,-
PA14_12560,-
PA14_12730,-
PA14_12740,-
PA14_12890,-
PA14_13220,-
PA14_13370,-
PA14_13630,-
PA14_13720,-
PA14_13730,narL
PA14_14200,-
PA14_14270,-
PA14_14310,-
PA14_14370,-
PA14_14460,holC
PA14_14750,icsA
PA14_14800,fdx2
PA14_14810,-
PA14_15020,-
PA14_15370,-
PA14_15490,-
PA14_15750,-
PA14_15970,rpsP
PA14_16200,-
PA14_16990,-
PA14_17070,tsf
PA14_17330,-
PA14_17350,-
PA14_17420,ispF
PA14_17490,fdxA
PA14_18180,-
PA14_18800,-
PA14_19390,-
PA14_19450,-
PA14_20370,-
PA14_20850,-
PA14_20880,-
PA14_21090,-
PA14_21520,-
PA14_21570,-
PA14_21630,-
PA14_21980,-
PA14_22280,-
PA14_22480,-
PA14_22770,-
PA14_22780,yciI
PA14_22880,-
PA14_23090,-
PA14_23340,himD
PA14_24410,-
PA14_24590,-
PA14_24700,-
PA14_25040,-
PA14_25490,-
PA14_25500,exbD
PA14_25960,cobW
PA14_26080,-
PA14_26210,hisP
PA14_26550,-
PA14_27640,rebB2
PA14_27650,-
PA14_27660,-
PA14_27680,-
PA14_28090,-
PA14_28120,-
PA14_28140,-
PA14_28210,-
PA14_28230,-
PA14_28240,-
PA14_28410,-
PA14_28580,-
PA14_28600,-
PA14_28620,-
PA14_28790,-
PA14_28870,-
PA14_28960,-
PA14_29010,-
PA14_29190,-
PA14_29250,-
PA14_29300,-
PA14_29590,-
PA14_29890,nuoK
PA14_30200,cspD
PA14_30380,-
PA14_30400,dsrE
PA14_30980,-
PA14_31360,-
PA14_31930,-
PA14_31960,-
PA14_33550,-
PA14_33830,-
PA14_34170,-
PA14_34740,-
PA14_35100,arsC
PA14_35130,-
PA14_35200,-
PA14_36280,-
PA14_36530,-
PA14_36650,-
PA14_36920,-
PA14_36940,-
PA14_36980,-
PA14_37350,-
PA14_37420,-
PA14_38000,-
PA14_38020,-
PA14_38310,-
PA14_38790,pqqD
PA14_39090,-
PA14_39100,-
PA14_39140,-
PA14_39220,-
PA14_39420,-
PA14_39570,-
PA14_39620,-
PA14_40330,-
PA14_40930,-
PA14_41490,nasT
PA14_41910,-
PA14_42000,-
PA14_42020,arsC
PA14_42180,-
PA14_42430,exsC
PA14_42450,popB
PA14_42530,pcr2
PA14_42830,-
PA14_43020,-
PA14_43250,-
PA14_44140,yaiE
PA14_44450,fixS
PA14_44530,ygdE
PA14_44960,-
PA14_44990,-
PA14_45020,glxR
PA14_45120,-
PA14_45340,-
PA14_45620,cheY
PA14_45790,fliN
PA14_46280,-
PA14_46560,-
PA14_46770,-
PA14_47010,-
PA14_47250,-
PA14_47340,-
PA14_47350,-
PA14_47580,-
PA14_47660,cobC
PA14_47680,-
PA14_47750,-
PA14_47960,glnQ
PA14_48380,-
PA14_48750,-
PA14_48950,-
PA14_49310,-
PA14_49380,dapE
PA14_49410,-
PA14_49500,-
PA14_49720,-
PA14_49960,-
PA14_50240,-
PA14_50320,-
PA14_50690,phaF
PA14_50860,-
PA14_51020,-
PA14_51240,purC
PA14_51350,phnB
PA14_51580,-
PA14_52120,-
PA14_52280,-
PA14_52340,-
PA14_52440,-
PA14_52730,-
PA14_52750,aotP
PA14_53270,-
PA14_53700,-
PA14_53830,-
PA14_54110,-
PA14_54220,icp
PA14_55070,-
PA14_55110,-
PA14_55260,-
PA14_55510,hxcP
PA14_55540,-
PA14_55580,nemO
PA14_55940,-
PA14_56070,mvaT
PA14_56570,-
PA14_56700,-
PA14_56910,-
PA14_57180,-
PA14_57470,-
PA14_58510,-
PA14_59060,-
PA14_59410,-
PA14_59510,-
PA14_59520,-
PA14_60240,-
PA14_60400,rpsT
PA14_60540,-
PA14_60750,pra
PA14_60900,-
PA14_60970,-
PA14_61010,-
PA14_61110,-
PA14_61330,mgtC
PA14_61350,-
PA14_61430,-
PA14_61910,-
PA14_62180,-
PA14_62250,-
PA14_62360,-
PA14_62520,-
PA14_62680,-
PA14_62740,rbfA
PA14_63020,fur
PA14_63240,-
PA14_63440,-
PA14_63770,-
PA14_64190,-
PA14_64350,ureA
PA14_64560,-
PA14_64640,-
PA14_66650,pilN
PA14_66770,hslV
PA14_66910,-
PA14_67100,dtD
PA14_67540,-
PA14_67550,-
PA14_67750,yigN
PA14_68000,-
PA14_68400,ygaU
PA14_68470,-
PA14_68570,-
PA14_68720,-
PA14_69580,-
PA14_69630,rnk
PA14_69640,cyaY
PA14_70010,-
PA14_70050,-
PA14_70180,rpmG
PA14_70190,rpmB
PA14_70340,-
PA14_70720,ubiC
PA14_71390,-
PA14_71590,-
PA14_71760,-
PA14_72150,-
PA14_72200,prfH
PA14_72410,-
PA14_72930,-
PA14_00160,-
PA14_00650,-
PA14_00670,-
PA14_00710,osmC
PA14_00740,-
PA14_00900,-
PA14_00960,-
PA14_01130,-
PA14_01150,-
PA14_01170,-
PA14_01470,-
PA14_01610,-
PA14_01840,-
PA14_01960,-
PA14_02100,-
PA14_02390,-
PA14_02460,-
PA14_02500,exbB1
PA14_02750,-
PA14_02870,-
PA14_03420,-
PA14_03510,-
PA14_03520,-
PA14_04180,-
PA14_04590,-
PA14_04760,coaD
PA14_05020,-
PA14_05050,-
PA14_05060,-
PA14_05280,yqgF
PA14_05340,pilI
PA14_05410,chpC
PA14_05450,-
PA14_05520,-
PA14_05775,-
PA14_05860,-
PA14_05970,-
PA14_06120,-
PA14_06210,-
PA14_06390,-
PA14_06540,bioC
PA14_06680,nirH
PA14_06690,nirG
PA14_07000,dsbB
PA14_07030,-
PA14_07590,-
PA14_07600,-
PA14_08020,gpW
PA14_08100,-
PA14_08210,-
PA14_08330,-
PA14_08340,trpG
PA14_08940,rpsQ
PA14_08950,rplN
PA14_09780,-
PA14_09940,pfpI
PA14_10130,-
PA14_10160,fepD
PA14_10220,ygiM
PA14_10280,-
PA14_10360,-
PA14_10480,-
PA14_10560,-
PA14_10670,aph
PA14_10950,-
PA14_11020,fabG
PA14_11420,-
PA14_11470,pgpA
PA14_11940,-
PA14_12260,-
PA14_12310,-
PA14_12360,-
PA14_12550,-
PA14_12680,-
PA14_12940,-
PA14_13210,-
PA14_13250,moaE
PA14_13380,-
PA14_13390,-
PA14_13460,fecI
PA14_13710,-
PA14_13860,-
PA14_13920,-
PA14_14130,-
PA14_14150,-
PA14_14320,-
PA14_14540,-
PA14_14770,hscB
PA14_15120,-
PA14_15130,-
PA14_15150,-
PA14_15450,-
PA14_15500,traK
PA14_15570,-
PA14_15770,-
PA14_15960,ffh
PA14_16140,-
PA14_16290,-
PA14_16320,fkbP-1
PA14_16350,-
PA14_16610,-
PA14_16620,-
PA14_16720,-
PA14_16830,-
PA14_16960,-
PA14_16970,-
PA14_17170,ompH
PA14_17230,rnhB
PA14_17590,-
PA14_18650,ydhD
PA14_18680,bfd
PA14_18930,rnfB
PA14_19010,-
PA14_19205,-
PA14_19600,-
PA14_19620,folX
PA14_19650,-
PA14_19660,mioC
PA14_19680,-
PA14_19720,-
PA14_20000,-
PA14_20280,-
PA14_20470,-
PA14_20480,-
PA14_20720,flgN
PA14_20730,flgM
PA14_20770,-
PA14_21180,-
PA14_21220,-
PA14_21310,phaJ1
PA14_21530,-
PA14_21770,sugE
PA14_21780,-
PA14_21850,-
PA14_22010,minE
PA14_22320,-
PA14_22540,wrbA
PA14_22570,csaA
PA14_22660,-
PA14_22760,cpxR
PA14_22860,-
PA14_23590,-
PA14_23620,-
PA14_23720,-
PA14_23890,-
PA14_24040,xcpU
PA14_24100,xcpZ
PA14_24580,-
PA14_24650,rmf
PA14_24760,yqjE
PA14_24970,yegS
PA14_24990,-
PA14_25150,-
PA14_25410,-
PA14_25530,-
PA14_25770,pilZ
PA14_25860,etfB
PA14_25930,-
PA14_25990,-
PA14_26150,-
PA14_26400,-
PA14_26480,cobL
PA14_26620,-
PA14_26690,-
PA14_26910,moxR
PA14_27150,-
PA14_27220,ohr
PA14_27480,htpX
PA14_27530,-
PA14_27570,-
PA14_27630,rebB1
PA14_27710,-
PA14_27840,-
PA14_28010,-
PA14_28020,-
PA14_28080,-
PA14_28130,-
PA14_28300,-
PA14_28370,-
PA14_28500,-
PA14_28510,-
PA14_28540,-
PA14_28750,-
PA14_28880,-
PA14_28950,-
PA14_28990,-
PA14_29280,trxA
PA14_29520,hplU
PA14_29540,hplW
PA14_29650,-
PA14_29710,-
PA14_29720,-
PA14_30370,-
PA14_30390,-
PA14_30760,-
PA14_30950,-
PA14_30990,-
PA14_31160,-
PA14_31260,-
PA14_31310,-
PA14_31430,-
PA14_31510,-
PA14_31640,-
PA14_31810,tpx
PA14_32230,catC
PA14_32440,-
PA14_32890,-
PA14_32985,gcvH2
PA14_33120,-
PA14_33150,-
PA14_33250,-
PA14_33300,-
PA14_33370,-
PA14_33510,-
PA14_33580,-
PA14_33800,-
PA14_34020,-
PA14_34450,-
PA14_34490,-
PA14_34500,-
PA14_34640,gntK
PA14_34670,-
PA14_34920,-
PA14_34930,-
PA14_35160,-
PA14_35170,-
PA14_36450,-
PA14_36470,-
PA14_36520,-
PA14_36560,-
PA14_36770,-
PA14_36880,-
PA14_36930,-
PA14_37310,-
PA14_37550,-
PA14_37670,-
PA14_37770,-
PA14_38590,bdhA
PA14_38710,-
PA14_38840,exaC
PA14_39060,-
PA14_39070,-
PA14_39110,-
PA14_40130,-
PA14_40150,-
PA14_40160,nuoA
PA14_40300,-
PA14_40690,-
PA14_40710,-
PA14_40860,-
PA14_40900,-
PA14_41030,-
PA14_41060,rnhA
PA14_41640,menG
PA14_41790,-
PA14_41970,-
PA14_42380,exsD
PA14_42520,pcr3
PA14_42580,pscO
PA14_42630,pscS
PA14_43240,-
PA14_43290,-
PA14_43440,-
PA14_43720,-
PA14_43780,-
PA14_44100,-
PA14_44130,-
PA14_44320,-
PA14_44490,anr
PA14_44840,-
PA14_45150,-
PA14_45440,-
PA14_45740,fliR
PA14_45770,fliP
PA14_45810,fliL
PA14_45840,-
PA14_46020,-
PA14_46360,-
PA14_46720,-
PA14_46740,-
PA14_46760,-
PA14_46780,-
PA14_46830,-
PA14_47130,-
PA14_47160,cyoD
PA14_47310,phnR
PA14_47790,cobO
PA14_47880,-
PA14_48320,-
PA14_48330,-
PA14_48510,-
PA14_48540,-
PA14_48760,ycaC
PA14_48940,coaB
PA14_48990,-
PA14_49230,napD
PA14_49340,pcpS
PA14_49700,-
PA14_49730,-
PA14_49870,-
PA14_49910,-
PA14_50110,fliH
PA14_50280,flaG
PA14_50640,-
PA14_50680,phaG
PA14_50720,phaC
PA14_50750,-
PA14_50910,-
PA14_51060,-
PA14_51110,-
PA14_51200,-
PA14_51510,-
PA14_51890,-
PA14_51980,-
PA14_52290,-
PA14_52330,-
PA14_52430,yehS
PA14_52480,-
PA14_52850,-
PA14_53000,phhB
PA14_53030,yaeJ
PA14_53100,-
PA14_53190,bolA
PA14_53230,-
PA14_53300,-
PA14_53740,-
PA14_53840,-
PA14_53910,pmtA
PA14_54120,-
PA14_54750,-
PA14_55140,-
PA14_55460,hxcZ
PA14_55500,hxcV
PA14_55530,hxcW
PA14_55550,-
PA14_55570,pigB
PA14_55840,-
PA14_56360,-
PA14_56420,-
PA14_56510,-
PA14_56640,-
PA14_56740,iciA
PA14_56980,crcB
PA14_57080,-
PA14_57250,-
PA14_57510,-
PA14_57680,-
PA14_57950,-
PA14_58780,coaE
PA14_59150,-
PA14_59340,pilT2
PA14_59570,-
PA14_59680,-
PA14_59850,-
PA14_59860,-
PA14_60010,-
PA14_60040,-
PA14_60450,rpmA
PA14_60520,-
PA14_60690,-
PA14_60930,-
PA14_61270,-
PA14_61380,-
PA14_61410,-
PA14_61450,-
PA14_61890,-
PA14_62170,-
PA14_62570,-
PA14_62670,-
PA14_62690,-
PA14_62880,yhbY
PA14_62990,grpE
PA14_63110,-
PA14_63150,pmrA
PA14_63270,-
PA14_63290,phaJ3
PA14_64010,-
PA14_64300,-
PA14_64480,osmE
PA14_64660,ureF
PA14_64680,ureJ
PA14_64700,-
PA14_65000,azu
PA14_65150,rplI
PA14_65310,hfq
PA14_65710,aspP
PA14_65840,-
PA14_65990,qacH
PA14_66940,hisI
PA14_66950,hisE
PA14_66970,tatB
PA14_67140,-
PA14_67620,-
PA14_67900,-
PA14_68640,-
PA14_68830,-
PA14_68860,gcvH1
PA14_69010,-
PA14_69020,-
PA14_69270,-
PA14_69320,-
PA14_69330,-
PA14_69720,-
PA14_69810,glnK
PA14_69940,xpt
PA14_70650,glcG
PA14_71200,-
PA14_71360,-
PA14_71780,-
PA14_72080,-
PA14_72130,-
PA14_72590,znuB
PA14_73100,-
PA14_73230,atpC
PA14_00660,-
PA14_01030,-
PA14_01430,-
PA14_01490,-
PA14_01510,-
PA14_01550,-
PA14_01710,ahpC
PA14_01890,pcaQ
PA14_02130,-
PA14_02230,cheW
PA14_02250,cheA
PA14_02300,-
PA14_02560,mdcB
PA14_02770,pcaJ
PA14_02830,pcaB
PA14_02840,pcaD
PA14_02960,-
PA14_03020,aroE
PA14_03080,-
PA14_03150,-
PA14_03470,-
PA14_03490,-
PA14_03590,-
PA14_03620,-
PA14_03650,cysA
PA14_04650,pfpI
PA14_04830,-
PA14_04960,-
PA14_05000,micA
PA14_05030,-
PA14_05130,-
PA14_05150,proC
PA14_05270,-
PA14_05290,algH
PA14_05600,-
PA14_06010,-
PA14_06260,-
PA14_06280,-
PA14_06360,comF
PA14_07020,-
PA14_07110,-
PA14_07330,-
PA14_07355,-
PA14_07400,-
PA14_07410,-
PA14_07580,-
PA14_07690,glpE
PA14_07710,apaG
PA14_08200,-
PA14_08220,-
PA14_08230,-
PA14_08250,-
PA14_08400,-
PA14_08510,yadR
PA14_08710,nusG
PA14_08720,rplK
PA14_09010,rplR
PA14_09200,ssb
PA14_09290,pchG
PA14_09690,-
PA14_09760,-
PA14_09810,-
PA14_09920,-
PA14_10080,-
PA14_10140,fepG
PA14_10180,fepC
PA14_10300,-
PA14_10890,-
PA14_11060,cupB1
PA14_11530,-
PA14_11860,-
PA14_11890,-
PA14_11920,-
PA14_12440,-
PA14_12540,-
PA14_12640,-
PA14_12850,-
PA14_13450,fecR
PA14_13680,-
PA14_14000,-
PA14_14520,-
PA14_14820,ndk
PA14_15090,-
PA14_15480,-
PA14_15680,cumB
PA14_16000,rplS
PA14_16010,-
PA14_16020,-
PA14_16160,-
PA14_16210,-
PA14_16460,wspD
PA14_16770,-
PA14_16840,-
PA14_17520,cinA
PA14_17540,recX
PA14_17670,-
PA14_17790,-
PA14_18050,-
PA14_18060,-
PA14_18140,mmsB
PA14_18160,-
PA14_18340,-
PA14_18670,bfrB
PA14_18690,ahpC
PA14_18720,motY
PA14_18890,rnfE
PA14_19380,-
PA14_19490,lsfA
PA14_19610,-
PA14_19930,-
PA14_19960,-
PA14_20120,-
PA14_20130,yeiE
PA14_20150,nosL
PA14_20170,nosY
PA14_20250,-
PA14_20270,rhlG
PA14_20330,phnE
PA14_20360,-
PA14_20440,phnN
PA14_20491,-
PA14_20590,amiR
PA14_21440,-
PA14_21790,rdgC
PA14_21830,-
PA14_21860,-
PA14_22000,-
PA14_22040,minC
PA14_23080,pgl
PA14_23120,-
PA14_23320,cmk
PA14_23350,orfA
PA14_23480,-
PA14_23770,yafE
PA14_24060,xcpW
PA14_24350,-
PA14_24880,-
PA14_24890,mobA
PA14_24900,moaB2
PA14_25050,-
PA14_25180,psrA
PA14_25220,-
PA14_25440,lolD
PA14_25470,-
PA14_26110,-
PA14_26140,-
PA14_26270,-
PA14_26360,btuC
PA14_26460,cobK
PA14_26500,cobH
PA14_26850,-
PA14_27120,-
PA14_27130,greB
PA14_27360,-
PA14_27510,msrB
PA14_27520,gpo
PA14_27690,fecI
PA14_28110,-
PA14_28320,-
PA14_28380,-
PA14_28520,-
PA14_28560,-
PA14_28930,-
PA14_29600,-
PA14_30030,-
PA14_30140,-
PA14_30560,-
PA14_30770,-
PA14_30900,trbJ
PA14_31080,-
PA14_31100,-
PA14_31150,-
PA14_31300,-
PA14_31740,-
PA14_32200,-
PA14_32220,catB
PA14_32340,-
PA14_32350,-
PA14_32370,-
PA14_32580,-
PA14_32710,-
PA14_33460,-
PA14_33570,-
PA14_33840,-
PA14_34030,-
PA14_34110,-
PA14_34460,-
PA14_34690,-
PA14_34720,-
PA14_34730,-
PA14_34780,-
PA14_35360,kguE
PA14_36270,-
PA14_36460,-
PA14_36830,-
PA14_37150,-
PA14_37320,-
PA14_37910,-
PA14_37950,cynT
PA14_37965,cynS
PA14_38290,-
PA14_38430,gnyR
PA14_38500,-
PA14_38850,exaB
PA14_39180,-
PA14_39280,rbsK
PA14_39730,-
PA14_40060,-
PA14_40180,-
PA14_40560,-
PA14_41390,ppiB
PA14_41860,-
PA14_41880,-
PA14_41950,-
PA14_42400,exsB
PA14_42490,pcrR
PA14_42610,pscQ
PA14_42730,-
PA14_42820,-
PA14_43570,-
PA14_43630,-
PA14_44160,-
PA14_44200,-
PA14_44520,ydgF
PA14_44930,-
PA14_45210,-
PA14_45410,-
PA14_45430,-
PA14_45500,cheW
PA14_45560,motC
PA14_45610,cheZ
PA14_45980,yjaB
PA14_46080,-
PA14_46310,-
PA14_47030,-
PA14_47110,yybH
PA14_47410,ycgN
PA14_47820,-
PA14_48040,aprI
PA14_48310,-
PA14_48390,yeaM
PA14_48920,-
PA14_48970,-
PA14_49010,-
PA14_49020,-
PA14_49260,napB
PA14_49350,-
PA14_49440,-
PA14_49530,-
PA14_49820,cobB
PA14_49900,-
PA14_50030,-
PA14_50080,fliJ
PA14_50440,flgF
PA14_50500,-
PA14_50790,yeaG
PA14_50850,-
PA14_50940,-
PA14_51540,-
PA14_51640,-
PA14_51930,helX
PA14_52090,-
PA14_52465,-
PA14_53200,-
PA14_53370,plcR
PA14_53430,slyD
PA14_53510,ycbL
PA14_53630,-
PA14_54050,-
PA14_54190,pruR
PA14_54240,-
PA14_54330,rnc
PA14_54400,mucC
PA14_54640,-
PA14_54720,-
PA14_54850,-
PA14_55090,-
PA14_55340,exbD2
PA14_55490,hxcT
PA14_55710,-
PA14_55860,-
PA14_56620,-
PA14_56770,-
PA14_57460,-
PA14_57690,-
PA14_57890,yrbH
PA14_57960,ptsN
PA14_58010,-
PA14_58060,-
PA14_58500,-
PA14_58670,ampD
PA14_58820,-
PA14_58830,-
PA14_58970,-
PA14_59010,-
PA14_59160,-
PA14_59170,-
PA14_59280,pilP2
PA14_59470,-
PA14_59560,-
PA14_59600,-
PA14_60360,lspA
PA14_60410,-
PA14_60530,-
PA14_60570,-
PA14_60790,-
PA14_60960,-
PA14_61845,-
PA14_62240,-
PA14_62390,-
PA14_62490,dksA
PA14_62720,rpsO
PA14_62890,-
PA14_62900,greA
PA14_62940,dapB
PA14_63040,yfjF
PA14_63060,smpB
PA14_63170,cueR
PA14_63370,-
PA14_63430,-
PA14_63470,-
PA14_63720,-
PA14_63740,-
PA14_63880,-
PA14_64100,accB
PA14_64240,-
PA14_64650,ureE
PA14_64670,ureG
PA14_64860,livF
PA14_64940,-
PA14_65190,yjfH
PA14_65420,-
PA14_65630,-
PA14_65900,-
PA14_65970,-
PA14_66610,aroK
PA14_66760,-
PA14_66875,phaF
PA14_66990,-
PA14_67010,-
PA14_67030,-
PA14_67120,-
PA14_67410,-
PA14_67930,hisB
PA14_68560,drgA
PA14_68800,-
PA14_68840,-
PA14_69050,-
PA14_69200,trxA
PA14_69260,elbB
PA14_69280,-
PA14_69390,algQ
PA14_69970,cycB
PA14_70260,dut
PA14_70280,argB
PA14_70370,pyrE
PA14_70430,yicC
PA14_70510,-
PA14_70590,-
PA14_71090,yeiE
PA14_71150,-
PA14_71460,glyA1
PA14_71580,-
PA14_72030,-
PA14_72180,-
PA14_72500,-
PA14_72560,np20
PA14_72620,abc
PA14_72720,-
PA14_72880,fabG
PA14_72900,-
PA14_72920,-
PA14_73060,cynT
PA14_00130,-
PA14_00190,fmt
PA14_00230,smf
PA14_00430,bvga
PA14_00580,-
PA14_00890,-
PA14_00980,-
PA14_01010,-
PA14_01190,-
PA14_01240,-
PA14_01500,-
PA14_01670,-
PA14_02260,cheY
PA14_02330,atsC
PA14_02340,atsB
PA14_02590,mdcE
PA14_02790,pcaF
PA14_03100,-
PA14_03163,-
PA14_03210,-
PA14_04150,ycgM
PA14_04250,-
PA14_04310,rpiA
PA14_04680,-
PA14_04860,yhhF
PA14_04910,ftsE
PA14_05430,chpE
PA14_05510,yceI
PA14_05890,-
PA14_06060,-
PA14_06150,-
PA14_06180,fiuI
PA14_06310,-
PA14_06340,modR
PA14_06570,bioD
PA14_06710,nirD
PA14_06970,-
PA14_07210,-
PA14_07310,-
PA14_07380,-
PA14_07440,-
PA14_07700,apaH
PA14_07840,uhpA
PA14_08040,gpI
PA14_08090,gpFII
PA14_08160,lys
PA14_08370,vfr
PA14_08980,rpsN
PA14_09090,rpsK
PA14_09130,rplQ
PA14_10570,hpcH
PA14_10800,-
PA14_10840,-
PA14_11130,-
PA14_11230,-
PA14_11340,trx-1
PA14_11350,-
PA14_11410,ribC
PA14_11450,nusB
PA14_11590,-
PA14_12270,-
PA14_12400,thiE
PA14_13260,moaB1
PA14_13610,-
PA14_13660,-
PA14_13670,-
PA14_13840,-
PA14_14160,-
PA14_14430,-
PA14_14710,-
PA14_15210,-
PA14_15240,-
PA14_15475,merT
PA14_15560,-
PA14_15870,-
PA14_15910,-
PA14_16150,-
PA14_16440,wspB
PA14_16640,-
PA14_16790,-
PA14_17080,pyrH
PA14_17100,frr
PA14_17190,fabZ
PA14_17280,mesJ
PA14_17460,pcm
PA14_17600,-
PA14_17620,potC
PA14_17990,ybaK
PA14_18080,-
PA14_19065,mrp
PA14_19480,-
PA14_19520,ssuB
PA14_19570,ssuC
PA14_19630,folE1
PA14_19740,-
PA14_19860,-
PA14_20300,phnC
PA14_20400,phnK
PA14_20550,-
PA14_20800,-
PA14_20950,fabH2
PA14_20960,-
PA14_20980,-
PA14_21070,-
PA14_21160,-
PA14_21510,-
PA14_21550,-
PA14_21600,-
PA14_21680,-
PA14_21710,-
PA14_21720,-
PA14_22220,-
PA14_22230,-
PA14_22340,yjcH
PA14_22450,ppiA
PA14_22460,-
PA14_22580,-
PA14_22700,ykgJ
PA14_22710,ydjA
PA14_22800,yciB
PA14_22840,ypuG
PA14_22940,gltR
PA14_23220,-
PA14_23630,-
PA14_23950,-
PA14_23980,xcpP
PA14_24500,pelC
PA14_24820,-
PA14_24840,-
PA14_24980,-
PA14_25195,nagZ
PA14_25400,ugpQ
PA14_25610,maf-1
PA14_25710,pabC
PA14_25760,holB
PA14_26000,-
PA14_26280,-
PA14_26570,-
PA14_26890,pyrF
PA14_27070,-
PA14_27450,-
PA14_27950,-
PA14_28030,-
PA14_28150,-
PA14_28780,-
PA14_28940,-
PA14_29060,-
PA14_29110,cysK
PA14_29290,-
PA14_29530,hplV
PA14_30020,nuoA
PA14_30090,-
PA14_30160,mutT
PA14_30270,aat
PA14_30670,-
PA14_30820,-
PA14_30940,trbB
PA14_31130,-
PA14_31220,-
PA14_31440,-
PA14_31460,-
PA14_31700,-
PA14_32360,-
PA14_33010,glyA2
PA14_33590,-
PA14_33920,-
PA14_34100,-
PA14_34180,msuE
PA14_34270,metN-1
PA14_34850,-
PA14_35010,-
PA14_35040,-
PA14_35300,-
PA14_35500,-
PA14_35950,-
PA14_36180,-
PA14_36780,-
PA14_37060,-
PA14_37510,-
PA14_37580,lrp
PA14_37780,-
PA14_37940,cynR
PA14_38050,-
PA14_38060,-
PA14_38300,grp
PA14_38380,amrR
PA14_38630,atoB
PA14_38640,scoB
PA14_38660,scoA
PA14_38680,-
PA14_38900,exaE
PA14_38930,glpR
PA14_39150,acpD
PA14_39160,-
PA14_39210,nadR
PA14_39540,-
PA14_39660,-
PA14_39800,-
PA14_39870,apaH
PA14_40270,-
PA14_40410,modB
PA14_40650,-
PA14_40660,-
PA14_40780,-
PA14_40800,-
PA14_40850,gpmA
PA14_41260,-
PA14_41440,uspA
PA14_42090,-
PA14_42260,pscK
PA14_42640,pscT
PA14_42700,alkA
PA14_42780,-
PA14_42860,-
PA14_42890,stp1
PA14_43040,-
PA14_43170,-
PA14_43230,-
PA14_43370,kdpC
PA14_43600,-
PA14_43880,-
PA14_44050,sdhD
PA14_44060,sdhC
PA14_44110,-
PA14_44180,-
PA14_44430,-
PA14_44460,-
PA14_44540,-
PA14_44690,-
PA14_45300,-
PA14_45330,ccmE
PA14_45450,-
PA14_45510,-
PA14_45910,-
PA14_46000,-
PA14_46070,gbuA
PA14_46250,-
PA14_46440,-
PA14_46480,-
PA14_46490,fabF2
PA14_46660,-
PA14_46890,-
PA14_47180,cyoC
PA14_47530,-
PA14_47610,-
PA14_47650,cobV
PA14_47670,-
PA14_47970,-
PA14_48420,-
PA14_48730,-
PA14_49290,-
PA14_49660,-
PA14_49750,-
PA14_49850,-
PA14_49880,-
PA14_50200,fleS
PA14_50250,fliS
PA14_50430,flgG
PA14_50460,flgD
PA14_50470,flgC
PA14_50480,flgB
PA14_50560,braG
PA14_50620,-
PA14_50760,-
PA14_50800,pdxH
PA14_50810,-
PA14_50900,-
PA14_51280,-
PA14_51420,pqsB
PA14_51480,-
PA14_51800,ruvC
PA14_51840,-
PA14_51860,-
PA14_51940,-
PA14_52110,-
PA14_52500,-
PA14_52510,-
PA14_52890,-
PA14_52960,-
PA14_53420,btuE
PA14_53860,-
PA14_54090,-
PA14_54260,yecO
PA14_54300,recO
PA14_54410,mucB
PA14_54460,-
PA14_54510,-
PA14_54550,-
PA14_54580,-
PA14_54590,ung
PA14_55470,hxcY
PA14_55520,hxcU
PA14_55850,-
PA14_56190,-
PA14_56550,-
PA14_56600,-
PA14_56750,-
PA14_56800,-
PA14_57020,groES
PA14_57050,-
PA14_57490,-
PA14_57900,-
PA14_57930,-
PA14_57990,-
PA14_58120,mreD
PA14_58210,-
PA14_58260,-
PA14_58300,-
PA14_58930,-
PA14_59000,-
PA14_59020,-
PA14_59090,-
PA14_59320,pilS2
PA14_59670,-
PA14_59930,-
PA14_60670,rtcA
PA14_61020,ankB
PA14_61050,mscL
PA14_61320,-
PA14_61530,csuC
PA14_61860,yadF
PA14_62280,phuV
PA14_62380,-
PA14_62420,-
PA14_62580,panB
PA14_63390,-
PA14_63680,-
PA14_64310,-
PA14_64335,ureD
PA14_64820,-
PA14_64840,-
PA14_64930,-
PA14_64980,nadE
PA14_65010,-
PA14_65170,rpsR
PA14_65180,rpsF
PA14_65470,-
PA14_65580,ybcI
PA14_65590,-
PA14_65690,icc
PA14_65700,-
PA14_65880,dmsR
PA14_66420,ytnM
PA14_67020,-
PA14_67170,-
PA14_67820,-
PA14_67890,-
PA14_67920,hisH1
PA14_68040,fixR
PA14_69100,-
PA14_69370,algP
PA14_69400,dsbH
PA14_69470,algR
PA14_70170,-
PA14_70230,radC
PA14_70440,gmk
PA14_70790,-
PA14_70970,-
PA14_71020,-
PA14_71190,-
PA14_71310,etfB-1
PA14_71490,soxD
PA14_71510,soxG
PA14_72050,-
PA14_72260,-
PA14_72360,-
PA14_72460,cc4
PA14_72600,-
PA14_72980,-
PA14_73030,-
PA14_73280,atpH
PA14_73320,atpI
PA14_00200,def
PA14_00240,-
PA14_00290,aroE
PA14_00440,trpA
PA14_00590,-
PA14_00730,-
PA14_00770,-
PA14_01040,-
PA14_01310,coxG
PA14_01440,-
PA14_01480,-
PA14_01540,-
PA14_01910,pcaG
PA14_02070,-
PA14_02620,mdcH
PA14_02930,-
PA14_02970,-
PA14_03170,-
PA14_04010,-
PA14_04020,-
PA14_04050,-
PA14_04350,-
PA14_04390,ygdP
PA14_04710,-
PA14_04950,mtgA
PA14_05210,-
PA14_05420,-
PA14_06300,-
PA14_06420,-
PA14_06660,nirE
PA14_06700,nirL
PA14_06790,nirO
PA14_06930,-
PA14_06940,-
PA14_07250,-
PA14_07260,-
PA14_07360,-
PA14_07860,-
PA14_07910,rpe
PA14_07930,gph
PA14_07980,-
PA14_08000,-
PA14_08470,-
PA14_08810,rpsG
PA14_08840,rpsJ
PA14_08870,rplW
PA14_08990,rpsH
PA14_09000,rplF
PA14_09160,bfrA
PA14_09320,pchI
PA14_09570,-
PA14_09790,-
PA14_09870,-
PA14_10050,-
PA14_10190,-
PA14_10400,-
PA14_10910,phlE
PA14_11090,cupB4
PA14_11280,-
PA14_11460,thiL
PA14_11490,-
PA14_11510,ribA
PA14_11650,-
PA14_12130,lis
PA14_12200,holA
PA14_12210,-
PA14_12300,-
PA14_12410,-
PA14_12620,-
PA14_12700,-
PA14_12780,-
PA14_12840,-
PA14_12920,-
PA14_12960,-
PA14_12970,tauD
PA14_13090,-
PA14_13200,-
PA14_13280,moeA1
PA14_13420,-
PA14_13500,-
PA14_13830,narI
PA14_13850,moaA1
PA14_13870,-
PA14_13970,-
PA14_14080,estB
PA14_14170,-
PA14_14250,-
PA14_14390,-
PA14_14700,cysE
PA14_14880,-
PA14_15000,-
PA14_15430,tnpR
PA14_15510,traJ
PA14_16280,-
PA14_16310,-
PA14_16370,-
PA14_16560,-
PA14_16590,-
PA14_16680,-
PA14_16700,adk
PA14_16870,-
PA14_17110,uppS
PA14_17340,ispD
PA14_17640,potA
PA14_17650,-
PA14_17700,rpmE
PA14_17850,fadB
PA14_17920,glpM
PA14_18210,-
PA14_18310,-
PA14_18700,rnt
PA14_18950,rnfA
PA14_19030,-
PA14_19120,rhlR
PA14_19170,yafL
PA14_19290,srmB
PA14_19530,ssuE
PA14_19670,-
PA14_19710,-
PA14_19990,-
PA14_20080,-
PA14_20240,-
PA14_20420,-
PA14_20690,-
PA14_20700,-
PA14_21150,-
PA14_21250,alkB
PA14_21590,-
PA14_21640,-
PA14_21650,-
PA14_22380,-
PA14_22420,-
PA14_22470,-
PA14_22560,-
PA14_22630,-
PA14_22670,yrbF
PA14_22820,yciV
PA14_23130,-
PA14_23610,-
PA14_23670,-
PA14_23680,ibpA
PA14_23730,-
PA14_23750,-
PA14_23760,-
PA14_23850,trpF
PA14_23900,cvpA
PA14_24020,xcpT
PA14_24190,-
PA14_24310,-
PA14_24570,-
PA14_24810,-
PA14_25030,-
PA14_25090,foaB
PA14_25130,-
PA14_25330,nqrD
PA14_25540,ptpA
PA14_25590,-
PA14_25740,tmk
PA14_25830,-
PA14_26260,-
PA14_26485,-
PA14_26730,-
PA14_26760,-
PA14_26810,-
PA14_27090,lipH
PA14_27270,-
PA14_27440,trpR
PA14_27460,tpm
PA14_27770,yadG
PA14_27800,-
PA14_27810,-
PA14_27890,-
PA14_28280,-
PA14_28350,-
PA14_28420,-
PA14_28430,-
PA14_28450,eco
PA14_28730,-
PA14_28910,-
PA14_29100,-
PA14_29730,-
PA14_29900,nuoJ
PA14_29980,nuoE
PA14_30310,lolA
PA14_30710,-
PA14_30800,-
PA14_31530,-
PA14_32150,-
PA14_32460,-
PA14_32490,-
PA14_32660,-
PA14_33520,-
PA14_33890,aldG
PA14_34080,-
PA14_34260,metI-1
PA14_34790,-
PA14_35080,arsH
PA14_35210,-
PA14_35390,pvcD
PA14_35720,-
PA14_36030,-
PA14_36300,-
PA14_36360,-
PA14_36680,-
PA14_37040,-
PA14_37080,-
PA14_37290,-
PA14_37370,-
PA14_37430,-
PA14_37660,-
PA14_37990,-
PA14_38160,azlC
PA14_38170,-
PA14_38270,-
PA14_38550,maiA
PA14_38820,pqqB
PA14_39190,bacA
PA14_39350,rbsB
PA14_39810,-
PA14_39850,-
PA14_39960,phzB2
PA14_40220,-
PA14_40490,yedI
PA14_40890,-
PA14_41050,dnaQ
PA14_41080,-
PA14_42030,-
PA14_42270,pscJ
PA14_42620,pscR
PA14_42870,-
PA14_43480,-
PA14_43580,-
PA14_43640,gpsA
PA14_43940,sucD
PA14_44570,-
PA14_44760,-
PA14_44780,-
PA14_44860,allA
PA14_45260,-
PA14_45290,ccmH
PA14_46170,yneJ
PA14_46290,-
PA14_46380,-
PA14_46430,-
PA14_46650,-
PA14_47060,-
PA14_47330,yafJ
PA14_47720,cobC
PA14_47850,-
PA14_47890,-
PA14_47910,-
PA14_47950,-
PA14_48030,-
PA14_48440,-
PA14_48550,-
PA14_48740,yieF
PA14_48780,-
PA14_48790,-
PA14_49100,yfcG
PA14_49200,oprH
PA14_49620,-
PA14_49640,-
PA14_49690,-
PA14_49760,rhlC
PA14_49780,-
PA14_50020,-
PA14_50550,braF
PA14_50740,-
PA14_50890,-
PA14_50930,-
PA14_51520,spcU
PA14_51590,-
PA14_51610,-
PA14_51770,ybgC
PA14_52000,-
PA14_52010,-
PA14_52070,-
PA14_52140,yaiL
PA14_53040,-
PA14_53160,-
PA14_53330,-
PA14_53640,-
PA14_53650,-
PA14_53720,-
PA14_53980,-
PA14_54340,-
PA14_54420,mucA
PA14_54670,-
PA14_54680,-
PA14_54860,-
PA14_55130,gloA2
PA14_55240,-
PA14_55290,-
PA14_55300,-
PA14_55330,-
PA14_55440,hxcR
PA14_55480,hxcX
PA14_55900,-
PA14_56090,-
PA14_56160,moxR
PA14_56250,-
PA14_56370,-
PA14_56590,-
PA14_56810,-
PA14_56930,-
PA14_57275,ftsZ
PA14_57450,mraW
PA14_57500,-
PA14_57520,sspB
PA14_57580,rpsI
PA14_57920,-
PA14_58330,-
PA14_58770,-
PA14_58810,-
PA14_58840,-
PA14_59120,-
PA14_59500,-
PA14_59640,-
PA14_59890,-
PA14_59950,-
PA14_60060,-
PA14_60200,-
PA14_60380,ribF
PA14_60590,-
PA14_60810,nfxB
PA14_60990,radA
PA14_61260,-
PA14_61440,-
PA14_61460,hpt
PA14_61670,moeB
PA14_61820,ychF
PA14_62300,phuT
PA14_62330,phuS
PA14_62430,-
PA14_62660,-
PA14_62920,yeaS
PA14_63540,selA
PA14_63570,fdnI
PA14_63750,-
PA14_64090,aroQ1
PA14_64140,prmA
PA14_64170,-
PA14_64360,yncA
PA14_64430,-
PA14_64550,-
PA14_64780,-
PA14_65430,motB
PA14_65640,-
PA14_66310,-
PA14_66450,-
PA14_67270,proV
PA14_67280,proW
PA14_67370,-
PA14_67470,-
PA14_67500,gloA3
PA14_67880,hisF1
PA14_68060,-
PA14_68070,-
PA14_68210,rmlC
PA14_68420,-
PA14_68460,-
PA14_68480,-
PA14_68620,-
PA14_68630,hslR
PA14_68700,-
PA14_68955,-
PA14_69780,-
PA14_70240,-
PA14_70360,-
PA14_70490,-
PA14_70800,phoU
PA14_71000,-
PA14_71140,-
PA14_71230,-
PA14_71300,etfA-1
PA14_71620,purE
PA14_71640,-
PA14_71960,wzm
PA14_72510,thrB
PA14_72970,tonB
PA14_72990,-
PA14_73190,glmR
PA14_73330,parB
PA14_73360,gidB
PA14_73390,-
PA14_00140,-
PA14_00460,trpI
PA14_00680,-
PA14_00690,-
PA14_00850,-
PA14_00925,-
PA14_01350,-
PA14_01360,ctaA
PA14_01390,-
PA14_01400,elaA
PA14_01410,-
PA14_01690,-
PA14_01790,-
PA14_02180,-
PA14_02380,-
PA14_02650,-
PA14_02660,-
PA14_02730,-
PA14_02910,-
PA14_03390,-
PA14_03400,-
PA14_03560,-
PA14_03610,ycaL
PA14_03670,cysW
PA14_03770,speB1
PA14_04090,fliY
PA14_04340,-
PA14_04440,-
PA14_04490,-
PA14_04510,-
PA14_04670,mutM
PA14_04900,ftsY
PA14_05260,pyrB
PA14_06170,fiuR
PA14_06870,-
PA14_06880,-
PA14_06920,-
PA14_07010,-
PA14_07060,-
PA14_07140,-
PA14_07240,-
PA14_07290,ygjP
PA14_07790,-
PA14_07800,djlA
PA14_08010,gpV
PA14_08260,-
PA14_08320,-
PA14_08350,trpD
PA14_08360,trpC
PA14_08430,-
PA14_09020,rpsE
PA14_09080,rpsM
PA14_09370,-
PA14_09380,-
PA14_09580,-
PA14_09610,-
PA14_09770,-
PA14_10410,-
PA14_10590,hpcG
PA14_10650,-
PA14_10710,-
PA14_10740,-
PA14_10900,-
PA14_11170,-
PA14_11180,-
PA14_11400,-
PA14_11560,ispA
PA14_11680,-
PA14_11690,ppa
PA14_11720,-
PA14_11760,eutC
PA14_12120,lipB
PA14_12570,-
PA14_12690,-
PA14_12770,-
PA14_13580,-
PA14_14280,-
PA14_14290,-
PA14_14380,-
PA14_14660,ycfJ
PA14_15100,-
PA14_15190,-
PA14_15230,xseA
PA14_15810,-
PA14_15830,-
PA14_15940,-
PA14_16550,-
PA14_16740,-
PA14_17310,kdsA
PA14_17440,-
PA14_17880,paaJ
PA14_18410,algF
PA14_18660,-
PA14_18910,rnfD
PA14_19210,-
PA14_19510,ssuC
PA14_19640,ydgB
PA14_19910,pdhB
PA14_19920,-
PA14_19940,-
PA14_20070,-
PA14_20180,nosF
PA14_20260,-
PA14_20450,phnP
PA14_20570,amiB
PA14_20620,-
PA14_21130,-
PA14_21460,-
PA14_21540,fabH-2
PA14_21660,-
PA14_21820,-
PA14_21910,-
PA14_22075,-
PA14_22490,acpD
PA14_22680,yrbE
PA14_23050,-
PA14_23060,hexR
PA14_23170,hutG
PA14_23190,-
PA14_23210,-
PA14_23530,mdr
PA14_23860,-
PA14_24400,-
PA14_24830,-
PA14_25100,-
PA14_25940,-
PA14_26050,-
PA14_26070,-
PA14_26160,-
PA14_26470,cbiD
PA14_26560,-
PA14_26600,-
PA14_26870,-
PA14_26880,-
PA14_26940,-
PA14_26980,-
PA14_27000,-
PA14_27280,-
PA14_27350,-
PA14_27490,-
PA14_27580,-
PA14_27590,-
PA14_27700,-
PA14_27755,yliJ
PA14_27910,-
PA14_28070,-
PA14_28170,yfdC
PA14_28200,-
PA14_28220,-
PA14_28440,-
PA14_28680,rplT
PA14_29150,-
PA14_29210,tetV
PA14_29340,-
PA14_29510,hplT
PA14_29740,-
PA14_29830,-
PA14_30080,-
PA14_31000,-
PA14_31090,-
PA14_31180,-
PA14_31340,-
PA14_31630,-
PA14_31990,czcB
PA14_32130,xylL
PA14_32410,-
PA14_32500,-
PA14_32530,-
PA14_32600,-
PA14_32650,-
PA14_32700,-
PA14_33110,-
PA14_33170,-
PA14_33320,-
PA14_33440,-
PA14_33940,-
PA14_34140,-
PA14_34300,-
PA14_34370,mtlk
PA14_34520,srpM
PA14_34630,gnuT
PA14_34880,-
PA14_35030,-
PA14_35340,kguK
PA14_35440,ansA
PA14_35540,bkdR
PA14_35620,pslK
PA14_35710,-
PA14_35750,tpnC
PA14_36010,-
PA14_36100,-
PA14_36200,-
PA14_36230,glnP
PA14_36410,-
PA14_37000,-
PA14_37140,-
PA14_37220,-
PA14_37360,-
PA14_37470,-
PA14_37590,kynB
PA14_38340,-
PA14_38470,gnyH
PA14_38910,exaD
PA14_39790,-
PA14_40440,-
PA14_40630,yhgI
PA14_40700,-
PA14_40790,-
PA14_40950,nudC
PA14_41240,clpP
PA14_41430,miaE
PA14_41450,-
PA14_41830,thrH
PA14_41980,-
PA14_42120,-
PA14_42550,popN
PA14_42770,-
PA14_42850,folE2
PA14_42940,-
PA14_43180,-
PA14_43320,glsA
PA14_43520,-
PA14_43680,-
PA14_43890,-
PA14_44000,-
PA14_44020,-
PA14_44080,-
PA14_44610,recR
PA14_44650,-
PA14_44820,-
PA14_45090,-
PA14_45370,ccmB
PA14_45800,fliM
PA14_45830,-
PA14_45850,-
PA14_45880,-
PA14_45950,rsaL
PA14_46300,-
PA14_46330,-
PA14_46340,-
PA14_46420,-
PA14_46610,-
PA14_46700,ybiF
PA14_46990,-
PA14_47270,-
PA14_47320,-
PA14_47390,-
PA14_47550,-
PA14_47640,-
PA14_47840,-
PA14_47900,-
PA14_48000,-
PA14_48020,-
PA14_48200,-
PA14_48490,-
PA14_48560,-
PA14_48620,-
PA14_48640,-
PA14_48660,-
PA14_48840,-
PA14_49040,-
PA14_49060,-
PA14_49150,-
PA14_50130,fliG
PA14_50410,flgI
PA14_50420,flgH
PA14_50630,-
PA14_50650,-
PA14_50880,-
PA14_50920,-
PA14_51010,-
PA14_51270,dapA
PA14_51290,bcp
PA14_51790,ruvA
PA14_51810,yebC
PA14_51830,-
PA14_52250,pirR
PA14_52810,dctM
PA14_52910,-
PA14_53220,fumC2
PA14_53550,-
PA14_53730,-
PA14_53790,-
PA14_54290,pdxJ
PA14_55100,-
PA14_55150,-
PA14_55560,pigC
PA14_55790,-
PA14_56100,-
PA14_56200,-
PA14_56380,-
PA14_56780,sodB
PA14_56960,-
PA14_57440,ftsL
PA14_57800,hisG
PA14_57850,-
PA14_58030,fumC1
PA14_58040,-
PA14_58450,dppC
PA14_58470,dppD
PA14_59360,pilM2
PA14_59430,-
PA14_59880,-
PA14_60050,-
PA14_60920,-
PA14_61140,-
PA14_61210,hprA
PA14_61500,-
PA14_61600,-
PA14_61620,-
PA14_61650,pagL
PA14_61680,-
PA14_61780,rplY
PA14_61790,pth
PA14_61870,-
PA14_61980,-
PA14_62150,ilvH
PA14_62290,phuU
PA14_62410,-
PA14_62470,sfsA
PA14_62590,panC
PA14_62600,panD
PA14_62810,secG
PA14_62830,tpiA
PA14_63190,-
PA14_63620,lipC
PA14_63780,-
PA14_63840,-
PA14_64320,-
PA14_64420,-
PA14_64520,-
PA14_64620,-
PA14_64870,braF
PA14_65050,-
PA14_65390,-
PA14_65410,orn
PA14_66010,-
PA14_66200,wapQ
PA14_66380,ycgO
PA14_66460,-
PA14_66790,hslU
PA14_66880,phaI
PA14_66900,-
PA14_67650,-
PA14_67710,trmH
PA14_67720,secB
PA14_67780,-
PA14_68250,-
PA14_68350,arcC
PA14_68380,nudE
PA14_68390,-
PA14_68490,-
PA14_68550,-
PA14_68670,-
PA14_68750,marC
PA14_68920,-
PA14_68970,-
PA14_69040,-
PA14_69190,rho
PA14_69450,hemC
PA14_69690,dapF
PA14_69710,sss
PA14_69840,-
PA14_69880,-
PA14_69980,-
PA14_70480,-
PA14_70560,-
PA14_70710,glcC
PA14_70740,-
PA14_71120,-
PA14_71340,-
PA14_71450,-
PA14_71570,-
PA14_71600,purK
PA14_72140,-
PA14_72480,engB
PA14_72580,znuC
PA14_72630,yaeE
PA14_72660,-
PA14_72770,-
PA14_72790,-
PA14_72810,-
PA14_73000,-
PA14_73050,-
PA14_73310,atpB
PA14_00320,-
PA14_00400,-
PA14_00700,-
PA14_01230,-
PA14_01270,-
PA14_01640,-
PA14_01900,pcaH
PA14_02090,-
PA14_02140,-
PA14_02190,cheD
PA14_02200,cheR
PA14_02360,atsR
PA14_03166,-
PA14_03530,-
PA14_03580,-
PA14_04080,yecS
PA14_04160,-
PA14_04230,-
PA14_04520,-
PA14_04980,thiG
PA14_05400,-
PA14_05500,-
PA14_05840,gcdH
PA14_05950,dbpA
PA14_06040,-
PA14_06130,-
PA14_06190,psfA
PA14_06270,catD
PA14_06320,rarD
PA14_06670,nirJ
PA14_06890,-
PA14_07190,pgk
PA14_07420,-
PA14_08280,-
PA14_08695,secE
PA14_08730,rplA
PA14_08850,rplC
PA14_08860,rplD
PA14_09230,pchC
PA14_09600,ddlA
PA14_09730,dapA
PA14_09950,-
PA14_10170,fepB
PA14_10210,-
PA14_10240,-
PA14_10920,dad
PA14_11190,styD
PA14_11240,-
PA14_11610,-
PA14_11750,-
PA14_11930,-
PA14_11970,-
PA14_12140,-
PA14_12370,-
PA14_12530,-
PA14_12610,cepA
PA14_13000,-
PA14_13040,cioB
PA14_13360,-
PA14_13590,-
PA14_13810,narJ
PA14_14420,-
PA14_14480,-
PA14_14690,-
PA14_14900,-
PA14_14960,yafV
PA14_15140,-
PA14_15435,-
PA14_15540,trbL
PA14_15840,-
PA14_15930,yfjD
PA14_16050,dsbC
PA14_16480,-
PA14_16670,cadR
PA14_16710,yeaZ
PA14_16800,-
PA14_16880,-
PA14_17050,map
PA14_17130,dxr
PA14_17220,lpxB
PA14_17270,-
PA14_17370,yedE
PA14_17480,rpoS
PA14_17660,-
PA14_17760,-
PA14_17940,-
PA14_18020,-
PA14_18200,-
PA14_18370,arnB
PA14_18430,algJ
PA14_18900,rnfG
PA14_19100,rhlA
PA14_19130,rhlI
PA14_19690,-
PA14_19700,-
PA14_20020,hasAp
PA14_20640,-
PA14_20750,-
PA14_21030,-
PA14_21080,toxR
PA14_21140,-
PA14_21890,qor
PA14_22650,-
PA14_22830,yciO
PA14_22930,glk
PA14_23010,gltK
PA14_23110,yciL
PA14_23160,gltS
PA14_23200,yciK
PA14_23700,-
PA14_24240,-
PA14_24620,-
PA14_25660,fabG
PA14_25880,etfA
PA14_25920,-
PA14_26230,hisQ
PA14_26350,-
PA14_26540,-
PA14_26650,-
PA14_26860,hpkR
PA14_27160,tesA
PA14_27200,-
PA14_27210,efp
PA14_27250,-
PA14_27390,-
PA14_27420,trpB
PA14_27560,-
PA14_27880,-
PA14_28310,-
PA14_28340,-
PA14_28390,-
PA14_28760,-
PA14_28970,-
PA14_28980,-
PA14_29000,-
PA14_29030,-
PA14_29070,-
PA14_29130,-
PA14_29200,-
PA14_29440,-
PA14_29570,-
PA14_29575,-
PA14_29820,-
PA14_29920,nuoI
PA14_30450,-
PA14_30650,gacA
PA14_30740,mdaB
PA14_30880,trbL
PA14_31390,-
PA14_31780,-
PA14_32540,-
PA14_32940,-
PA14_32970,-
PA14_33060,-
PA14_33130,-
PA14_33260,pvdS
PA14_33420,-
PA14_34000,-
PA14_34150,sfnR
PA14_34340,mtlZ
PA14_34350,mtlY
PA14_34410,mtlF
PA14_35060,-
PA14_35250,-
PA14_35320,kguD
PA14_35370,ptxS
PA14_35970,-
PA14_36150,-
PA14_36540,-
PA14_36660,-
PA14_37210,-
PA14_37810,pcoB
PA14_37830,iscS
PA14_37980,-
PA14_38140,-
PA14_38720,-
PA14_38950,-
PA14_39250,-
PA14_39300,rbsR
PA14_39330,rbsA
PA14_39710,nrdG
PA14_40280,-
PA14_40730,-
PA14_41070,-
PA14_41170,fabI
PA14_41350,-
PA14_41400,-
PA14_41690,-
PA14_42130,-
PA14_42250,pscL
PA14_42460,pcrH
PA14_42720,masA
PA14_42740,-
PA14_43150,-
PA14_43430,-
PA14_43530,-
PA14_43550,-
PA14_43660,-
PA14_43820,-
PA14_44120,-
PA14_44150,yijF
PA14_44280,ygdE
PA14_44850,alc
PA14_44950,ygfU
PA14_44980,-
PA14_45460,-
PA14_46240,-
PA14_46260,-
PA14_46630,-
PA14_46750,-
PA14_47080,-
PA14_47120,-
PA14_47240,-
PA14_47280,phnX
PA14_47520,-
PA14_48190,-
PA14_48410,-
PA14_48500,-
PA14_48650,yhhW
PA14_48710,-
PA14_49110,-
PA14_49180,phoP
PA14_49580,-
PA14_49680,-
PA14_50040,-
PA14_50310,-
PA14_50610,-
PA14_50970,yfcG
PA14_51250,yycJ
PA14_51490,-
PA14_51740,tolR
PA14_51750,tolQ
PA14_51990,wrbA
PA14_52160,mazG
PA14_52630,aruE
PA14_53090,-
PA14_53110,-
PA14_53410,-
PA14_53490,-
PA14_53530,-
PA14_53890,-
PA14_54230,-
PA14_54270,yecP
PA14_54320,era
PA14_54390,mucD
PA14_54490,-
PA14_55030,-
PA14_55160,toxR
PA14_55590,-
PA14_55920,-
PA14_56060,purU1
PA14_56520,-
PA14_56950,colR
PA14_57040,-
PA14_57140,-
PA14_57200,-
PA14_57320,ddlB
PA14_57570,-
PA14_57590,rplM
PA14_57760,algW
PA14_57880,-
PA14_58110,maf
PA14_58515,-
PA14_58530,-
PA14_58540,-
PA14_58620,-
PA14_58660,ampE
PA14_58700,nadC
PA14_59140,-
PA14_60120,dcd2
PA14_60330,lytB
PA14_60500,fklB
PA14_60850,mexC
PA14_60860,nfxB
PA14_61090,-
PA14_61470,upp
PA14_61510,-
PA14_61740,lolB
PA14_61880,rimI
PA14_61950,-
PA14_62030,-
PA14_62040,-
PA14_62100,-
PA14_62190,-
PA14_62270,phuW
PA14_62370,-
PA14_62850,folP
PA14_62870,rrmJ
PA14_63030,omlA
PA14_63200,-
PA14_63310,smtA
PA14_63350,-
PA14_63450,-
PA14_63530,selB
PA14_63550,fdhE
PA14_63890,-
PA14_63940,-
PA14_64280,-
PA14_64570,-
PA14_64690,-
PA14_64740,pchA
PA14_64850,-
PA14_65040,-
PA14_65500,psd
PA14_65960,-
PA14_66000,-
PA14_66160,-
PA14_66210,waaX
PA14_66250,waaF
PA14_66480,-
PA14_66700,-
PA14_67040,-
PA14_67450,blc
PA14_68080,-
PA14_68680,-
PA14_69110,-
PA14_69700,-
PA14_69795,amtB
PA14_70080,-
PA14_70680,glcE
PA14_70930,-
PA14_71100,yeiH
PA14_71170,-
PA14_71320,-
PA14_71700,-
PA14_71750,-
PA14_72210,-
PA14_72520,-
PA14_72550,znuA
PA14_72640,-
PA14_72700,-
PA14_72890,-
PA14_00550,-
PA14_00810,-
PA14_00990,-
PA14_01290,coxB
PA14_01780,-
PA14_01830,add
PA14_01940,-
PA14_02030,-
PA14_02110,-
PA14_02220,-
PA14_02470,pntB
PA14_02580,mdcD
PA14_02640,mcdM
PA14_02760,catI
PA14_03010,-
PA14_03550,cynX
PA14_03840,aguR
PA14_03860,-
PA14_03870,spuA
PA14_04040,-
PA14_04380,-
PA14_04460,-
PA14_04560,-
PA14_04660,-
PA14_05110,-
PA14_05180,pilT
PA14_05190,pilU
PA14_05200,czcD
PA14_05250,pyrC
PA14_05300,-
PA14_05310,gshB
PA14_05910,-
PA14_06030,-
PA14_06250,-
PA14_06770,nirQ
PA14_07340,-
PA14_07570,gcp
PA14_07630,-
PA14_07960,prtR
PA14_08270,-
PA14_08480,argC
PA14_08490,-
PA14_08520,-
PA14_08970,rplE
PA14_09195,yajR
PA14_09470,phzB1
PA14_09530,mexH
PA14_09990,-
PA14_10090,-
PA14_10320,-
PA14_10420,tyrS
PA14_10830,-
PA14_10980,-
PA14_11250,-
PA14_11740,-
PA14_13060,-
PA14_13350,-
PA14_13650,-
PA14_13690,-
PA14_14020,-
PA14_14470,pepA
PA14_14680,suhB
PA14_15160,-
PA14_15250,-
PA14_15260,-
PA14_15270,-
PA14_15860,-
PA14_15980,rimM
PA14_15990,trmD
PA14_16180,-
PA14_16380,-
PA14_16630,-
PA14_16780,-
PA14_16950,-
PA14_17060,rpsB
PA14_17120,cdsA
PA14_17210,lpxA
PA14_17720,-
PA14_17910,lipG
PA14_18360,-
PA14_18600,-
PA14_18610,argF
PA14_18880,nth
PA14_19090,dcd
PA14_19140,pheC
PA14_19430,-
PA14_19900,-
PA14_20140,fpr
PA14_20320,phnD
PA14_20740,flgA
PA14_20760,cheR
PA14_21040,-
PA14_21120,-
PA14_21175,-
PA14_21290,-
PA14_21900,-
PA14_21920,-
PA14_22020,minD
PA14_22330,-
PA14_22870,-
PA14_22980,gltB
PA14_23000,gltG
PA14_23100,mutT
PA14_23250,-
PA14_23640,-
PA14_23800,asd
PA14_24010,xcpS
PA14_24210,-
PA14_24220,-
PA14_24390,-
PA14_24420,-
PA14_24640,pyrD
PA14_25060,-
PA14_25210,-
PA14_25320,nqrC
PA14_25450,lolE
PA14_25550,murB
PA14_25780,ycfH
PA14_26240,hisJ
PA14_26310,-
PA14_26390,-
PA14_26530,-
PA14_26770,-
PA14_26830,-
PA14_26970,-
PA14_27020,mttC
PA14_27230,-
PA14_28040,-
PA14_28050,-
PA14_28590,mapB
PA14_29180,-
PA14_29320,-
PA14_29500,hplS
PA14_29660,-
PA14_29930,nuoH
PA14_30070,-
PA14_30540,-
PA14_30870,trbF
PA14_31200,-
PA14_31480,-
PA14_31540,acdA
PA14_31650,xthA
PA14_31750,-
PA14_31970,czcC
PA14_32100,xylY
PA14_32380,oprN
PA14_32450,-
PA14_32630,-
PA14_32670,-
PA14_32690,gtdA
PA14_33040,gcvT2
PA14_33080,-
PA14_33270,pvdG
PA14_33540,-
PA14_33980,-
PA14_34280,metQ-l
PA14_34320,-
PA14_34660,-
PA14_34700,-
PA14_34710,-
PA14_34750,tauD
PA14_34800,-
PA14_35150,-
PA14_35630,pslJ
PA14_35680,pslF
PA14_35850,-
PA14_35900,-
PA14_36590,malQ
PA14_36760,-
PA14_37270,-
PA14_37440,-
PA14_37680,-
PA14_37850,yejE
PA14_38220,-
PA14_38360,ugd
PA14_38420,-
PA14_38570,-
PA14_39010,pqqF
PA14_39360,-
PA14_39580,rimJ
PA14_40380,-
PA14_40620,-
PA14_42140,-
PA14_42340,pscD
PA14_42760,aroC
PA14_42910,-
PA14_43280,selD
PA14_43300,-
PA14_43310,-
PA14_43340,kdpE
PA14_43730,-
PA14_43840,-
PA14_44400,ccoP
PA14_44500,apt
PA14_44970,moaA2
PA14_45060,-
PA14_45470,-
PA14_45520,-
PA14_45540,motD
PA14_45580,-
PA14_45640,fleN
PA14_46200,-
PA14_46470,pdxB
PA14_46600,-
PA14_46900,-
PA14_46970,ansB
PA14_47370,-
PA14_47440,-
PA14_47500,sseA
PA14_47690,cobQ
PA14_47760,cobB
PA14_47860,-
PA14_47940,-
PA14_48800,-
PA14_48810,-
PA14_49630,-
PA14_50530,braD
PA14_51080,-
PA14_51090,-
PA14_51160,-
PA14_51205,-
PA14_51330,nadA
PA14_51380,pqsE
PA14_51390,pqsD
PA14_51440,ogt
PA14_51500,-
PA14_51710,oprL
PA14_52380,-
PA14_52530,-
PA14_52690,aruG
PA14_52760,aotO
PA14_52790,aotJ
PA14_53020,-
PA14_53210,-
PA14_53380,-
PA14_53470,ackA
PA14_53940,prpB
PA14_54710,-
PA14_54770,-
PA14_54800,rsuA
PA14_54870,-
PA14_54960,-
PA14_55060,-
PA14_55170,cat
PA14_55250,-
PA14_55280,-
PA14_55430,hxcS
PA14_55720,-
PA14_55880,-
PA14_55980,yjgR
PA14_56050,-
PA14_56220,-
PA14_56260,-
PA14_56430,-
PA14_56840,-
PA14_56940,colS
PA14_57110,-
PA14_57160,apbA
PA14_57190,mutT
PA14_57240,-
PA14_57530,sspA
PA14_57840,ttg2D
PA14_58000,sodM
PA14_58080,-
PA14_58380,-
PA14_58440,-
PA14_58580,piuC
PA14_58600,-
PA14_59130,-
PA14_59370,-
PA14_59380,-
PA14_59400,-
PA14_60210,rluD
PA14_60280,fimU
PA14_60420,proB
PA14_60650,-
PA14_61060,fnr-2
PA14_61120,-
PA14_61220,rsmC
PA14_61290,-
PA14_61390,-
PA14_61520,-
PA14_61940,-
PA14_62640,-
PA14_62780,yhbC
PA14_62960,dnaJ
PA14_63070,-
PA14_63090,lldD
PA14_63130,-
PA14_63230,yedA
PA14_63280,-
PA14_63340,-
PA14_63380,-
PA14_63660,-
PA14_63830,-
PA14_63860,-
PA14_64450,yegD
PA14_64540,-
PA14_64790,vanK
PA14_64800,vanA
PA14_64810,vanB
PA14_65160,-
PA14_65370,amiB
PA14_65380,-
PA14_65670,-
PA14_65950,-
PA14_66050,-
PA14_66090,-
PA14_66340,-
PA14_66490,ynfL
PA14_66640,pilO
PA14_66800,-
PA14_66850,phaD
PA14_67420,hutC
PA14_67640,-
PA14_67680,-
PA14_67860,-
PA14_68260,-
PA14_68370,cysQ
PA14_68500,attL
PA14_68610,hslO
PA14_68770,argE
PA14_68940,-
PA14_69310,-
PA14_69430,hemX
PA14_70140,-
PA14_70420,rph
PA14_70530,-
PA14_70670,glcF
PA14_70750,-
PA14_71110,-
PA14_71160,-
PA14_71670,-
PA14_71690,-
PA14_72400,-
PA14_72750,-
PA14_73010,-
PA14_73040,amiA
PA14_73200,-
PA14_00180,sun
PA14_00570,-
PA14_01180,-
PA14_01320,coIII
PA14_01340,-
PA14_01680,-
PA14_01720,ahpF
PA14_01750,-
PA14_01980,-
PA14_02290,-
PA14_02435,-
PA14_02450,-
PA14_02680,aldH
PA14_03430,-
PA14_03450,gabT
PA14_03790,-
PA14_03960,spuH
PA14_04700,-
PA14_04930,rpoH
PA14_05040,-
PA14_05070,metW
PA14_05230,-
PA14_05380,pilK
PA14_05690,codA
PA14_05810,-
PA14_06400,-
PA14_06460,-
PA14_06480,-
PA14_06510,bioF
PA14_06980,-
PA14_06990,-
PA14_07170,epd
PA14_07230,fda
PA14_07280,yhiN
PA14_07660,-
PA14_07740,pdxA
PA14_07900,-
PA14_08440,-
PA14_08620,-
PA14_08640,-
PA14_08740,rplJ
PA14_08790,rpsL
PA14_09260,-
PA14_09710,aldH
PA14_09910,lysR
PA14_09980,yafB
PA14_10120,-
PA14_10470,bcr
PA14_10680,-
PA14_10820,-
PA14_11270,oprG
PA14_11620,-
PA14_11960,-
PA14_12330,-
PA14_12710,-
PA14_12750,-
PA14_13010,-
PA14_13770,narK2
PA14_14100,yhdW
PA14_14110,pcs
PA14_14490,-
PA14_14510,yjgQ
PA14_14650,secF
PA14_15850,-
PA14_16040,xerD
PA14_16340,-
PA14_17450,surE
PA14_17550,-
PA14_17730,-
PA14_17860,paaH
PA14_17980,glpF
PA14_18230,-
PA14_18850,-
PA14_18985,-
PA14_19160,rarD
PA14_20030,hasD
PA14_20670,-
PA14_21000,-
PA14_21960,-
PA14_21970,-
PA14_22190,-
PA14_22210,-
PA14_22370,-
PA14_22600,grtA
PA14_22640,-
PA14_23650,ygfF
PA14_23810,-
PA14_23990,xcpR
PA14_24070,xcpX
PA14_24080,xcpY
PA14_24260,-
PA14_24430,moxR
PA14_24440,-
PA14_24530,pelE
PA14_24665,-
PA14_25340,nqrE
PA14_25420,-
PA14_25580,rluC
PA14_25640,plsX
PA14_25650,fabD
PA14_25800,-
PA14_25820,-
PA14_25910,-
PA14_25980,aroF
PA14_26920,-
PA14_26960,-
PA14_27400,-
PA14_27900,-
PA14_27920,vacJ
PA14_27960,tal
PA14_28630,-
PA14_28690,pheS
PA14_29410,-
PA14_29470,-
PA14_29560,-
PA14_29690,-
PA14_29770,-
PA14_30010,nuoB
PA14_30440,-
PA14_31060,-
PA14_31290,pa1L
PA14_31870,-
PA14_31950,-
PA14_32300,-
PA14_32330,-
PA14_32400,mexE
PA14_32610,dsbG
PA14_32860,-
PA14_32880,-
PA14_33290,-
PA14_33530,-
PA14_33860,lldA
PA14_34200,msuC
PA14_34210,sfnR
PA14_34390,mtlG
PA14_35420,pvcB
PA14_36120,-
PA14_36190,-
PA14_36220,gltJ
PA14_36310,hcnC
PA14_36990,-
PA14_37400,-
PA14_37520,-
PA14_37530,-
PA14_37840,-
PA14_38320,yfeH
PA14_38350,galU
PA14_38395,-
PA14_38780,pqqE
PA14_39200,-
PA14_40070,-
PA14_40390,modA
PA14_40420,modC
PA14_40600,-
PA14_40830,yhfP
PA14_40980,-
PA14_41563,cobA
PA14_41590,cmpX
PA14_41840,cysH
PA14_41870,-
PA14_42010,-
PA14_42050,-
PA14_42060,-
PA14_42100,-
PA14_42470,pcrV
PA14_42570,pscN
PA14_42690,speE
PA14_42790,-
PA14_42950,-
PA14_43110,-
PA14_43160,benE
PA14_43540,-
PA14_43970,lpdG
PA14_45010,hyi
PA14_45190,-
PA14_45590,cheA
PA14_45920,-
PA14_46180,yjiJ
PA14_46270,-
PA14_46530,-
PA14_46570,-
PA14_46710,-
PA14_46850,-
PA14_46910,ybeJ
PA14_46920,gltJ
PA14_46930,gltK
PA14_47870,-
PA14_48100,aprE
PA14_48280,-
PA14_48350,-
PA14_48770,-
PA14_48870,ydaO
PA14_49050,yohC
PA14_49080,lcaD
PA14_49330,-
PA14_49390,rrmA
PA14_49540,-
PA14_49590,-
PA14_49800,gsp69
PA14_49810,-
PA14_50070,-
PA14_50600,-
PA14_51470,cupC1
PA14_52050,purN
PA14_52740,argR
PA14_52820,dctQ
PA14_52840,dctP
PA14_53390,-
PA14_53400,-
PA14_53500,-
PA14_53800,mntH2
PA14_53820,-
PA14_53920,-
PA14_54010,-
PA14_54030,-
PA14_54620,-
PA14_54660,-
PA14_55040,-
PA14_55230,-
PA14_55600,-
PA14_55740,chrA
PA14_55890,cpaF2
PA14_55930,-
PA14_56340,mntH1
PA14_56540,-
PA14_56560,-
PA14_56870,-
PA14_56880,-
PA14_56990,-
PA14_57210,-
PA14_57340,-
PA14_58230,-
PA14_58490,dppF
PA14_58960,-
PA14_59590,-
PA14_59650,-
PA14_59710,-
PA14_59720,-
PA14_59760,-
PA14_59960,-
PA14_59980,-
PA14_60000,-
PA14_60140,-
PA14_60700,ccpR
PA14_60760,-
PA14_61170,-
PA14_61400,mqoB
PA14_61480,uraA
PA14_61840,vapI
PA14_62020,-
PA14_62440,yieG
PA14_62450,trmA
PA14_63010,recN
PA14_63160,-
PA14_63580,fdnH
PA14_64180,yhdG
PA14_64440,bcpA
PA14_64580,-
PA14_64950,pncA
PA14_65110,alr
PA14_65450,motA
PA14_65570,-
PA14_65720,-
PA14_65820,-
PA14_65860,-
PA14_65870,-
PA14_66040,-
PA14_66220,waaP
PA14_66560,gltD
PA14_66920,ubiB
PA14_66980,tatC
PA14_67110,pap
PA14_67490,fbp
PA14_67670,-
PA14_67840,-
PA14_67850,-
PA14_68100,-
PA14_68280,-
PA14_68290,-
PA14_68430,fdhD
PA14_68450,-
PA14_68660,rimK
PA14_69060,yhhJ
PA14_69500,argH
PA14_69570,corA
PA14_69900,-
PA14_70350,-
PA14_70550,-
PA14_70690,glcD
PA14_70810,pstB
PA14_71250,-
PA14_71630,adhA
PA14_72320,-
PA14_72650,-
PA14_72780,pdxY
PA14_00060,-
PA14_00070,-
PA14_01930,pcaR
PA14_02420,atsK
PA14_02740,-
PA14_03680,cysT
PA14_03730,-
PA14_03810,aguA
PA14_04000,-
PA14_04270,-
PA14_04320,ilvA1
PA14_04420,-
PA14_04430,-
PA14_04480,thyA
PA14_04640,-
PA14_04820,-
PA14_04920,ftsX
PA14_05220,-
PA14_05440,-
PA14_05530,mexA
PA14_05620,sahH
PA14_05660,-
PA14_05700,codB
PA14_05750,gltX
PA14_05850,-
PA14_06240,-
PA14_06950,-
PA14_07760,surA
PA14_08030,-
PA14_08630,-
PA14_08920,rplP
PA14_09300,pchH
PA14_09490,phzM
PA14_09930,-
PA14_10230,-
PA14_10260,-
PA14_10600,hpaX
PA14_10750,-
PA14_11050,moaF
PA14_11070,cupB2
PA14_11260,-
PA14_11770,eutB
PA14_11845,-
PA14_11980,-
PA14_12350,orf2
PA14_12760,-
PA14_12810,-
PA14_13030,cioA
PA14_13490,-
PA14_13600,-
PA14_13990,-
PA14_14550,-
PA14_14860,-
PA14_14910,-
PA14_15290,-
PA14_15890,purT
PA14_16750,-
PA14_16910,-
PA14_17900,metR
PA14_18750,gloA1
PA14_19150,yigM
PA14_19730,-
PA14_20040,hasE
PA14_20350,-
PA14_20650,dsdA
PA14_20920,-
PA14_21010,-
PA14_21320,-
PA14_21580,-
PA14_22050,htrB
PA14_22260,-
PA14_22500,-
PA14_22530,-
PA14_22730,-
PA14_23240,-
PA14_23280,pheA
PA14_23540,act
PA14_23690,-
PA14_23840,truA
PA14_23930,metZ
PA14_24230,-
PA14_24710,-
PA14_25620,-
PA14_26010,phaA
PA14_26510,cobI
PA14_27780,yadH
PA14_27980,yjbN
PA14_28660,infC
PA14_29020,cpo
PA14_29970,nuoF
PA14_30360,-
PA14_30520,-
PA14_30630,pqsH
PA14_31370,tam
PA14_31400,ctpH
PA14_31760,cdsA
PA14_31770,-
PA14_32190,-
PA14_32240,catA
PA14_32280,-
PA14_32720,-
PA14_32820,-
PA14_33030,sdaA
PA14_33730,-
PA14_34190,msuD
PA14_35070,-
PA14_35430,pvcA
PA14_35490,lpdV
PA14_35640,pslI
PA14_35730,-
PA14_35810,-
PA14_36170,-
PA14_36250,-
PA14_36350,-
PA14_36550,-
PA14_36670,-
PA14_37090,gbsA
PA14_38530,fahA
PA14_38750,-
PA14_39530,-
PA14_39990,-
PA14_40030,-
PA14_40050,-
PA14_40230,-
PA14_40910,-
PA14_40940,-
PA14_41900,panE
PA14_41920,aroF-1
PA14_42660,pscU
PA14_43050,-
PA14_43510,-
PA14_43760,-
PA14_43910,-
PA14_43950,sucC
PA14_44350,ccoO
PA14_44380,ccoO
PA14_44590,-
PA14_45280,cycH
PA14_45350,ccmC
PA14_45630,fliA
PA14_45940,lasI
PA14_46060,gbuR
PA14_46150,-
PA14_46580,-
PA14_46800,-
PA14_46810,-
PA14_46820,-
PA14_46840,-
PA14_47040,yegH
PA14_47210,cyoA
PA14_47300,phnW
PA14_48830,-
PA14_49930,-
PA14_50520,braC
PA14_51000,yigN
PA14_51100,-
PA14_51120,-
PA14_51730,tolA
PA14_52060,-
PA14_52210,cysM
PA14_52310,dinP
PA14_52670,aruD
PA14_52770,aotM
PA14_52780,aotQ
PA14_52920,-
PA14_53120,-
PA14_53260,-
PA14_53560,-
PA14_53850,-
PA14_54430,algU
PA14_54540,-
PA14_54600,-
PA14_54820,-
PA14_56240,pykA
PA14_56410,-
PA14_56660,-
PA14_56850,-
PA14_57360,ftsW
PA14_57600,-
PA14_57650,-
PA14_57720,cysD
PA14_57740,-
PA14_58130,mreC
PA14_58375,-
PA14_58690,-
PA14_61580,hemH
PA14_61700,prfA
PA14_62000,hitA
PA14_62260,-
PA14_62510,yadB
PA14_63250,yfcY
PA14_63710,gtrB
PA14_63850,lpd3
PA14_63900,-
PA14_64120,-
PA14_65560,serB
PA14_65760,-
PA14_66060,-
PA14_66150,-
PA14_66520,-
PA14_66530,-
PA14_67050,-
PA14_67150,-
PA14_67320,hutH
PA14_67560,typA
PA14_68190,rmlD
PA14_69090,yhiI
PA14_69990,dadX
PA14_70120,-
PA14_70290,-
PA14_70770,-
PA14_70780,-
PA14_71070,-
PA14_71240,-
PA14_71440,ltaA
PA14_71530,purU2
PA14_71890,psecoA
PA14_72430,-
PA14_72450,dsbA
PA14_72690,-
PA14_72800,rosB
PA14_72820,-
PA14_73220,-
PA14_00210,-
PA14_01760,nuh
PA14_01860,-
PA14_03940,spuF
PA14_04110,-
PA14_04610,yicE
PA14_05590,metF
PA14_05880,nfeD
PA14_06500,bioB
PA14_07050,-
PA14_08060,-
PA14_08130,gpU
PA14_08450,-
PA14_09400,phzS
PA14_10640,-
PA14_10850,-
PA14_10970,-
PA14_11120,-
PA14_11730,-
PA14_12010,proA
PA14_12100,-
PA14_13190,-
PA14_13410,-
PA14_14140,-
PA14_14600,tgt
PA14_14730,iscS
PA14_15080,-
PA14_15180,-
PA14_15200,-
PA14_15520,trbJ
PA14_15620,-
PA14_16090,thrC
PA14_16130,-
PA14_16600,-
PA14_16660,cadA
PA14_16730,-
PA14_17320,eno
PA14_17630,potB
PA14_18090,-
PA14_18120,-
PA14_18830,-
PA14_18920,rnfC
PA14_19020,-
PA14_19470,mqoA
PA14_19870,ldh
PA14_20390,phnJ
PA14_20600,-
PA14_20840,-
PA14_20970,cyp23
PA14_21060,-
PA14_21410,phoA
PA14_21930,-
PA14_21940,-
PA14_23790,leuB
PA14_24150,-
PA14_25305,nqrB
PA14_25430,lolC
PA14_25690,fabF1
PA14_25810,-
PA14_26330,-
PA14_26700,-
PA14_27100,lipA
PA14_27410,trpC
PA14_27430,-
PA14_27470,-
PA14_27740,-
PA14_28060,cpg2
PA14_28570,endA
PA14_29460,qor
PA14_29550,-
PA14_29620,norR
PA14_30210,clpS
PA14_30470,-
PA14_30500,-
PA14_30790,-
PA14_30850,trbI
PA14_30860,trbG
PA14_31560,-
PA14_31580,-
PA14_31610,-
PA14_31660,-
PA14_31730,-
PA14_32060,xylS
PA14_32520,-
PA14_33050,-
PA14_33220,-
PA14_33240,-
PA14_33430,-
PA14_34250,-
PA14_34440,mtlR
PA14_35020,-
PA14_35600,pslL
PA14_35830,tnpT
PA14_36050,-
PA14_36370,-
PA14_36390,-
PA14_36870,-
PA14_37120,-
PA14_37190,-
PA14_37870,-
PA14_38090,-
PA14_38110,ygjU
PA14_38990,-
PA14_40080,-
PA14_40110,-
PA14_40450,str
PA14_40540,-
PA14_40840,sohB
PA14_40960,fimL
PA14_41140,-
PA14_41420,-
PA14_41480,nasS
PA14_41930,-
PA14_42880,stk1
PA14_43190,-
PA14_43380,kdpB
PA14_43490,-
PA14_44311,-
PA14_44710,xdhA
PA14_45170,-
PA14_46010,-
PA14_47100,ilvA2
PA14_47460,rnd
PA14_48590,-
PA14_48600,-
PA14_49320,-
PA14_49570,-
PA14_49650,ylbA
PA14_50010,yliI
PA14_50100,fliI
PA14_50180,fleR
PA14_50220,fleQ
PA14_50270,fliD
PA14_50330,-
PA14_50670,-
PA14_50820,-
PA14_51190,-
PA14_51410,pqsC
PA14_52020,-
PA14_52270,ldhA
PA14_52460,mgtE
PA14_52610,-
PA14_52990,phhA
PA14_53010,phhC
PA14_53580,-
PA14_54610,-
PA14_55000,-
PA14_55810,-
PA14_56040,-
PA14_56720,-
PA14_56730,-
PA14_56920,inaA
PA14_57010,groEL
PA14_57260,lpxC
PA14_57410,-
PA14_57910,-
PA14_59310,pilR2
PA14_59900,-
PA14_59910,-
PA14_60260,pilR
PA14_60600,rtcR
PA14_60770,-
PA14_61080,dctP
PA14_61590,-
PA14_61770,prs
PA14_61920,-
PA14_61960,-
PA14_62540,cbrB
PA14_63210,-
PA14_63410,-
PA14_63520,-
PA14_64060,ctpL
PA14_64290,-
PA14_64390,ureC
PA14_64500,-
PA14_64750,benK
PA14_64910,-
PA14_64920,-
PA14_64990,-
PA14_65030,-
PA14_65770,aspC
PA14_65920,-
PA14_66330,msrA
PA14_66600,aroB
PA14_66680,maeB
PA14_67300,proX
PA14_67810,ctpA
PA14_67970,-
PA14_67975,-
PA14_68050,-
PA14_68780,-
PA14_68900,fbpA
PA14_68980,ubiH
PA14_69140,ubiB
PA14_69250,-
PA14_69380,fkl
PA14_69620,-
PA14_70620,rubB
PA14_70730,ubiA
PA14_71420,-
PA14_71940,wzt
PA14_71990,gmd
PA14_72170,citM
PA14_72390,-
PA14_72420,-
PA14_72760,-
PA14_72870,-
PA14_73070,pyrQ
PA14_73160,-
PA14_73350,soj
PA14_00020,dnaN
PA14_00280,hemF
PA14_00360,-
PA14_00450,trpB
PA14_00820,-
PA14_00940,-
PA14_01080,-
PA14_01300,coxA
PA14_01460,dctA
PA14_01810,-
PA14_02720,-
PA14_03040,-
PA14_03360,-
PA14_03700,sbp
PA14_03830,aguB
PA14_04030,-
PA14_04570,-
PA14_04840,-
PA14_04870,-
PA14_05820,-
PA14_06330,-
PA14_07810,-
PA14_07850,-
PA14_09100,rpsD
PA14_09115,rpoA
PA14_10070,-
PA14_10330,ompK
PA14_10620,hpcB
PA14_10940,-
PA14_11030,-
PA14_11660,aqpZ
PA14_11700,-
PA14_12150,-
PA14_12670,-
PA14_12870,tesB
PA14_13170,-
PA14_13470,-
PA14_13560,-
PA14_13890,-
PA14_13950,-
PA14_14010,-
PA14_14590,queA
PA14_14630,secD
PA14_15360,-
PA14_15380,repA
PA14_15650,-
PA14_16030,-
PA14_16220,recJ
PA14_16260,-
PA14_16430,wspA
PA14_16500,-
PA14_16510,-
PA14_16930,csdA
PA14_17010,yjcE
PA14_17180,lpxD
PA14_17250,yaaJ
PA14_17380,-
PA14_17400,-
PA14_17530,recA
PA14_18010,glpK
PA14_18250,-
PA14_18380,-
PA14_18550,alg44
PA14_18580,algD
PA14_18590,-
PA14_19110,rhlB
PA14_19540,ssuA
PA14_19560,ssuD
PA14_20430,-
PA14_20900,-
PA14_21300,-
PA14_22550,-
PA14_22960,-
PA14_23970,xcpQ
PA14_24380,-
PA14_24510,pelD
PA14_24780,-
PA14_24860,snr1
PA14_25020,uup
PA14_25360,apbE
PA14_25510,lpxK
PA14_26220,hisM
PA14_27940,-
PA14_28920,-
PA14_29120,-
PA14_29240,-
PA14_29260,-
PA14_29360,-
PA14_29640,fhp
PA14_29680,-
PA14_30100,-
PA14_30110,purB
PA14_30130,-
PA14_30330,serS
PA14_30410,yccA
PA14_30620,-
PA14_32110,xylZ
PA14_32420,-
PA14_32930,-
PA14_33500,pvdH
PA14_33560,-
PA14_34360,mtlD
PA14_34510,srpL
PA14_34550,-
PA14_34580,-
PA14_34770,-
PA14_35110,arsB
PA14_35140,-
PA14_35230,-
PA14_35240,-
PA14_35380,ptxR
PA14_36060,-
PA14_36110,-
PA14_36500,-
PA14_37410,-
PA14_37820,-
PA14_38330,gor
PA14_38800,pqqC
PA14_39130,ybiT
PA14_39240,-
PA14_39720,-
PA14_40250,opmL
PA14_40430,-
PA14_40470,-
PA14_40550,-
PA14_41150,-
PA14_41160,-
PA14_41270,-
PA14_41710,-
PA14_41780,-
PA14_42680,-
PA14_42970,-
PA14_43130,-
PA14_43710,-
PA14_44300,aer
PA14_44510,-
PA14_44580,-
PA14_44640,-
PA14_44800,-
PA14_44900,-
PA14_45030,ttuD
PA14_45050,pykF
PA14_45660,flhF
PA14_45720,flhB
PA14_45870,-
PA14_46030,-
PA14_46140,-
PA14_46400,yqhC
PA14_47150,cyoE
PA14_47260,-
PA14_47490,-
PA14_47560,-
PA14_47730,cobD
PA14_47920,-
PA14_48140,aprX
PA14_48300,-
PA14_48700,kefB
PA14_49070,-
PA14_49090,-
PA14_49710,yedU
PA14_50380,flgJ
PA14_50770,-
PA14_51260,-
PA14_51300,perM
PA14_51340,mvfR
PA14_52040,purM
PA14_52660,aruB
PA14_52870,-
PA14_53070,hpd
PA14_53180,-
PA14_53290,trxB2
PA14_53780,-
PA14_53950,prpC
PA14_54130,-
PA14_54150,putP
PA14_54350,lepB
PA14_54480,-
PA14_54570,-
PA14_55020,-
PA14_55640,sbcD
PA14_55730,-
PA14_56030,-
PA14_56110,-
PA14_56830,icmP
PA14_56900,pncB2
PA14_57300,ftsQ
PA14_57370,murD
PA14_57670,trpS
PA14_57870,-
PA14_58150,mreB
PA14_58550,lpxO1
PA14_59230,-
PA14_59660,-
PA14_60780,-
PA14_60800,-
PA14_61710,hemA
PA14_61750,ipk
PA14_62730,truB
PA14_62770,nusA
PA14_62840,glmM
PA14_62930,carA
PA14_63700,-
PA14_64220,purD
PA14_64510,yhjG
PA14_64770,mdlC
PA14_64890,braD
PA14_65400,yjeS
PA14_65480,rhdA
PA14_66020,-
PA14_66580,-
PA14_67400,-
PA14_67580,thiI
PA14_67990,mutY
PA14_68090,-
PA14_68130,emrA
PA14_68330,arcA
PA14_68340,arcB
PA14_68810,-
PA14_68870,gcvT1
PA14_69240,hemB
PA14_69420,hemY
PA14_69925,poxB
PA14_70310,-
PA14_70950,betB
PA14_71560,fdhA
PA14_71830,-
PA14_72220,-
PA14_72230,-
PA14_72300,-
PA14_72340,gltP
PA14_72380,algB
PA14_72840,-
PA14_72940,-
PA14_73150,-
PA14_73250,atpG
PA14_00530,-
PA14_00560,exoT
PA14_01140,-
PA14_01220,-
PA14_01380,ctaB
PA14_01580,gabP
PA14_01620,aptA
PA14_01730,-
PA14_02550,mdcA
PA14_02890,-
PA14_03070,pobR
PA14_03780,-
PA14_04370,-
PA14_04630,ilvD
PA14_05360,pilJ
PA14_05990,emrA
PA14_06450,accC
PA14_06720,nirF
PA14_07070,-
PA14_07090,metK
PA14_07780,-
PA14_07870,-
PA14_08150,gpD
PA14_08460,-
PA14_09210,pchA
PA14_09500,opmD
PA14_10110,-
PA14_10250,-
PA14_10660,-
PA14_11110,cupB6
PA14_11210,-
PA14_11480,-
PA14_11830,-
PA14_11990,-
PA14_12070,rodA
PA14_12390,hemL
PA14_12650,-
PA14_13510,-
PA14_14210,-
PA14_14360,-
PA14_14830,-
PA14_15310,guaB
PA14_15340,guaA
PA14_15660,-
PA14_15700,-
PA14_15790,nagF
PA14_16450,wspC
PA14_16580,-
PA14_17410,-
PA14_17690,-
PA14_18110,mmsR
PA14_18300,-
PA14_18860,-
PA14_19350,-
PA14_19500,ssuA
PA14_19800,-
PA14_20380,-
PA14_20780,-
PA14_20820,-
PA14_21280,-
PA14_21840,-
PA14_22060,-
PA14_22290,vacJ
PA14_22890,gapA
PA14_22910,edd
PA14_23290,hisC2
PA14_24140,-
PA14_24180,-
PA14_24920,-
PA14_24950,glpD2
PA14_25350,nqrF
PA14_25480,-
PA14_26130,morB
PA14_26720,mccB
PA14_29330,-
PA14_30150,trmU
PA14_30340,-
PA14_30550,ssuA
PA14_31190,-
PA14_31800,-
PA14_31820,hisC
PA14_32640,-
PA14_32750,-
PA14_33710,pvdO
PA14_33720,pvdN
PA14_33770,-
PA14_33780,-
PA14_34230,-
PA14_34420,mtlE
PA14_34820,-
PA14_34830,-
PA14_35050,-
PA14_35570,pslN
PA14_35650,pslH
PA14_35890,-
PA14_36020,-
PA14_36130,-
PA14_36260,-
PA14_36290,yncB
PA14_37130,-
PA14_37170,-
PA14_37260,opdO
PA14_37640,-
PA14_38040,-
PA14_38190,-
PA14_38490,gnyL
PA14_38560,pcaK
PA14_38580,-
PA14_40570,-
PA14_40820,-
PA14_41510,nasA
PA14_41575,sigX
PA14_41730,-
PA14_42150,-
PA14_43220,-
PA14_43420,-
PA14_43460,paaH
PA14_43690,fabB
PA14_43740,-
PA14_43830,panB
PA14_44260,-
PA14_44830,-
PA14_45070,-
PA14_45100,muiA
PA14_45240,-
PA14_45250,-
PA14_45710,-
PA14_45960,lasR
PA14_46100,-
PA14_47000,-
PA14_47430,czcD
PA14_47510,-
PA14_48115,aprD
PA14_48240,-
PA14_48470,-
PA14_49130,dctA
PA14_49790,-
PA14_50840,-
PA14_51320,-
PA14_51670,-
PA14_52150,lpxO2
PA14_52370,-
PA14_52720,aruC
PA14_52880,-
PA14_52900,-
PA14_53540,-
PA14_53570,-
PA14_53750,-
PA14_53880,-
PA14_54000,prpD
PA14_54630,-
PA14_54810,-
PA14_54880,-
PA14_55360,exbB2
PA14_55750,-
PA14_55760,-
PA14_56480,-
PA14_57380,mraY
PA14_57390,murF
PA14_57540,-
PA14_57630,-
PA14_57780,hisD
PA14_57970,-
PA14_58910,-
PA14_58950,-
PA14_59240,pilL2
PA14_59480,-
PA14_60030,-
PA14_60270,-
PA14_60300,pilX
PA14_61660,murI
PA14_62120,pssA
PA14_62970,dnaK
PA14_63320,-
PA14_63480,-
PA14_63640,fadH2
PA14_63730,-
PA14_63970,-
PA14_64030,-
PA14_64050,-
PA14_64900,-
PA14_65130,dnaB
PA14_65300,hflX
PA14_66540,-
PA14_66630,pilP
PA14_66830,phaD
PA14_68120,opmG
PA14_68530,-
PA14_68740,argA
PA14_69440,hemD
PA14_69540,-
PA14_69670,lysA
PA14_69740,-
PA14_70580,-
PA14_70760,-
PA14_71180,-
PA14_71470,soxB
PA14_73400,thdF
PA14_01200,-
PA14_01600,-
PA14_01800,-
PA14_02980,-
PA14_02990,-
PA14_07150,hyi
PA14_10350,-
PA14_10730,-
PA14_12160,-
PA14_13070,-
PA14_13290,-
PA14_13620,nhaP
PA14_14040,rhl
PA14_15280,-
PA14_15780,-
PA14_15820,nagA
PA14_16070,hom
PA14_17290,pyrG
PA14_17570,-
PA14_17960,glpK
PA14_18470,algL
PA14_18640,-
PA14_18710,pyrC
PA14_18960,-
PA14_19850,-
PA14_20680,-
PA14_21990,-
PA14_22520,-
PA14_22590,-
PA14_22990,gltF
PA14_23880,folC
PA14_24170,fadH1
PA14_25250,gapA
PA14_25790,-
PA14_26090,-
PA14_26190,-
PA14_26670,-
PA14_27370,deaD
PA14_30280,trxB1
PA14_30490,-
PA14_31280,-
PA14_31620,-
PA14_31920,opmB
PA14_32140,antC
PA14_32290,-
PA14_34050,-
PA14_36080,yfaV
PA14_36700,-
PA14_36960,-
PA14_37100,-
PA14_37200,-
PA14_37610,-
PA14_37630,-
PA14_37760,-
PA14_37915,-
PA14_38010,-
PA14_38460,gnyB
PA14_38510,hmgA
PA14_38730,yhhS
PA14_39050,braZ
PA14_39410,-
PA14_39460,-
PA14_39560,-
PA14_39980,qscR
PA14_41250,tig
PA14_42990,-
PA14_43270,ybbB
PA14_43350,-
PA14_43400,kdpA
PA14_45680,flhA
PA14_46680,norM
PA14_46860,-
PA14_47230,-
PA14_48010,-
PA14_48450,-
PA14_48570,-
PA14_49420,-
PA14_49470,nrdB
PA14_49510,pyoS3I
PA14_49610,-
PA14_49890,-
PA14_50060,-
PA14_50540,braE
PA14_50660,-
PA14_51560,-
PA14_51650,-
PA14_51690,-
PA14_51910,-
PA14_52190,ygcA
PA14_52240,-
PA14_52260,-
PA14_52420,yliG
PA14_52700,aruF
PA14_52980,-
PA14_53520,oruR
PA14_53770,-
PA14_53900,-
PA14_54500,-
PA14_54910,-
PA14_55200,-
PA14_56010,-
PA14_57770,hisC1
PA14_58290,-
PA14_58920,-
PA14_59845,-
PA14_59920,-
PA14_60820,oprJ
PA14_60890,glyA
PA14_61280,-
PA14_61560,-
PA14_64110,accC
PA14_65320,miaA
PA14_66140,-
PA14_66230,waaG
PA14_66440,metY
PA14_66510,ynfM
PA14_67130,ybeJ
PA14_67240,hutG
PA14_67250,hutI
PA14_67260,-
PA14_67310,hutT
PA14_67440,-
PA14_67520,-
PA14_68930,-
PA14_70160,bioA
PA14_70390,crc
PA14_71030,-
PA14_71060,sdaB
PA14_71650,aspA
PA14_72850,-
PA14_00170,trkA
PA14_00340,-
PA14_00760,-
PA14_01250,ychM
PA14_01660,guaD
PA14_03130,-
PA14_03950,spuG
PA14_04190,aphA
PA14_04220,-
PA14_04240,-
PA14_04550,glpQ
PA14_05740,pydA
PA14_05770,dhT
PA14_05870,-
PA14_07520,rpoD
PA14_08070,gpFI
PA14_08240,-
PA14_08390,speD
PA14_08910,rpsC
PA14_09740,yaaU
PA14_10040,-
PA14_10630,hpcC
PA14_11290,-
PA14_12080,sltB1
PA14_12090,-
PA14_12590,-
PA14_13300,-
PA14_14340,ybiN
PA14_15350,-
PA14_15600,-
PA14_16470,-
PA14_17030,dapC
PA14_17140,yaeL
PA14_17610,potD
PA14_17810,-
PA14_18510,algE
PA14_18760,mexE
PA14_18810,-
PA14_18820,-
PA14_19190,sfcA
PA14_19310,-
PA14_19770,-
PA14_20630,-
PA14_20890,rfaD
PA14_21050,-
PA14_21870,-
PA14_22410,-
PA14_22440,bapA
PA14_23500,tyrB
PA14_23560,gltx
PA14_24370,-
PA14_24675,-
PA14_24730,-
PA14_24910,moeA2
PA14_25560,rne
PA14_25900,-
PA14_27310,-
PA14_27500,yfbQ
PA14_27850,folE
PA14_29270,yaiW
PA14_29420,ysgA
PA14_29760,-
PA14_29860,nuoM
PA14_30190,icd
PA14_30600,-
PA14_30830,-
PA14_31110,-
PA14_31380,sfpA
PA14_31840,-
PA14_33070,-
PA14_33380,-
PA14_35270,-
PA14_35460,-
PA14_35470,-
PA14_35520,bkdA2
PA14_36320,hcnB
PA14_36375,-
PA14_37250,-
PA14_37460,-
PA14_38740,-
PA14_39320,rbsC
PA14_40010,-
PA14_40240,-
PA14_40370,-
PA14_41010,-
PA14_41520,ppkB
PA14_41630,cmaX
PA14_41650,estX
PA14_41680,-
PA14_42390,-
PA14_42750,-
PA14_44210,-
PA14_44240,-
PA14_45110,cysP
PA14_45180,-
PA14_48210,-
PA14_48520,mltA
PA14_48610,-
PA14_48630,-
PA14_49970,-
PA14_51050,pcd
PA14_51680,-
PA14_51780,ruvB
PA14_52930,-
PA14_53620,-
PA14_54520,opdH
PA14_54740,-
PA14_54760,-
PA14_55117,-
PA14_56000,-
PA14_56140,-
PA14_56170,-
PA14_56280,-
PA14_57810,murA
PA14_58650,-
PA14_59530,-
PA14_60090,-
PA14_60250,-
PA14_60445,obg
PA14_60470,ispB
PA14_60660,-
PA14_60710,gdhA
PA14_61550,-
PA14_61640,phr
PA14_62860,ftsH
PA14_63330,-
PA14_63800,mgtA
PA14_63910,-
PA14_63920,-
PA14_64200,-
PA14_64400,-
PA14_65280,hflK
PA14_65350,mutL
PA14_65520,-
PA14_66190,-
PA14_66260,ilvE
PA14_66550,hemE
PA14_66660,pilM
PA14_67790,-
PA14_68170,rmlB
PA14_68200,rmlA
PA14_68300,arcD
PA14_68710,tex
PA14_69220,-
PA14_69340,-
PA14_69480,-
PA14_70330,-
PA14_70860,-
PA14_71280,-
PA14_71410,-
PA14_71920,-
PA14_72000,rmd
PA14_72280,citA
PA14_00250,qor
PA14_02050,-
PA14_02690,-
PA14_02700,-
PA14_02900,pcaK
PA14_03050,pobA
PA14_03265,-
PA14_03370,-
PA14_03880,spuB
PA14_05560,rhlE
PA14_06600,-
PA14_07620,-
PA14_09680,-
PA14_09700,pqsL
PA14_09750,-
PA14_09820,-
PA14_10290,-
PA14_13520,-
PA14_13750,narK1
PA14_14230,-
PA14_14850,pilF
PA14_16530,lysS
PA14_17820,-
PA14_18275,-
PA14_20110,-
PA14_20190,nosD
PA14_20810,recQ
PA14_20860,-
PA14_22240,-
PA14_22690,trkH
PA14_23070,zwf
PA14_23330,rpsA
PA14_23520,-
PA14_26750,-
PA14_27180,erfK
PA14_27330,dhs
PA14_28530,-
PA14_29480,wzm
PA14_29800,-
PA14_30320,ycaJ
PA14_30730,-
PA14_30970,bphR
PA14_31050,-
PA14_32905,-
PA14_32950,-
PA14_33350,-
PA14_33480,sndH
PA14_34010,-
PA14_34330,-
PA14_34680,-
PA14_35530,bkdA1
PA14_35840,-
PA14_36070,-
PA14_38480,gnyA
PA14_39830,-
PA14_41230,clpX
PA14_41500,-
PA14_44360,ccoP
PA14_44630,dnaX
PA14_44880,-
PA14_45310,ccmF
PA14_45930,-
PA14_46980,-
PA14_47810,-
PA14_47930,-
PA14_48170,-
PA14_48340,-
PA14_48460,-
PA14_49280,-
PA14_49840,dgt
PA14_50050,-
PA14_50140,fliF
PA14_50340,flgL
PA14_50450,flgE
PA14_51460,cupC2
PA14_51550,-
PA14_51820,aspS
PA14_54830,-
PA14_55390,-
PA14_56130,-
PA14_56300,fumA
PA14_56470,-
PA14_57060,-
PA14_57070,-
PA14_57100,-
PA14_57170,-
PA14_57290,ftsA
PA14_57480,-
PA14_58070,-
PA14_58190,-
PA14_58880,-
PA14_59770,-
PA14_60320,pilE
PA14_60630,-
PA14_61300,-
PA14_61610,-
PA14_62560,pcnB
PA14_62760,infB
PA14_64590,-
PA14_64610,-
PA14_64960,pncB1
PA14_65250,hisX
PA14_65270,hflC
PA14_65540,fimX
PA14_65660,parE
PA14_65740,thiC
PA14_65810,-
PA14_66240,waaC
PA14_66720,-
PA14_67630,-
PA14_67770,pgm
PA14_68140,emrB
PA14_68820,gspE
PA14_69590,-
PA14_69760,-
PA14_69890,-
PA14_71220,cls
PA14_71710,mtr
PA14_71800,zwf
PA14_71970,-
PA14_72740,-
PA14_02810,pcaT
PA14_03160,-
PA14_03330,-
PA14_03340,-
PA14_03480,-
PA14_03855,-
PA14_04810,-
PA14_05080,metX
PA14_06070,-
PA14_08880,rplB
PA14_09550,-
PA14_10010,-
PA14_10340,cvaB
PA14_10870,-
PA14_11600,-
PA14_13530,-
PA14_14500,yjgP
PA14_14890,hisS
PA14_15460,merA
PA14_16390,-
PA14_17510,-
PA14_18565,alg8
PA14_18790,opmE
PA14_19230,ybdG
PA14_21230,hepA
PA14_22160,-
PA14_24340,-
PA14_25080,-
PA14_25280,nqrA
PA14_25600,sppA
PA14_25730,-
PA14_26165,-
PA14_26590,-
PA14_27050,-
PA14_29160,-
PA14_30260,ate1
PA14_30460,-
PA14_30750,-
PA14_30910,trbE
PA14_31040,-
PA14_31270,-
PA14_31330,-
PA14_32160,-
PA14_33190,-
PA14_33310,-
PA14_33330,-
PA14_33600,-
PA14_33700,pvdF
PA14_33750,opmQ
PA14_33760,-
PA14_33900,-
PA14_33910,-
PA14_34600,gapB
PA14_35670,pslG
PA14_35690,pslE
PA14_36000,prpR
PA14_36580,glgB
PA14_36690,ybhO
PA14_37340,-
PA14_37710,fusA2
PA14_38440,gnyD
PA14_38690,acsA
PA14_39000,-
PA14_39270,-
PA14_40020,-
PA14_41000,nhaB
PA14_42220,-
PA14_44340,ccoN
PA14_44440,fixI
PA14_46230,aphA
PA14_47090,-
PA14_49170,-
PA14_50590,-
PA14_51150,mucK
PA14_51360,phnA
PA14_51430,pqsA
PA14_51960,rbn
PA14_52130,-
PA14_52580,lysC
PA14_53150,-
PA14_53250,cpbD
PA14_54900,-
PA14_55220,-
PA14_55650,sbcC
PA14_55660,recD
PA14_55770,pitA
PA14_55960,pctC
PA14_57330,murC
PA14_58100,cafA
PA14_58240,-
PA14_58270,-
PA14_59270,pilO2
PA14_59290,pilQ2
PA14_59990,-
PA14_60230,comL
PA14_61360,-
PA14_62480,aspC
PA14_64270,-
PA14_65795,-
PA14_66820,phaC1
PA14_67600,glnA
PA14_67830,-
PA14_69150,ubiD
PA14_69750,-
PA14_70040,dadA
PA14_71930,wbpX
PA14_72250,-
PA14_73140,-
PA14_73170,-
PA14_00030,recF
PA14_00100,glyQ
PA14_00750,-
PA14_01020,-
PA14_01100,clpB
PA14_03350,-
PA14_04210,-
PA14_04780,-
PA14_05550,oprM
PA14_05790,-
PA14_06290,glcB
PA14_06650,nirN
PA14_09240,pchD
PA14_10530,-
PA14_10540,fixG
PA14_10550,cysI
PA14_11630,-
PA14_11900,-
PA14_12630,-
PA14_13330,-
PA14_14780,hscA
PA14_14930,engA
PA14_15030,leuA
PA14_15400,repC
PA14_16100,-
PA14_17740,ycjJ
PA14_17780,-
PA14_17930,glpD
PA14_18350,-
PA14_19270,-
PA14_19360,-
PA14_19370,asnB
PA14_21370,fadD1
PA14_21470,-
PA14_23270,serC
PA14_24690,-
PA14_28000,-
PA14_30570,potF
PA14_31500,-
PA14_31720,-
PA14_32590,dipZ2
PA14_33740,pvdP
PA14_35330,kguT
PA14_35400,pvcC
PA14_35860,-
PA14_36090,opdG
PA14_36420,-
PA14_37380,-
PA14_37570,-
PA14_37745,-
PA14_38610,-
PA14_39020,-
PA14_40320,xqhA
PA14_40770,cysI
PA14_41360,cysS
PA14_41670,ppsA
PA14_41740,-
PA14_43090,-
PA14_43200,-
PA14_43870,-
PA14_44190,-
PA14_44370,ccoN
PA14_44700,alkB2
PA14_45970,-
PA14_48850,-
PA14_49560,toxA
PA14_49740,-
PA14_50290,fliC
PA14_51220,-
PA14_56210,-
PA14_56450,-
PA14_56530,-
PA14_57940,rpoN
PA14_58050,pmbA
PA14_58320,-
PA14_58360,-
PA14_58730,pilA
PA14_58870,ndh
PA14_60190,clpB
PA14_62110,-
PA14_62130,ilvC
PA14_63120,-
PA14_64880,braE
PA14_65850,rocE
PA14_66120,-
PA14_66750,argS
PA14_68580,pckA
PA14_68890,-
PA14_70100,-
PA14_71210,-
PA14_71720,oadA
PA14_71740,accC
PA14_71910,-
PA14_73120,-
PA14_00310,-
PA14_01070,-
PA14_05460,bioA
PA14_06000,clpA
PA14_06080,creD
PA14_06840,norD
PA14_07450,-
PA14_09150,katA
PA14_10700,-
PA14_10960,-
PA14_11580,-
PA14_12490,-
PA14_12980,-
PA14_14300,-
PA14_16890,-
PA14_18500,algG
PA14_19400,-
PA14_19410,-
PA14_21750,-
PA14_23830,fimV
PA14_24550,pelF
PA14_24610,-
PA14_24790,opdQ
PA14_24940,-
PA14_25390,sth
PA14_26020,-
PA14_30350,yqjG
PA14_31070,-
PA14_31350,-
PA14_32080,xylX
PA14_35880,-
PA14_35990,-
PA14_36910,-
PA14_39750,-
PA14_39780,hvn
PA14_41190,ppiD
PA14_43610,-
PA14_43790,-
PA14_43920,braB
PA14_44470,hemN
PA14_44770,gda1
PA14_46550,-
PA14_50710,phaD
PA14_51040,-
PA14_53050,aroP2
PA14_53480,pta
PA14_55180,migA
PA14_55410,-
PA14_55820,-
PA14_57425,ftsI
PA14_58180,-
PA14_58390,-
PA14_59250,pilN2
PA14_60110,-
PA14_61250,lysP
PA14_62400,yfdZ
PA14_63500,-
PA14_64080,dipZ
PA14_65750,ompH
PA14_66110,-
PA14_66690,-
PA14_67350,hutU
PA14_67380,-
PA14_70070,-
PA14_70110,-
PA14_70300,-
PA14_71680,-
PA14_71820,yegQ
PA14_72020,-
PA14_72040,-
PA14_73090,-
PA14_00010,dnaA
PA14_00080,-
PA14_00300,plcB
PA14_02060,-
PA14_03900,spuC
PA14_04410,ptsP
PA14_04890,-
PA14_06750,-
PA14_09630,-
PA14_10370,choS
PA14_12450,-
PA14_13740,-
PA14_14990,mocA
PA14_15920,yhjE
PA14_16410,-
PA14_17470,nlpD
PA14_20100,-
PA14_20560,amiE
PA14_20580,amiC
PA14_21340,fadD2
PA14_21480,-
PA14_22350,yjcG
PA14_23310,-
PA14_26930,-
PA14_28250,-
PA14_28710,pheT
PA14_29090,potF4
PA14_29490,hplR
PA14_30050,aceA
PA14_30230,clpA
PA14_30290,ftsK
PA14_30580,-
PA14_30810,alkB1
PA14_31900,-
PA14_33960,-
PA14_34540,-
PA14_36570,glgA
PA14_37560,asnB
PA14_38130,ycjJ
PA14_38250,yjiR
PA14_40200,-
PA14_41280,-
PA14_41820,pabB
PA14_42160,-
PA14_42500,pcrD
PA14_42920,-
PA14_43850,htpG
PA14_45700,-
PA14_46220,potF
PA14_46510,-
PA14_46520,-
PA14_54040,-
PA14_55780,-
PA14_55800,-
PA14_58990,-
PA14_59620,-
PA14_60730,-
PA14_61130,-
PA14_62230,-
PA14_63080,lldP
PA14_64720,opdK
PA14_65090,-
PA14_65940,-
PA14_67090,mdoG
PA14_68230,-
PA14_68510,-
PA14_69870,pchP
PA14_70200,-
PA14_70940,betA
PA14_72710,-
PA14_73110,-
PA14_00120,-
PA14_00380,betC
PA14_00620,-
PA14_01770,-
PA14_02310,atsA
PA14_03220,-
PA14_03760,-
PA14_03920,spuD
PA14_03930,spuE
PA14_04140,-
PA14_05580,-
PA14_06620,-
PA14_06830,norB
PA14_06960,-
PA14_07940,trpE
PA14_09050,secY
PA14_09660,-
PA14_09850,opdN
PA14_09900,prpL
PA14_10790,ampC
PA14_13150,-
PA14_14530,-
PA14_15670,cumA
PA14_18330,arnT
PA14_18480,algX
PA14_18520,algK
PA14_22080,-
PA14_28800,-
PA14_29220,opdB
PA14_29230,-
PA14_29850,nuoN
PA14_29880,nuoL
PA14_30430,-
PA14_30840,-
PA14_31470,-
PA14_31850,-
PA14_33990,-
PA14_35190,pbpC
PA14_35590,pslM
PA14_35760,-
PA14_35920,-
PA14_36810,katE
PA14_37070,-
PA14_38200,ilvG
PA14_38770,-
PA14_39610,-
PA14_39770,-
PA14_41380,glnS
PA14_43810,-
PA14_44070,gltA
PA14_45130,-
PA14_46110,-
PA14_48090,aprF
PA14_48160,-
PA14_48530,-
PA14_48680,-
PA14_51600,-
PA14_52400,kup
PA14_54370,lepA
PA14_56390,-
PA14_58630,speC
PA14_59190,-
PA14_59440,-
PA14_60390,mviN
PA14_61720,-
PA14_62010,hitB
PA14_62710,pnp
PA14_66080,msbA
PA14_66350,-
PA14_68360,-
PA14_73410,yidC
PA14_03000,-
PA14_05480,-
PA14_07890,-
PA14_08560,tyrZ
PA14_10500,ccoN
PA14_11550,dxs
PA14_13800,-
PA14_14060,-
PA14_14940,ybdL
PA14_15630,-
PA14_19320,-
PA14_20050,hasF
PA14_20200,nosZ
PA14_21110,plcN
PA14_23920,purF
PA14_24330,-
PA14_24560,pelG
PA14_24720,-
PA14_25270,aroP1
PA14_27140,-
PA14_27730,yafH
PA14_28180,ordL
PA14_29940,nuoG
PA14_34290,-
PA14_35940,-
PA14_36345,exoY
PA14_38860,exaA
PA14_39860,-
PA14_40880,-
PA14_41090,mltD
PA14_41570,oprF
PA14_43030,-
PA14_43670,-
PA14_44420,fixG
PA14_44560,-
PA14_45000,gcl
PA14_46120,ilvG
PA14_54210,-
PA14_57730,mltB1
PA14_60950,cstA
PA14_61040,katB
PA14_62620,pgi
PA14_63100,-
PA14_64230,retS
PA14_65230,purA
PA14_65605,parC
PA14_66840,phaC2
PA14_68440,-
PA14_69950,-
PA14_70850,pstC
PA14_72010,-
PA14_72110,-
PA14_02150,-
PA14_02370,-
PA14_03320,-
PA14_04730,-
PA14_05650,-
PA14_06230,-
PA14_07300,-
PA14_07530,dnaG
PA14_11790,-
PA14_17890,-
PA14_18740,argG
PA14_19830,-
PA14_24960,-
PA14_27550,-
PA14_32850,-
PA14_34870,chiC
PA14_36605,-
PA14_36740,-
PA14_37650,-
PA14_37790,pcoA
PA14_38970,-
PA14_40510,ccoN-2
PA14_42080,-
PA14_42350,pscC
PA14_44660,lig
PA14_46370,-
PA14_46960,ggt
PA14_52940,-
PA14_53140,-
PA14_53310,-
PA14_55320,-
PA14_57560,-
PA14_58350,-
PA14_58420,-
PA14_59580,-
PA14_60290,pilW
PA14_66410,-
PA14_67340,codB
PA14_69000,pepP
PA14_70980,betT1
PA14_71870,uvrD
PA14_00640,phzH
PA14_00830,-
PA14_07130,tktA
PA14_10440,opdL
PA14_12860,-
PA14_15720,yfhD
PA14_16330,-
PA14_17500,mutS
PA14_18450,algI
PA14_19050,metG
PA14_22310,-
PA14_22620,cyaB
PA14_28400,oprQ
PA14_30040,-
PA14_30960,traG
PA14_31680,-
PA14_33810,pvdA
PA14_35780,-
PA14_36840,glgP
PA14_39390,-
PA14_39590,-
PA14_41760,-
PA14_46450,aceK
PA14_47600,-
PA14_48910,-
PA14_48930,-
PA14_49250,napA
PA14_49300,-
PA14_49940,-
PA14_51070,opdD
PA14_51170,pauA
PA14_51900,proS
PA14_54450,nadB
PA14_55080,-
PA14_55450,hxcQ
PA14_55690,recC
PA14_56080,sbcB
PA14_57640,-
PA14_57710,cysN
PA14_59210,-
PA14_59790,pvrR
PA14_60100,dtd
PA14_69300,-
PA14_69850,betT
PA14_69910,rep
PA14_70270,algC
PA14_70470,-
PA14_70570,recG
PA14_71840,-
PA14_06640,-
PA14_07820,-
PA14_14440,valS
PA14_20530,-
PA14_21190,-
PA14_21880,tsp
PA14_25840,-
PA14_30180,idh
PA14_30660,uvrC
PA14_31030,-
PA14_31240,-
PA14_31890,-
PA14_33690,pvdE
PA14_36630,glgX
PA14_41020,adi
PA14_41560,nasA
PA14_41810,-
PA14_50360,flgK
PA14_50570,-
PA14_55380,-
PA14_59830,-
PA14_60020,-
PA14_60580,-
PA14_70920,-
PA14_71260,-
PA14_02020,-
PA14_03190,-
PA14_03285,-
PA14_03800,oprE
PA14_08120,-
PA14_08540,-
PA14_10770,-
PA14_12280,cutE
PA14_13130,-
PA14_13340,-
PA14_15740,purL
PA14_16250,lasB
PA14_16690,ppc
PA14_21610,oprO
PA14_22100,-
PA14_24600,-
PA14_26640,-
PA14_29050,-
PA14_32270,oprD3
PA14_32840,-
PA14_33410,opdJ
PA14_33820,pvdQ
PA14_34900,-
PA14_35820,tnpS
PA14_40290,lasA
PA14_41800,-
PA14_47540,ompP1
PA14_47800,btuB
PA14_48890,-
PA14_50830,-
PA14_53670,-
PA14_54970,-
PA14_56790,-
PA14_58720,-
PA14_60550,-
PA14_62200,mrcB
PA14_66100,-
PA14_67065,mdoH
PA14_69130,glpT
PA14_69170,-
PA14_70830,pstA
PA14_71850,-
PA14_72960,kgtP
PA14_00875,ppkA
PA14_01110,-
PA14_01870,-
PA14_03720,-
PA14_04290,-
PA14_05010,-
PA14_05920,-
PA14_12060,pbpA
PA14_12990,-
PA14_15070,oprC
PA14_20520,-
PA14_21620,oprP
PA14_22250,-
PA14_24360,-
PA14_29390,-
PA14_35700,-
PA14_37010,-
PA14_40100,-
PA14_41470,-
PA14_42230,bglX
PA14_44030,-
PA14_46880,-
PA14_51720,tolB
PA14_53970,-
PA14_58410,-
PA14_58750,pilB
PA14_59350,pilV2
PA14_61190,-
PA14_62160,ilvI
PA14_65060,-
PA14_68730,gshA
PA14_69070,yhiH
PA14_00090,glyS
PA14_00790,prlC
PA14_03250,-
PA14_11000,hpaA
PA14_13110,-
PA14_16820,-
PA14_17580,-
PA14_31690,-
PA14_32830,-
PA14_33970,-
PA14_39440,-
PA14_41530,nirB
PA14_42980,-
PA14_46620,-
PA14_51880,oprD
PA14_52180,relA
PA14_56680,-
PA14_58890,-
PA14_59100,-
PA14_59180,-
PA14_66270,-
PA14_66400,aefA
PA14_67220,-
PA14_69230,ppk
PA14_71430,-
PA14_73240,atpD
PA14_09520,mexI
PA14_13140,-
PA14_20230,-
PA14_20870,-
PA14_21210,-
PA14_33000,gcvP2
PA14_34970,gcd
PA14_37690,-
PA14_38080,-
PA14_39650,cirA
PA14_40350,-
PA14_41750,-
PA14_42670,-
PA14_45890,-
PA14_48880,intT
PA14_52350,-
PA14_52800,acsA
PA14_58560,piuB
PA14_59070,-
PA14_60490,-
PA14_63990,speA
PA14_65200,rnr
PA14_67510,estA
PA14_73370,gidA
PA14_03980,-
PA14_23470,wbpM
PA14_25000,slt
PA14_35290,gnd
PA14_39520,-
PA14_44680,smc
PA14_48060,aprA
PA14_49160,yegE
PA14_54950,-
PA14_59610,-
PA14_60080,-
PA14_61990,-
PA14_62650,-
PA14_73260,atpA
PA14_00910,-
PA14_01970,-
PA14_08820,fusA1
PA14_18150,acsL
PA14_22140,-
PA14_24270,pepN
PA14_24490,pelB
PA14_34130,-
PA14_39690,nrdD
PA14_43000,-
PA14_44290,acnA
PA14_44740,xdhB
PA14_47140,pfuA
PA14_54700,yjcS
PA14_55610,-
PA14_66170,-
PA14_66320,-
PA14_67230,-
PA14_67530,-
PA14_03310,-
PA14_07650,ycgB
PA14_09180,uvrA
PA14_16860,plsB
PA14_17040,glnD
PA14_21700,-
PA14_26420,-
PA14_28100,-
PA14_28650,thrS
PA14_30690,-
PA14_35800,-
PA14_36710,glgB
PA14_38410,amrB
PA14_39820,ufrA
PA14_50730,phaA
PA14_54170,-
PA14_54890,-
PA14_54980,-
PA14_63960,-
PA14_68850,gcvP1
PA14_01160,-
PA14_09270,pchE
PA14_16360,-
PA14_19340,-
PA14_22130,-
PA14_23510,uvrB
PA14_25230,mfd
PA14_32390,mexF
PA14_33450,treA
PA14_34810,mxaA
PA14_41220,lon
PA14_46320,pyc
PA14_49360,-
PA14_52600,alaS
PA14_54180,-
PA14_58610,-
PA14_59540,-
PA14_60070,-
PA14_65080,ygiR
PA14_67200,-
PA14_00050,gyrB
PA14_05540,mexB
PA14_12820,-
PA14_13940,-
PA14_15610,-
PA14_20510,-
PA14_23370,orfK
PA14_24300,-
PA14_29350,pfeA
PA14_37880,-
PA14_40120,polB
PA14_47190,cyoB
PA14_57220,secA
PA14_60830,mexD
PA14_62910,carB
PA14_07480,-
PA14_08310,-
PA14_11100,cupB5
PA14_12230,leuS
PA14_18780,mexF
PA14_23450,orfM
PA14_29990,nuoD
PA14_34990,-
PA14_40040,-
PA14_46460,-
PA14_46640,-
PA14_53340,-
PA14_60870,morA
PA14_67180,-
PA14_72540,-
PA14_10200,-
PA14_19810,-
PA14_23260,gyrA
PA14_41110,-
PA14_41130,-
PA14_43650,-
PA14_47360,-
PA14_52230,pirA
PA14_53610,-
PA14_53660,-
PA14_58090,-
PA14_03380,-
PA14_09340,fptA
PA14_15590,-
PA14_18630,eprS
PA14_21400,hrpA
PA14_56890,-
PA14_59690,-
PA14_59940,-
PA14_61150,-
PA14_72490,polA
PA14_02410,-
PA14_07500,-
PA14_07680,prkA
PA14_11140,-
PA14_25970,cobN
PA14_33340,-
PA14_46540,-
PA14_46590,-
PA14_52300,-
PA14_60130,-
PA14_69510,-
PA14_21690,lhr1
PA14_23360,wzz
PA14_30590,-
PA14_40640,cti
PA14_53600,-
PA14_59750,-
PA14_62630,acsB
PA14_66290,aceA
PA14_69610,cyaA
PA14_71500,soxA
PA14_03200,-
PA14_22090,-
PA14_28830,-
PA14_28895,-
PA14_30700,-
PA14_40260,-
PA14_50980,pac
PA14_60370,ileS
PA14_13430,fecA
PA14_21730,fecA
PA14_22110,-
PA14_24290,gbt
PA14_25110,topA
PA14_37490,-
PA14_39640,-
PA14_58760,pilC
PA14_05640,bfrG
PA14_09970,fpvB
PA14_20010,hasR
PA14_27675,-
PA14_55050,-
PA14_61850,iutA
PA14_17150,-
PA14_33650,pvdD
PA14_35770,-
PA14_37730,-
PA14_66670,ponA
PA14_17260,dnaE
PA14_39470,-
PA14_47380,hxuC
PA14_51530,exoU
PA14_55670,recB
PA14_63605,fdnG
PA14_07430,-
PA14_24480,pelA
PA14_42900,-
PA14_44920,-
PA14_49460,nrdA
PA14_11080,cupB3
PA14_36730,-
PA14_37030,cupA3
PA14_44010,sucA
PA14_67190,-
PA14_09280,pchF
PA14_18970,pldA
PA14_59780,-
PA14_62350,phuR
PA14_62530,cbrA
PA14_05390,-
PA14_08780,rpoC
PA14_23460,orfN
PA14_31010,-
PA14_53360,plcH
PA14_66620,pilQ
PA14_67210,-
PA14_08050,-
PA14_32740,optS
PA14_40670,metH
PA14_49520,pyoS3A
PA14_54080,-
PA14_08300,JF1
PA14_50300,-
PA14_54930,-
PA14_34840,-
PA14_44910,-
PA14_59200,-
PA14_59630,-
PA14_61540,csuD
PA14_08760,rpoB
PA14_54940,-
PA14_59840,-
PA14_03270,-
PA14_13780,-
PA14_37900,-
PA14_58570,piuA
PA14_23380,orfH
PA14_23440,orfL
PA14_58900,-
PA14_64710,-
PA14_66570,gltB
PA14_06160,fiuA
PA14_33360,-
PA14_22270,-
PA14_59800,-
PA14_15580,-
PA14_29400,rhs
PA14_51450,cupC3
PA14_59220,-
PA14_24445,gdhB
PA14_53590,-
PA14_59550,-
PA14_16190,-
PA14_23410,orfJ
PA14_58250,-
PA14_33680,fpvA
PA14_39480,-
PA14_49030,-
PA14_28840,-
PA14_21490,-
PA14_27990,-
PA14_61200,-
PA14_33630,pvdJ
PA14_00510,-
PA14_28770,-
PA14_54920,-
PA14_23430,-
PA14_07770,ostA
PA14_35790,-
PA14_69520,-
PA14_28820,-
PA14_23390,orfE
PA14_23420,-
PA14_35740,tpnA
PA14_38180,-
PA14_22120,-
PA14_21020,-
PA14_23400,-
PA14_28810,-
PA14_43100,-
PA14_49480,-
PA14_33280,pvdL
PA14_60310,pilY1
PA14_33610,-
PA14_55400,-
PA14_32790,-
