locusId	n_exp	median_fitness
10177611	186	-0.5
10177612	186	-0.1
10177613	186	0.0
10177614	186	-0.13999999999999999
3606569	186	-0.16666666666666669
3606570	186	-0.19090909090909092
3606572	186	-0.05645161290322581
3606573	186	-0.07500000000000001
3606576	186	-0.1297945205479452
3606577	186	-0.07272727272727272
3606578	186	-0.17941176470588238
3606579	186	-0.2
3606581	186	-0.2
3606582	186	-2.3790493384824782e-17
3606583	186	-0.10084745762711864
3606584	186	-0.13999999999999999
3606585	186	-0.15999999999999998
3606586	186	-0.08981481481481482
3606587	186	-0.07500000000000001
3606588	186	-0.16666666666666666
3606589	186	-0.14999999999999997
3606590	186	-0.11875000000000004
3606591	186	-0.12857142857142856
3606593	186	-0.05
3606594	186	-0.05454545454545455
3606595	186	-0.05238095238095236
3606596	186	-0.16666666666666669
3606598	186	-0.175
3606601	186	-0.15
3606602	186	-0.16666666666666666
3606603	186	-0.3666666666666667
3606604	186	-0.125
3606605	186	0.1
3606606	186	-0.5249999999999999
3606608	186	0.1
3606609	186	-0.09285714285714286
3606610	186	0.030000000000000006
3606612	186	-1.2954545454545454
3606613	186	-0.02499999999999998
3606614	186	-0.0931818181818182
3606615	186	-0.16935483870967744
3606616	186	-0.13333333333333333
3606617	186	0.0
3606619	186	-0.09545454545454546
3606620	186	-0.09166666666666665
3606621	186	-0.15000000000000002
3606622	186	-0.10000000000000002
3606629	186	-0.12857142857142856
3606631	186	-0.08888888888888888
3606632	186	-0.14285714285714285
3606633	186	-0.13076923076923078
3606634	186	-0.16666666666666669
3606635	186	0.07222222222222222
3606636	186	-1.0
3606637	186	-0.07352941176470588
3606638	186	0.15000000000000002
3606639	186	-0.023076923076923085
3606640	186	0.11944444444444445
3606641	186	-0.48571428571428577
3606642	186	-0.12142857142857141
3606643	186	-0.12857142857142856
3606644	186	-0.14285714285714285
3606645	186	0.049999999999999975
3606646	186	-0.08750000000000002
3606649	186	-0.1625
3606650	186	-0.5
3606651	186	-0.12000000000000002
3606652	186	-0.5666666666666667
3606653	186	-0.03333333333333334
3606654	186	-1.15
3606655	186	-0.07916666666666668
3606656	186	-0.07800000000000001
3606657	186	-0.09375000000000001
3606658	186	-1.6733333333333333
3606659	186	-0.10555555555555557
3606660	186	-1.025
3606661	186	-0.18636363636363637
3606662	186	-0.07500000000000001
3606664	186	-0.06499999999999997
3606665	186	-0.205
3606666	186	0.06071428571428571
3606667	186	-0.175
3606668	186	-0.16249999999999998
3606669	186	-0.07839506172839507
3606670	186	-0.7882352941176471
3606671	186	-0.12222222222222223
3606672	186	-0.0736842105263158
3606673	186	-0.2076923076923077
3606674	186	-0.13333333333333333
3606675	186	-0.06363636363636366
3606676	186	-0.12777777777777777
3606677	186	-0.10454545454545455
3606678	186	-0.1611111111111111
3606679	186	-0.13999999999999999
3606680	186	-0.0625
3606681	186	-0.15384615384615385
3606682	186	0.05
3606684	186	0.058333333333333334
3606685	186	-0.020833333333333332
3606687	186	-0.058333333333333334
3606688	186	-0.1
3606689	186	-0.1
3606690	186	-0.05000000000000004
3606691	186	-0.0675
3606692	186	-0.1380952380952381
3606693	186	-0.08461538461538462
3606694	186	-0.2068181818181818
3606695	186	-0.05
3606696	186	0.0
3606697	186	0.1375
3606699	186	-0.059375000000000004
3606702	186	-0.07307692307692307
3606703	186	-0.025000000000000005
3606704	186	-0.0975
3606705	186	-0.19999999999999998
3606706	186	0.1
3606707	186	-0.0392857142857143
3606708	186	-0.034615384615384596
3606709	186	-0.4
3606710	186	-0.5249999999999999
3606711	186	-0.7
3606712	186	0.25
3606713	186	-0.049999999999999996
3606714	186	-0.10833333333333334
3606715	186	-0.12857142857142856
3606717	186	-0.09999999999999999
3606719	186	-0.6000000000000001
3606720	186	-0.18125000000000002
3606721	186	-0.15000000000000002
3606722	186	-0.046666666666666676
3606723	186	0.05000000000000003
3606724	186	-0.05
3606725	186	-0.21666666666666667
3606728	186	-0.095
3606729	186	0.14285714285714285
3606730	186	-0.04999999999999999
3606732	186	-0.55
3606733	186	-0.06764705882352941
3606736	186	0.25
3606737	186	-0.11052631578947367
3606738	186	-0.08939393939393939
3606746	186	0.2
3606747	186	-0.2285714285714286
3606749	186	-0.1833333333333333
3606751	186	-0.7
3606752	186	-0.36250000000000004
3606753	186	-0.15000000000000002
3606754	186	-0.15833333333333333
3606755	186	-0.20000000000000004
3606756	186	-0.125
3606758	186	-0.037499999999999985
3606759	186	-0.145
3606760	186	-0.5980769230769231
3606763	186	-0.432258064516129
3606764	186	-0.2222222222222222
3606766	186	-0.012500000000000011
3606771	186	-0.16666666666666666
3606772	186	-0.35
3606773	186	0.05
3606774	186	-0.010000000000000007
3606775	186	-0.18181818181818182
3606776	186	-0.45
3606777	186	0.0
3606778	186	-0.13333333333333333
3606779	186	-0.16999999999999998
3606780	186	-0.2222222222222222
3606781	186	-0.3058823529411765
3606782	186	-0.33333333333333337
3606783	186	0.1875
3606784	186	-0.25357142857142856
3606787	186	-0.8
3606789	186	-0.042857142857142864
3606791	186	-0.4
3606793	186	-0.1
3606795	186	-0.1
3606796	186	-0.06000000000000001
3606797	186	0.013333333333333334
3606798	186	-0.8
3606802	186	-0.0027777777777777796
3606803	186	-0.126
3606804	186	-0.22499999999999998
3606806	186	-0.06666666666666667
3606808	186	-0.16666666666666674
3606809	186	-0.05999999999999999
3606810	186	-0.1375
3606811	186	-0.07222222222222224
3606812	186	0.059375
3606813	186	-0.05454545454545456
3606814	186	-0.07500000000000001
3606815	186	-0.037500000000000006
3606817	186	-0.09411764705882353
3606818	186	-0.014285714285714277
3606819	186	-0.04374999999999998
3606820	186	-0.07241379310344828
3606821	186	-0.020000000000000007
3606822	186	-0.17142857142857149
3606823	186	-0.08846153846153845
3606824	186	0.26
3606825	186	-0.1
3606827	186	-0.0868421052631579
3606832	186	-0.06666666666666667
3606833	186	-0.047499999999999994
3606834	186	0.08125000000000002
3606837	186	-0.005357142857142862
3606840	186	-0.027272727272727268
3606849	186	-0.2
3606850	186	-0.06666666666666667
3606851	186	-0.1
3606852	186	-0.018965517241379314
3606853	186	-0.04186046511627907
3606854	186	-0.052000000000000005
3606860	186	-0.1
3606861	186	-0.01904761904761905
3606862	186	-0.007894736842105274
3606876	186	0.1
3606881	186	0.002941176470588235
3606882	186	-0.09444444444444441
3606883	186	-0.05769230769230769
3606884	186	0.15000000000000002
3606885	186	-0.2
3606886	186	-0.075
3606888	186	-0.15178571428571425
3606889	186	-0.14310344827586208
3606890	186	-0.08214285714285714
3606891	186	-0.25
3606893	186	0.049999999999999996
3606895	186	0.014285714285714322
3606899	186	0.0659090909090909
3606900	186	-0.03749999999999999
3606901	186	-0.4
3606902	186	-0.16666666666666666
3606906	186	-0.1941176470588235
3606907	186	-0.08095238095238097
3606908	186	-0.052500000000000005
3606909	186	-0.8125
3606910	186	-0.025000000000000005
3606911	186	-0.10454545454545454
3606914	186	-0.3
3606915	186	-0.005882352941176476
3606916	186	-0.5
3606917	186	-0.5
3606918	186	-0.43333333333333335
3606919	186	-6.938893903907228e-18
3606920	186	-0.1
3606926	186	-0.14444444444444443
3606927	186	-0.047368421052631574
3606928	186	-0.09687499999999999
3606929	186	-0.15
3606931	186	-0.15000000000000002
3606932	186	-0.625
3606933	186	-0.18333333333333335
3606934	186	-0.1642857142857143
3606935	186	-0.36153846153846153
3606936	186	-0.23333333333333334
3606937	186	0.05
3606938	186	-0.042857142857142864
3606939	186	0.12692307692307692
3606940	186	0.1375
3606941	186	-0.17777777777777778
3606942	186	-1.214306433183765e-17
3606943	186	-0.105
3606944	186	0.009999999999999986
3606945	186	-0.12391304347826086
3606946	186	0.0
3606947	186	-0.14615384615384616
3606948	186	-0.08846153846153848
3606949	186	-0.16666666666666666
3606950	186	-0.2
3606951	186	-0.19583333333333333
3606952	186	-0.11176470588235293
3606953	186	-0.22857142857142862
3606954	186	-0.04444444444444446
3606955	186	-0.25
3606956	186	0.1
3606957	186	-0.09285714285714286
3606958	186	-0.1
3606961	186	-0.0625
3606962	186	-0.06000000000000001
3606963	186	-0.046875
3606970	186	-0.024200913242009132
3606971	186	-0.06506024096385542
3606972	186	-0.060714285714285714
3606973	186	-0.09577922077922078
3606974	186	-0.07268041237113401
3606975	186	-0.049166666666666664
3606976	186	-0.06590909090909092
3606977	186	-0.0923611111111111
3606978	186	-0.13714285714285715
3606979	186	-0.12097902097902097
3606980	186	-0.12613636363636363
3606981	186	-0.1565217391304348
3606984	186	-0.10086206896551725
3606985	186	-0.08378378378378377
3606986	186	0.07999999999999999
3606987	186	-0.20714285714285713
3606988	186	-0.007142857142857157
3606989	186	-0.2
3606990	186	-0.26499999999999996
3606991	186	-0.09264705882352942
3606992	186	-0.02666666666666668
3606993	186	0.06666666666666662
3606994	186	-0.08333333333333333
3606995	186	-0.175
3606996	186	-0.1285714285714286
3606997	186	-0.15000000000000002
3606998	186	-0.125
3606999	186	-0.18333333333333335
3607000	186	-0.15789473684210525
3607001	186	-0.08
3607002	186	-0.19736842105263158
3607003	186	-0.18666666666666665
3607005	186	0.03124999999999999
3607006	186	-0.19285714285714284
3607007	186	-0.13653846153846155
3607008	186	-0.075
3607009	186	-0.16
3607010	186	-0.18833333333333335
3607011	186	-0.12258064516129033
3607012	186	-0.15833333333333335
3607013	186	-0.1285714285714286
3607014	186	-0.16600000000000004
3607015	186	-0.16666666666666666
3607016	186	-0.1
3607017	186	-0.15
3607018	186	-0.11764705882352941
3607019	186	-0.0666666666666667
3607020	186	-0.09499999999999999
3607021	186	-0.07115384615384615
3607022	186	-0.08750000000000001
3607023	186	-0.03000000000000001
3607024	186	-0.1375
3607025	186	-0.1375
3607026	186	-0.08800000000000001
3607027	186	-0.1620253164556962
3607028	186	-0.17142857142857143
3607029	186	-0.0423076923076923
3607030	186	-0.15365853658536588
3607031	186	-0.14
3607032	186	-0.18000000000000005
3607033	186	-0.08139534883720931
3607034	186	-0.1440677966101695
3607035	186	-0.14651162790697675
3607036	186	-0.11764705882352941
3607037	186	-0.14444444444444446
3607038	186	-0.10735294117647058
3607039	186	-0.138
3607040	186	-0.020689655172413793
3607041	186	-0.09545454545454546
3607044	186	-0.10555555555555556
3607045	186	-0.11095238095238094
3607046	186	-0.08989898989898991
3607047	186	-0.07678571428571426
3607048	186	-0.15
3607049	186	-0.06666666666666667
3607050	186	-0.1142857142857143
3607051	186	-0.18703703703703703
3607052	186	-0.10535714285714284
3607053	186	-0.10726495726495724
3607054	186	-0.08396226415094338
3607055	186	-0.11438356164383562
3607056	186	-0.1396551724137931
3607057	186	-0.09666666666666668
3607058	186	-0.11875
3607059	186	-0.05444444444444445
3607060	186	-0.10405405405405405
3607061	186	-0.0853448275862069
3607062	186	-0.11377551020408164
3607063	186	-0.12925531914893618
3607064	186	-0.17857142857142858
3607065	186	-0.06739130434782609
3607066	186	-0.13225806451612904
3607067	186	-0.1391304347826087
3607068	186	-0.09507042253521128
3607069	186	-0.1166666666666667
3607070	186	-0.12631578947368421
3607071	186	-0.12
3607072	186	-0.10588235294117647
3607073	186	-0.1975
3607074	186	-0.15
3607075	186	-0.12586206896551724
3607076	186	-0.10833333333333332
3607077	186	-0.06818181818181818
3607078	186	-0.06644736842105263
3607079	186	-0.07142857142857142
3607080	186	-0.18333333333333335
3607081	186	-0.05833333333333333
3607082	186	-0.1
3607083	186	-0.088
3607084	186	-0.06428571428571431
3607085	186	-0.10142857142857142
3607086	186	-0.1346153846153846
3607087	186	-0.14583333333333334
3607088	186	-0.075
3607089	186	-0.09464285714285714
3607090	186	-0.06818181818181818
3607091	186	-0.11538461538461539
3607092	186	3.469446951953614e-18
3607093	186	0.06521739130434782
3607094	186	-0.10789473684210528
3607095	186	-0.04347826086956521
3607096	186	-0.07241379310344828
3607097	186	-0.09285714285714286
3607098	186	-0.0945945945945946
3607099	186	-0.13837209302325582
3607100	186	-0.12045454545454545
3607101	186	-0.09893617021276596
3607102	186	-0.10333333333333333
3607103	186	-0.016666666666666684
3607104	186	-0.04500000000000001
3607105	186	-0.06481481481481483
3607106	186	-0.14615384615384613
3607107	186	-0.08974358974358976
3607108	186	-0.1
3607109	186	-0.11999999999999998
3607110	186	-0.04
3607111	186	-0.08809523809523812
3607112	186	-0.07714285714285715
3607113	186	-0.066
3607114	186	-0.10800000000000001
3607115	186	-0.17105263157894737
3607117	186	-0.04999999999999999
3607118	186	-0.053571428571428575
3607119	186	-0.09285714285714286
3607120	186	-0.10727272727272728
3607121	186	-0.09999999999999999
3607122	186	-0.125
3607123	186	-0.06041666666666666
3607124	186	-0.10454545454545454
3607125	186	-0.12121212121212122
3607126	186	-0.12916666666666665
3607127	186	-0.03448275862068966
3607128	186	-0.27380952380952384
3607129	186	-0.07727272727272727
3607130	186	0.025000000000000015
3607131	186	-0.07903225806451614
3607132	186	-0.08548387096774193
3607133	186	-0.09019607843137255
3607134	186	-0.13684210526315788
3607135	186	-0.16666666666666666
3607136	186	-0.14111111111111113
3607137	186	-0.08846153846153845
3607138	186	-0.031578947368421054
3607139	186	-0.1590909090909091
3607140	186	-0.058695652173913045
3607141	186	-0.14100000000000001
3607142	186	-0.11
3607143	186	-0.07714285714285715
3607144	186	-0.03225806451612903
3607145	186	-0.21
3607146	186	-0.2333333333333333
3607147	186	-0.16799999999999998
3607148	186	-0.1574712643678161
3607149	186	-0.21111111111111114
3607150	186	-0.15681818181818183
3607151	186	-0.10500000000000001
3607152	186	-0.20322580645161292
3607153	186	-0.15333333333333332
3607154	186	-0.17564102564102563
3607155	186	-0.115625
3607156	186	-0.10600000000000001
3607157	186	-0.07121212121212121
3607158	186	-0.12403846153846154
3607159	186	-0.15666666666666668
3607160	186	-0.19999999999999998
3607163	186	-0.14186046511627906
3607164	186	-0.02500000000000001
3607165	186	-0.12
3607166	186	0.0
3607167	186	-0.09090909090909094
3607168	186	-0.09615384615384616
3607169	186	-0.07916666666666666
3607175	186	-0.9
3607176	186	-0.06428571428571428
3607177	186	-0.14444444444444446
3607178	186	-0.15909090909090912
3607179	186	-0.11388888888888889
3607181	186	-0.16666666666666666
3607182	186	-0.08660130718954248
3607183	186	-0.08936781609195403
3607184	186	-0.11190476190476191
3607185	186	-0.035
3607186	186	-0.1459016393442623
3607187	186	-0.12
3607188	186	-0.0858490566037736
3607189	186	-0.11408045977011494
3607190	186	-0.07521739130434785
3607191	186	-0.10555555555555556
3607192	186	-0.12727272727272726
3607193	186	-0.21666666666666665
3607194	186	-0.2791666666666667
3607195	186	-0.10588235294117647
3607196	186	-0.12386363636363637
3607197	186	0.0
3607198	186	-0.17142857142857143
3607199	186	-0.09
3607200	186	-0.145
3607201	186	-0.18888888888888888
3607202	186	-0.09999999999999999
3607203	186	-0.036
3607209	186	0.0
3607210	186	3.700743415417188e-17
3607211	186	-0.11000000000000001
3607212	186	-0.08333333333333333
3607213	186	-0.0875
3607215	186	-0.16666666666666666
3607216	186	-0.02500000000000001
3607217	186	-0.12352941176470587
3607218	186	-0.4444444444444444
3607219	186	-0.090625
3607220	186	-0.09375
3607221	186	-0.03999999999999998
3607222	186	-0.10714285714285712
3607223	186	-0.05555555555555554
3607224	186	0.12000000000000002
3607225	186	0.0
3607226	186	-0.275
3607228	186	-0.31333333333333335
3607229	186	0.020833333333333343
3607230	186	-0.145
3607231	186	-0.060714285714285714
3607232	186	-0.275
3607233	186	-0.16999999999999998
3607236	186	0.009090909090909085
3607237	186	-0.08333333333333333
3607238	186	-0.635
3607239	186	-0.5
3607240	186	-0.485483870967742
3607241	186	-0.52
3607242	186	-0.5107142857142857
3607243	186	-0.49583333333333335
3607244	186	-0.03421052631578948
3607245	186	0.0875
3607246	186	-0.11363636363636363
3607247	186	-0.07083333333333332
3607248	186	-0.03333333333333334
3607249	186	0.09
3607250	186	0.12105263157894738
3607251	186	-0.09166666666666665
3607252	186	0.03749999999999999
3607253	186	0.18333333333333335
3607254	186	-1.9
3607255	186	-0.056249999999999994
3607256	186	-0.09374999999999997
3607258	186	-0.09999999999999999
3607260	186	-0.01764705882352941
3607261	186	-0.09615384615384617
3607262	186	-0.1625
3607263	186	-0.09375
3607264	186	-0.06666666666666665
3607265	186	-1.0
3607267	186	-0.1
3607268	186	-0.07857142857142857
3607269	186	-0.13333333333333333
3607270	186	0.01666666666666667
3607271	186	-0.05657894736842106
3607272	186	-0.08888888888888888
3607273	186	-0.0368421052631579
3607274	186	0.05
3607275	186	-0.05357142857142858
3607276	186	-0.10857142857142858
3607277	186	-0.08695652173913043
3607278	186	0.016666666666666677
3607279	186	-0.1111111111111111
3607280	186	-0.08333333333333331
3607281	186	-3.784851220313033e-18
3607282	186	-0.0945945945945946
3607283	186	-0.04210526315789474
3607284	186	-0.1
3607285	186	-0.0984375
3607286	186	0.11875000000000001
3607287	186	0.09999999999999999
3607288	186	0.007692307692307682
3607289	186	0.08333333333333333
3607290	186	0.010714285714285716
3607292	186	0.125
3607293	186	0.24285714285714285
3607294	186	-0.07837837837837838
3607295	186	-0.07499999999999998
3607296	186	-0.075
3607297	186	-0.08
3607298	186	-0.02000000000000001
3607299	186	-0.09444444444444444
3607300	186	-0.125
3607301	186	-0.05555555555555556
3607302	186	-0.20454545454545456
3607303	186	-0.00625
3607304	186	-0.16666666666666666
3607305	186	-0.15999999999999998
3607306	186	-0.2
3607307	186	-0.3
3607308	186	-0.18333333333333332
3607309	186	-0.017857142857142856
3607310	186	0.039999999999999994
3607312	186	-0.1090909090909091
3607313	186	-0.15263157894736842
3607314	186	-0.15000000000000002
3607315	186	-0.06666666666666667
3607316	186	-0.10454545454545455
3607317	186	-0.35
3607318	186	-0.25
3607319	186	-0.11428571428571428
3607320	186	0.0
3607321	186	-0.18749999999999997
3607322	186	-0.21
3607323	186	-0.2
3607324	186	-0.40714285714285714
3607325	186	-0.0975
3607328	186	-0.12222222222222222
3607330	186	-0.15625
3607331	186	-0.026923076923076925
3607335	186	-0.08636363636363636
3607336	186	-0.13823529411764707
3607337	186	-0.039999999999999994
3607338	186	-1.850371707708594e-17
3607339	186	-0.1
3607340	186	-0.17647058823529413
3607341	186	0.05000000000000001
3607342	186	-0.0851851851851852
3607343	186	-0.25
3607344	186	-0.08571428571428572
3607345	186	-0.11000000000000001
3607346	186	0.1
3607348	186	-0.04285714285714287
3607350	186	-1.2666666666666666
3607351	186	-0.07727272727272727
3607352	186	-0.15
3607354	186	-0.14999999999999997
3607355	186	0.0
3607356	186	-0.11666666666666667
3607357	186	-0.15
3607358	186	-0.17058823529411765
3607359	186	-0.10625000000000001
3607360	186	-0.04000000000000001
3607361	186	-0.15
3607363	186	0.1
3607364	186	-0.16999999999999998
3607366	186	-0.07857142857142857
3607368	186	-0.15416666666666667
3607369	186	-0.19857142857142857
3607370	186	0.0
3607375	186	-0.124
3607376	186	-0.5800000000000001
3607377	186	-0.04999999999999999
3607378	186	0.2
3607379	186	-0.118
3607382	186	-0.9
3607383	186	-0.16666666666666666
3607385	186	-0.1
3607386	186	2.3129646346357427e-18
3607387	186	-0.10769230769230768
3607388	186	-0.026666666666666665
3607389	186	-0.14827586206896554
3607390	186	-0.09285714285714286
3607392	186	-0.08571428571428572
3607393	186	-0.1357142857142857
3607394	186	-0.125
3607395	186	-0.2636363636363636
3607396	186	-0.15833333333333333
3607398	186	-0.08333333333333336
3607399	186	-0.18
3607401	186	-0.059999999999999984
3607402	186	0.1
3607403	186	0.125
3607404	186	-0.1
3607405	186	-0.1375
3607406	186	-0.22499999999999998
3607407	186	-0.45
3607409	186	0.265
3607410	186	0.16363636363636364
3607411	186	-0.11964285714285713
3607412	186	-0.344
3607413	186	0.04000000000000002
3607414	186	-0.1875
3607415	186	-0.13636363636363635
3607416	186	-0.10833333333333331
3607417	186	-0.15
3607418	186	-0.6333333333333333
3607419	186	-0.153125
3607420	186	-0.15833333333333333
3607421	186	-0.10750000000000001
3607422	186	-0.14583333333333334
3607423	186	-0.095
3607424	186	-0.061538461538461556
3607425	186	-0.06999999999999999
3607426	186	-0.09090909090909091
3607427	186	-0.11176470588235293
3607428	186	-0.0875
3607429	186	-0.30000000000000004
3607430	186	-0.2
3607431	186	-0.07142857142857142
3607432	186	-0.1785714285714286
3607433	186	-0.9958333333333333
3607434	186	-0.85
3607435	186	-0.30833333333333335
3607436	186	-0.035
3607437	186	-0.03181818181818183
3607439	186	0.060000000000000005
3607440	186	-0.0875
3607441	186	0.08333333333333333
3607442	186	-0.3
3607443	186	-0.2333333333333333
3607444	186	-0.07115384615384615
3607445	186	-0.1
3607446	186	-0.07916666666666666
3607447	186	-0.17272727272727276
3607448	186	-0.09545454545454546
3607449	186	-0.1425
3607450	186	0.16
3607451	186	-0.12
3607452	186	-0.16470588235294117
3607453	186	-0.062499999999999986
3607454	186	-0.11666666666666665
3607455	186	-0.1631578947368421
3607456	186	-0.01666666666666667
3607457	186	-0.09655172413793103
3607458	186	-0.10000000000000002
3607459	186	-0.16129032258064516
3607460	186	-0.0890625
3607461	186	-0.04565217391304347
3607464	186	-0.09642857142857143
3607465	186	-0.10909090909090909
3607466	186	-0.153125
3607467	186	-0.11071428571428571
3607468	186	-0.011111111111111096
3607469	186	-0.15
3607470	186	0.0
3607471	186	-0.1090909090909091
3607472	186	-0.15000000000000002
3607473	186	-0.08333333333333333
3607474	186	-0.08333333333333333
3607475	186	-0.04210526315789474
3607476	186	-0.05454545454545455
3607477	186	-0.07142857142857142
3607478	186	-0.07250000000000001
3607479	186	0.03333333333333334
3607480	186	-0.01954022988505747
3607481	186	0.041666666666666664
3607482	186	0.01739130434782609
3607483	186	0.13333333333333333
3607484	186	0.1
3607485	186	0.10757575757575757
3607486	186	0.03333333333333334
3607487	186	0.05833333333333335
3607488	186	0.25
3607489	186	0.14090909090909093
3607490	186	-0.08333333333333331
3607491	186	-0.010714285714285716
3607492	186	-0.15000000000000002
3607493	186	0.10833333333333332
3607494	186	0.175
3607495	186	0.0625
3607496	186	0.1
3607497	186	-0.03333333333333335
3607498	186	-0.05000000000000001
3607499	186	-0.125
3607500	186	0.1
3607501	186	-0.10833333333333334
3607502	186	-0.07222222222222222
3607503	186	-0.11249999999999999
3607504	186	-0.040740740740740744
3607505	186	-0.065
3607506	186	0.06250000000000001
3607507	186	-0.06666666666666668
3607513	186	0.19999999999999996
3607516	186	-0.040740740740740744
3607517	186	-0.0090909090909091
3607518	186	-0.1272727272727273
3607519	186	-0.15294117647058825
3607520	186	-0.16
3607521	186	-0.07500000000000001
3607522	186	1.665334536937735e-17
3607523	186	0.014285714285714284
3607524	186	-0.1323529411764706
3607525	186	-0.07142857142857142
3607526	186	-0.21842105263157896
3607527	186	-0.3
3607528	186	0.016666666666666663
3607529	186	-0.12727272727272726
3607530	186	-0.15
3607531	186	-0.09687499999999999
3607532	186	-0.17272727272727273
3607533	186	-0.1375
3607534	186	-0.08363636363636363
3607535	186	-0.15000000000000002
3607536	186	-0.23513513513513512
3607537	186	0.05714285714285715
3607541	186	-0.18448275862068966
3607542	186	-1.9
3607543	186	-0.05555555555555555
3607544	186	-0.07
3607545	186	-0.19166666666666665
3607546	186	-0.10750000000000001
3607547	186	-0.10500000000000004
3607548	186	-0.07999999999999999
3607549	186	-0.1375
3607552	186	-0.033333333333333354
3607553	186	-0.1
3607555	186	-0.025999999999999995
3607556	186	-0.028571428571428567
3607557	186	-0.031250000000000014
3607558	186	-0.05
3607559	186	-0.1416666666666667
3607560	186	-0.17058823529411765
3607561	186	-0.17857142857142858
3607562	186	-0.16842105263157894
3607563	186	-0.47000000000000003
3607564	186	-0.3
3607567	186	-0.2
3607569	186	-0.26875
3607570	186	0.1111111111111111
3607572	186	-0.07857142857142857
3607573	186	-0.07692307692307693
3607575	186	0.016666666666666646
3607576	186	-0.22499999999999998
3607577	186	-0.10000000000000002
3607578	186	-0.10925925925925926
3607579	186	-0.14
3607580	186	-0.08729508196721311
3607581	186	-0.103757225433526
3607582	186	-0.12839506172839504
3607584	186	-0.06818181818181818
3607585	186	-0.11710526315789473
3607586	186	-0.013636363636363624
3607587	186	-0.14375
3607588	186	-0.16428571428571428
3607589	186	-0.15555555555555556
3607590	186	-0.15526315789473685
3607591	186	-0.11000000000000001
3607592	186	-0.026923076923076925
3607593	186	-0.07999999999999999
3607594	186	-0.05909090909090908
3607595	186	-0.13333333333333333
3607596	186	-0.09090909090909091
3607597	186	-0.053571428571428575
3607598	186	-0.03333333333333334
3607602	186	-0.35
3607604	186	-0.20434782608695654
3607607	186	-0.18333333333333335
3607608	186	-0.17327586206896553
3607609	186	-0.2
3607610	186	-0.19999999999999998
3607611	186	-0.14516129032258066
3607612	186	-0.08461538461538462
3607615	186	-0.509217877094972
3607617	186	-0.175
3607618	186	-1.0
3607621	186	0.13333333333333336
3607623	186	-0.19999999999999998
3607624	186	-0.2333333333333333
3607625	186	-0.22499999999999998
3607626	186	-0.14583333333333334
3607627	186	-0.2
3607628	186	-0.06666666666666667
3607629	186	-0.12777777777777777
3607630	186	-0.14285714285714285
3607631	186	-0.07250000000000001
3607632	186	-0.12083333333333335
3607633	186	-0.08333333333333334
3607634	186	-0.049999999999999996
3607635	186	-0.19999999999999998
3607636	186	-0.2
3607637	186	-7.93016446160826e-18
3607638	186	-0.1131578947368421
3607639	186	-0.175
3607640	186	-0.05454545454545454
3607641	186	-0.15
3607642	186	-0.10714285714285716
3607643	186	-0.10277777777777777
3607644	186	-0.07999999999999999
3607645	186	-0.0125
3607646	186	-0.1
3607647	186	-0.10666666666666667
3607648	186	-0.11000000000000001
3607649	186	7.37257477290143e-18
3607650	186	-0.09722222222222224
3607651	186	-0.08333333333333334
3607652	186	-0.175
3607653	186	1.734723475976807e-18
3607654	186	-0.13333333333333333
3607656	186	-0.10000000000000002
3607657	186	-0.2333333333333333
3607658	186	-1.0071428571428571
3607659	186	-0.05000000000000003
3607666	186	0.075
3607667	186	-0.95
3607668	186	-0.9
3607669	186	-0.35714285714285715
3607670	186	-0.7000000000000001
3607671	186	-0.37727272727272726
3607672	186	-0.6625000000000001
3607673	186	0.125
3607674	186	-0.15
3607675	186	-0.03636363636363636
3607676	186	-0.04545454545454547
3607677	186	-0.01739130434782608
3607678	186	-0.11764705882352941
3607679	186	-0.0608695652173913
3607680	186	-0.08571428571428572
3607681	186	-0.04285714285714286
3607682	186	-0.033333333333333354
3607683	186	-0.12058823529411765
3607684	186	-0.10909090909090907
3607685	186	-0.06000000000000001
3607686	186	-0.10555555555555556
3607687	186	-0.06666666666666667
3607688	186	-0.13333333333333336
3607689	186	-0.12941176470588234
3607690	186	-0.13333333333333333
3607691	186	-0.04583333333333332
3607692	186	0.35000000000000003
3607694	186	-0.6833333333333333
3607695	186	-0.475
3607696	186	-0.8
3607697	186	-0.45
3607698	186	-0.033333333333333326
3607707	186	-0.06666666666666667
3607708	186	0.04999999999999999
3607710	186	0.030769230769230754
3607711	186	-0.05869565217391305
3607712	186	0.0
3607713	186	-0.234375
3607714	186	-0.03499999999999999
3607715	186	-0.1
3607716	186	-0.058333333333333334
3607717	186	-0.11666666666666667
3607718	186	-0.09166666666666667
3607719	186	-0.12857142857142856
3607720	186	-0.10294117647058823
3607721	186	-0.07692307692307693
3607722	186	0.0
3607723	186	0.3
3607724	186	-0.04666666666666666
3607725	186	-0.15000000000000002
3607726	186	0.013157894736842111
3607727	186	0.02142857142857143
3607729	186	-0.051666666666666666
3607730	186	-0.07307692307692307
3607731	186	-0.3
3607732	186	-0.3333333333333333
3607733	186	-0.15000000000000002
3607734	186	-0.2
3607735	186	-0.6
3607736	186	-0.4
3607738	186	-0.37727272727272726
3607748	186	-0.12142857142857141
3607749	186	-0.03888888888888889
3607750	186	-0.020000000000000007
3607751	186	-0.014285714285714277
3607752	186	-0.1375
3607753	186	-0.13863636363636364
3607754	186	0.125
3607755	186	-0.9
3607758	186	-0.19166666666666665
3607759	186	-0.1590909090909091
3607760	186	-0.29
3607761	186	-0.07999999999999993
3607762	186	-0.7
3607764	186	-0.20666666666666667
3607765	186	-0.11999999999999997
3607766	186	-0.55
3607768	186	-0.15
3607769	186	5.551115123125783e-18
3607770	186	-0.08809523809523812
3607771	186	-0.012499999999999994
3607772	186	-0.0611111111111111
3607773	186	-0.13333333333333333
3607774	186	-1.5
3607776	186	-0.2
3607782	186	-7.93016446160826e-18
3607783	186	0.26666666666666666
3607784	186	-0.10000000000000002
3607785	186	0.015384615384615382
3607786	186	-0.26666666666666666
3607787	186	-0.010000000000000009
3607788	186	-0.028124999999999997
3607789	186	-0.15625
3607791	186	-0.1
3607792	186	0.0
3607794	186	-0.37
3607795	186	-0.15
3607796	186	-0.25
3607797	186	-0.06666666666666662
3607798	186	-0.05
3607800	186	-0.13124999999999998
3607801	186	-0.1142857142857143
3607802	186	-0.22
3607803	186	-0.13333333333333333
3607804	186	-0.14791666666666667
3607805	186	-0.15833333333333333
3607806	186	-0.07857142857142857
3607807	186	-0.15000000000000002
3607809	186	-0.09090909090909091
3607810	186	-0.08000000000000002
3607811	186	-0.15
3607812	186	-0.13333333333333333
3607813	186	-0.025
3607814	186	-0.4
3607815	186	-0.11785714285714285
3607816	186	-0.16666666666666666
3607817	186	-0.029411764705882363
3607818	186	-0.1
3607819	186	-0.05277777777777778
3607820	186	-0.12000000000000001
3607821	186	-0.057142857142857134
3607822	186	-0.15555555555555556
3607823	186	-0.1
3607824	186	-0.10555555555555556
3607825	186	-0.43333333333333335
3607826	186	-0.5653846153846154
3607827	186	-0.15
3607828	186	0.019999999999999997
3607829	186	-0.185
3607830	186	-0.14166666666666666
3607831	186	-0.0575
3607832	186	-0.24000000000000002
3607833	186	-0.2272727272727273
3607834	186	-0.08333333333333333
3607835	186	-0.042857142857142844
3607836	186	-0.13076923076923078
3607837	186	-0.13823529411764707
3607838	186	-0.06724137931034482
3607839	186	-0.11111111111111112
3607840	186	-0.11739130434782609
3607841	186	-0.0666666666666667
3607842	186	-0.19333333333333336
3607843	186	-0.12000000000000002
3607844	186	-0.14249999999999996
3607845	186	-0.16666666666666666
3607846	186	-0.15
3607847	186	-0.05
3607848	186	-0.11666666666666667
3607849	186	-0.18
3607850	186	-0.1642857142857143
3607851	186	-0.11176470588235293
3607852	186	-0.06666666666666665
3607853	186	-0.185
3607854	186	-0.11
3607855	186	-0.2458333333333333
3607856	186	-0.11
3607857	186	-0.012499999999999997
3607858	186	-0.15
3607859	186	-0.24375
3607860	186	-0.0875
3607861	186	-0.14038461538461539
3607862	186	-0.10769230769230768
3607863	186	-0.19615384615384615
3607864	186	-0.08571428571428572
3607865	186	-0.17916666666666667
3607866	186	-0.13529411764705881
3607867	186	-0.06071428571428572
3607868	186	-0.1642857142857143
3607869	186	-0.033333333333333354
3607870	186	-0.027272727272727258
3607871	186	-0.11999999999999998
3607872	186	-0.15384615384615385
3607873	186	-0.1159090909090909
3607874	186	-0.0875
3607875	186	-0.15555555555555556
3607878	186	-0.15000000000000002
3607879	186	-0.06666666666666668
3607880	186	-0.012499999999999997
3607881	186	-0.03333333333333333
3607882	186	0.15000000000000002
3607883	186	-0.08333333333333333
3607884	186	-0.28333333333333327
3607887	186	-0.10500000000000001
3607888	186	-0.16249999999999998
3607889	186	-0.13214285714285715
3607890	186	-0.049999999999999996
3607891	186	-0.049999999999999996
3607892	186	-0.008333333333333335
3607893	186	-0.024999999999999998
3607894	186	-0.07857142857142857
3607895	186	0.033333333333333326
3607896	186	-0.05000000000000002
3607897	186	-0.05000000000000002
3607898	186	-0.09999999999999999
3607924	186	-0.175
3607925	186	-0.775
3607926	186	-0.0942084942084942
3607927	186	-0.10999999999999999
3607928	186	-0.4833333333333334
3607929	186	0.09999999999999999
3607930	186	-0.06999999999999999
3607931	186	-0.09166666666666666
3607932	186	-0.1
3607934	186	-0.2
3607938	186	-0.07142857142857142
3607939	186	-0.23333333333333334
3607940	186	-0.25
3607941	186	-0.2642857142857143
3607943	186	-0.05
3607944	186	-0.06666666666666668
3607945	186	-0.125
3607946	186	-0.14
3607947	186	-0.19705882352941173
3607948	186	-0.115625
3607949	186	-0.030000000000000006
3607950	186	-0.11250000000000002
3607951	186	-0.1
3607952	186	-0.15
3607953	186	-0.07500000000000001
3607954	186	0.021428571428571422
3607955	186	-0.17142857142857143
3607956	186	-0.425
3607957	186	-0.015000000000000003
3607958	186	-0.2
3607959	186	-0.16538461538461538
3607960	186	-0.25
3607961	186	-9.25185853854297e-18
3607962	186	-0.06785714285714285
3607963	186	0.03333333333333334
3607964	186	-0.2285714285714286
3607965	186	-0.1111111111111111
3607966	186	-0.18125
3607967	186	-0.25
3607968	186	4.625929269271485e-18
3607969	186	-0.09999999999999999
3607970	186	-0.05000000000000002
3607971	186	-0.05
3607972	186	-0.0769230769230769
3607973	186	0.0071428571428571435
3607974	186	-0.18571428571428572
3607975	186	0.014285714285714273
3607976	186	-0.009090909090909118
3607977	186	0.125
3607978	186	-0.05833333333333334
3607979	186	-1.25
3607981	186	-0.1473684210526316
3607983	186	-0.6
3607984	186	-0.23333333333333334
3607985	186	-0.0875
3607986	186	-0.25
3607989	186	-0.12142857142857144
3607990	186	-0.175
3607991	186	-0.1
3607992	186	-0.13499999999999998
3607993	186	-0.05000000000000001
3607994	186	-0.0846153846153846
3607995	186	0.024999999999999994
3607996	186	-0.06756756756756757
3607997	186	-0.06176470588235296
3607998	186	-0.07
3607999	186	-0.15000000000000002
3608000	186	-0.1283783783783784
3608001	186	-0.012499999999999994
3608002	186	0.049999999999999996
3608003	186	-0.037500000000000026
3608004	186	-0.3
3608005	186	-0.22142857142857142
3608006	186	-0.08055555555555557
3608007	186	-0.15625
3608008	186	-0.0769230769230769
3608009	186	-0.1
3608010	186	-0.10000000000000002
3608012	186	-0.15833333333333333
3608014	186	-0.06428571428571428
3608015	186	-0.0675
3608016	186	-0.07222222222222222
3608017	186	-0.06666666666666667
3608018	186	-0.021428571428571415
3608019	186	-0.04444444444444444
3608020	186	0.065
3608021	186	-0.04736842105263156
3608022	186	-0.07
3608023	186	-0.15600000000000003
3608024	186	-0.028571428571428567
3608025	186	-0.11323529411764707
3608026	186	-0.1842105263157895
3608027	186	-0.1
3608028	186	-0.01250000000000002
3608029	186	-0.12727272727272726
3608030	186	-0.09230769230769231
3608031	186	-0.03541666666666667
3608032	186	-0.052173913043478265
3608033	186	-0.15416666666666667
3608034	186	-0.1
3608035	186	-0.14
3608036	186	-0.3833333333333333
3608037	186	-0.29411764705882354
3608038	186	-0.24
3608039	186	-0.11818181818181817
3608040	186	-0.3
3608041	186	-0.1
3608042	186	-0.18409090909090908
3608043	186	-0.03
3608044	186	-0.09375
3608045	186	-0.20000000000000004
3608046	186	-0.2714285714285714
3608047	186	-0.13333333333333333
3608048	186	-0.15
3608049	186	-0.15416666666666667
3608050	186	-0.046153846153846156
3608051	186	-0.15714285714285714
3608053	186	-0.13076923076923078
3608056	186	-0.3333333333333333
3608057	186	-0.3
3608058	186	-0.05000000000000002
3608059	186	0.004999999999999982
3608062	186	-0.08333333333333331
3608064	186	0.21666666666666667
3608066	186	-0.3333333333333333
3608067	186	-0.25
3608068	186	-0.07500000000000001
3608069	186	-0.18
3608071	186	-0.2
3608072	186	-0.033333333333333326
3608074	186	-0.12307692307692307
3608075	186	-0.1
3608076	186	-0.3333333333333333
3608078	186	0.0
3608079	186	-0.15000000000000002
3608080	186	-0.05
3608081	186	-0.14285714285714285
3608082	186	0.015384615384615385
3608083	186	-0.1
3608084	186	-0.14285714285714285
3608085	186	-0.037500000000000006
3608086	186	-0.28
3608093	186	-0.05
3608095	186	-0.6
3608100	186	-0.06666666666666665
3608102	186	-0.22777777777777775
3608103	186	0.38749999999999996
3608105	186	-0.11363636363636365
3608106	186	-0.05000000000000001
3608108	186	-0.30000000000000004
3608109	186	-0.08000000000000002
3608112	186	-0.21000000000000002
3608113	186	-0.12000000000000001
3608115	186	-0.16666666666666666
3608116	186	-0.2125
3608117	186	-0.1
3608118	186	-0.07307692307692307
3608119	186	0.03333333333333332
3608120	186	-0.0875
3608122	186	-0.05681818181818181
3608123	186	-0.05833333333333333
3608125	186	-0.05
3608126	186	-0.03631578947368421
3608127	186	-0.4196428571428572
3608132	186	-0.7333333333333334
3608134	186	-0.04166666666666666
3608135	186	-0.1142857142857143
3608136	186	-0.10909090909090909
3608137	186	-0.019999999999999997
3608138	186	-0.13571428571428573
3608139	186	-0.13571428571428573
3608140	186	-0.2476190476190476
3608141	186	-0.2
3608142	186	-0.10555555555555556
3608145	186	-0.16111111111111112
3608147	186	-0.05
3608148	186	-0.13333333333333333
3608149	186	-0.033333333333333326
3608150	186	0.075
3608151	186	-0.020000000000000004
3608152	186	0.0
3608154	186	-0.075
3608155	186	0.049999999999999996
3608156	186	-0.14999999999999997
3608157	186	-0.06999999999999999
3608159	186	-0.6000000000000001
3608161	186	-0.1625
3608163	186	-0.8500000000000001
3608165	186	-0.2
3608166	186	-0.08000000000000004
3608168	186	-1.042857142857143
3608169	186	-0.175
3608170	186	-0.16923076923076924
3608171	186	-0.13214285714285715
3608174	186	0.14999999999999997
3608175	186	-0.2125
3608176	186	-0.1142857142857143
3608177	186	-0.03749999999999999
3608179	186	-0.0761904761904762
3608180	186	0.03749999999999999
3608181	186	-0.075
3608183	186	-0.1375
3608184	186	-0.06923076923076923
3608185	186	0.065
3608186	186	-0.11
3608189	186	-0.022222222222222216
3608190	186	-0.20714285714285713
3608191	186	-0.2285714285714286
3608192	186	-0.21428571428571427
3608193	186	-0.35
3608194	186	-0.18
3608195	186	-0.2
3608198	186	-0.175
3608199	186	-0.10416666666666667
3608200	186	-0.1388888888888889
3608202	186	-0.08431372549019608
3608205	186	-0.2896551724137931
3608206	186	-0.76
3608207	186	-0.04999999999999999
3608208	186	-0.5
3608209	186	-0.08571428571428572
3608210	186	-0.30000000000000004
3608211	186	-0.45
3608212	186	-0.1
3608214	186	-0.09166666666666667
3608215	186	-0.8875
3608216	186	-0.08947368421052632
3608217	186	-0.06428571428571428
3608220	186	-0.4
3608221	186	-0.2571428571428571
3608224	186	0.0
3608225	186	-0.06666666666666667
3608226	186	-0.2
3608228	186	-0.30000000000000004
3608231	186	-0.4
3608232	186	-0.018750000000000003
3608233	186	-0.1733333333333333
3608234	186	-0.039285714285714285
3608235	186	-0.11875
3608236	186	0.1
3608237	186	0.1
3608239	186	-0.4875
3608240	186	0.43173076923076925
3608241	186	-0.08000000000000002
3608242	186	-0.21000000000000002
3608243	186	0.08333333333333331
3608244	186	0.25652173913043474
3608245	186	0.10666666666666667
3608246	186	0.16999999999999998
3608247	186	0.21666666666666665
3608248	186	0.22000000000000003
3608249	186	-0.07
3608250	186	-0.10833333333333334
3608251	186	-0.34
3608252	186	-0.0642857142857143
3608253	186	-0.11000000000000001
3608254	186	-0.11666666666666667
3608255	186	-0.08333333333333333
3608256	186	0.021428571428571422
3608257	186	-0.09999999999999998
3608258	186	-0.031249999999999997
3608259	186	-0.09516129032258064
3608260	186	-0.14615384615384613
3608261	186	-0.06724137931034482
3608262	186	-0.05
3608263	186	-0.061538461538461535
3608264	186	-0.22000000000000003
3608265	186	-0.12419354838709677
3608266	186	-0.05555555555555555
3608267	186	-0.1105263157894737
3608269	186	-0.6733333333333333
3608270	186	-1.1
3608271	186	-0.1636363636363636
3608272	186	-0.4333333333333333
3608273	186	-1.1500000000000001
3608274	186	2.523234146875356e-18
3608275	186	-0.07142857142857142
3608278	186	0.0
3608280	186	-0.9
3608282	186	-0.10000000000000002
3608283	186	-0.10555555555555556
3608284	186	-0.175
3608286	186	-0.23333333333333334
3608289	186	-0.2
3608291	186	0.10454545454545455
3608293	186	-0.00555555555555556
3608294	186	-0.11648351648351649
3608296	186	-0.075
3608297	186	-0.11666666666666664
3608298	186	-0.35000000000000003
3608299	186	-0.1625
3608300	186	-0.275
3608301	186	-0.195
3608302	186	-0.07500000000000001
3608303	186	-0.11250000000000002
3608304	186	0.3
3608305	186	0.033333333333333326
3608306	186	-0.08461538461538462
3608307	186	0.1
3608308	186	0.0
3608310	186	-0.69375
3608311	186	0.016666666666666666
3608312	186	-0.08750000000000001
3608314	186	-0.03333333333333333
3608319	186	-0.375
3608321	186	-0.09999999999999999
3608323	186	-0.5
3608324	186	-0.2
3608325	186	-0.6333333333333333
3608327	186	-0.11923076923076922
3608329	186	-0.3
3608332	186	0.26666666666666666
3608333	186	-0.07999999999999993
3608334	186	-0.5
3608335	186	-0.3499999999999999
3608337	186	0.03333333333333333
3608338	186	-0.25625
3608339	186	0.0
3608341	186	-0.0875
3608343	186	0.03333333333333331
3608344	186	-1.850371707708594e-17
3608345	186	-0.03125
3608346	186	-0.06666666666666667
3608347	186	-0.21
3608348	186	-0.065
3608349	186	-0.016666666666666663
3608350	186	-0.059999999999999984
3608351	186	-0.038888888888888876
3608352	186	0.033333333333333326
3608353	186	-0.05000000000000002
3608354	186	-0.11666666666666665
3608355	186	-0.2
3608358	186	-0.55
3608359	186	-0.11666666666666665
3608360	186	-0.09374999999999997
3608362	186	-0.12142857142857143
3608363	186	-0.049999999999999996
3608364	186	-0.45
3608365	186	-0.14999999999999997
3608366	186	-1.45
3608367	186	-0.7150000000000001
3608368	186	-0.21666666666666665
3608369	186	-0.07142857142857142
3608370	186	-0.07999999999999999
3608371	186	-0.09999999999999998
3608373	186	-0.52
3608375	186	-0.024999999999999967
3608376	186	-0.82
3608377	186	-0.061428571428571416
3608379	186	-0.15000000000000002
3608380	186	-0.00714285714285715
3608381	186	-0.1105263157894737
3608382	186	-0.19999999999999996
3608383	186	0.0
3608384	186	0.08333333333333331
3608385	186	-0.05714285714285716
3608388	186	-0.55625
3608391	186	-0.21428571428571427
3608392	186	-0.06666666666666667
3608393	186	-0.125
3608394	186	-0.03888888888888889
3608395	186	-1.0
3608397	186	-0.18
3608401	186	0.07500000000000001
3608402	186	-0.1666666666666667
3608404	186	-0.10333333333333333
3608407	186	0.3
3608408	186	-0.15
3608409	186	-0.05217391304347827
3608410	186	-0.05555555555555555
3608411	186	-0.2
3608412	186	-0.05
3608413	186	-0.20333333333333334
3608416	186	-0.15000000000000002
3608417	186	-0.1
3608418	186	-0.07692307692307693
3608419	186	-0.004166666666666634
3608420	186	-0.07500000000000001
3608421	186	-0.12142857142857143
3608423	186	-0.125
3608424	186	-0.09833333333333334
3608425	186	-0.16666666666666666
3608426	186	-0.11231231231231231
3608427	186	-0.1368421052631579
3608428	186	-0.041666666666666664
3608429	186	-1.3877787807814457e-17
3608430	186	-0.1275
3608431	186	-0.11304347826086955
3608432	186	-0.1619047619047619
3608433	186	-0.065
3608434	186	-0.09999999999999998
3608435	186	-0.2607142857142857
3608436	186	-0.14
3608437	186	-0.17857142857142858
3608438	186	-0.08333333333333331
3608440	186	-0.008333333333333325
3608441	186	-0.1264705882352941
3608444	186	-0.2653846153846154
3608445	186	-0.021428571428571457
3608447	186	-0.09999999999999999
3608448	186	-0.030000000000000006
3608449	186	-0.1
3608450	186	-0.021428571428571408
3608451	186	0.0
3608452	186	-0.042857142857142864
3608453	186	-0.15000000000000002
3608454	186	0.0666666666666667
3608455	186	-0.15666666666666668
3608456	186	-0.2
3608460	186	-0.2125
3608461	186	0.0
3608465	186	-0.11476190476190476
3608466	186	-0.175
3608468	186	-0.1323529411764706
3608469	186	-0.13111888111888112
3608470	186	-0.132
3608471	186	-0.12333333333333332
3608472	186	-0.11818181818181817
3608473	186	-0.037500000000000006
3608474	186	-0.13
3608475	186	-0.07499999999999998
3608476	186	-0.08571428571428572
3608477	186	0.05000000000000002
3608478	186	0.04999999999999999
3608479	186	6.938893903907228e-18
3608480	186	-0.07500000000000001
3608481	186	-0.08928571428571429
3608482	186	-0.15999999999999998
3608483	186	-0.0911764705882353
3608484	186	-0.3
3608485	186	-0.5
3608486	186	-0.18
3608487	186	-0.07499999999999998
3608488	186	-0.675
3608490	186	-0.38
3608491	186	0.016666666666666656
3608492	186	-0.275
3608493	186	-0.37272727272727274
3608495	186	-0.08636363636363636
3608496	186	-0.1
3608498	186	-0.13076923076923078
3608499	186	-0.028571428571428553
3608500	186	-0.083
3608501	186	-0.12
3608502	186	-0.15925925925925924
3608503	186	-0.10243902439024391
3608504	186	-0.02750000000000001
3608505	186	-0.10357142857142856
3608506	186	-0.06666666666666667
3608507	186	-0.12236842105263157
3608508	186	-0.12222222222222223
3608509	186	-0.04714285714285714
3608510	186	-0.09857142857142857
3608511	186	-0.1875
3608512	186	-0.10604395604395606
3608513	186	-0.068
3608514	186	-0.09763313609467457
3608515	186	-0.115625
3608516	186	-0.10961538461538461
3608517	186	-0.1586206896551724
3608520	186	-0.094
3608521	186	-0.13055555555555554
3608524	186	-0.09957983193277312
3608526	186	-0.10555555555555556
3608527	186	-0.788888888888889
3608528	186	-0.13571428571428573
3608529	186	-0.16666666666666666
3608530	186	-0.20666666666666667
3608531	186	-0.06578947368421051
3608533	186	-0.12
3608534	186	-1.1
3608536	186	-0.26666666666666666
3608537	186	-0.2
3608538	186	-0.03333333333333334
3608540	186	-0.108
3608541	186	-0.12608695652173912
3608542	186	-0.05555555555555555
3608543	186	-0.09375
3608544	186	-0.5
3608545	186	-0.15555555555555556
3608546	186	-0.008333333333333328
3608547	186	-0.028571428571428567
3608548	186	-0.07857142857142858
3608549	186	-0.19210526315789475
3608550	186	-0.06666666666666668
3608551	186	-0.039999999999999994
3608552	186	-0.11666666666666665
3608553	186	-0.10714285714285714
3608554	186	0.024999999999999998
3608555	186	-0.015000000000000008
3608556	186	-0.11000000000000001
3608557	186	-0.08333333333333333
3608558	186	-0.11875
3608559	186	-0.08181818181818182
3608560	186	-0.08750000000000002
3608561	186	-0.08636363636363636
3608562	186	-0.15
3608563	186	-0.15833333333333333
3608564	186	-0.06607142857142859
3608565	186	0.01874999999999996
3608566	186	-0.07666666666666666
3608567	186	-0.033333333333333354
3608568	186	-0.006666666666666663
3608569	186	-0.10161290322580645
3608570	186	-0.1109375
3608571	186	-0.15384615384615385
3608572	186	-0.03125
3608573	186	-1.982541115402065e-18
3608574	186	-0.0020833333333333303
3608575	186	-0.08064516129032258
3608576	186	-0.1425925925925926
3608577	186	-0.1088235294117647
3608578	186	-0.22499999999999998
3608579	186	-0.049999999999999996
3608580	186	-0.12222222222222222
3608581	186	-0.13999999999999999
3608582	186	-0.1125
3608583	186	-0.145
3608584	186	-0.1285714285714286
3608585	186	-0.16818181818181818
3608586	186	-0.12631578947368421
3608587	186	-0.16249999999999998
3608588	186	-0.052941176470588214
3608589	186	-0.10000000000000002
3608590	186	-0.18333333333333335
3608591	186	-0.175
3608593	186	-0.175
3608594	186	-0.07500000000000001
3608595	186	-0.11818181818181817
3608597	186	-0.17391304347826086
3608598	186	-0.17142857142857143
3608599	186	-0.1416666666666667
3608600	186	-0.23157894736842108
3608601	186	-0.1386363636363636
3608602	186	-0.08448275862068966
3608603	186	-0.10588235294117647
3608604	186	-0.09090909090909091
3608605	186	-0.2
3608606	186	-0.0923076923076923
3608607	186	-0.05000000000000002
3608608	186	-0.15833333333333333
3608609	186	-0.11818181818181818
3608610	186	-0.21249999999999997
3608611	186	-0.125
3608612	186	-0.1
3608613	186	0.08333333333333337
3608614	186	2.2204460492503132e-17
3608615	186	-0.08888888888888889
3608616	186	-0.010000000000000009
3608617	186	-0.1388888888888889
3608618	186	-0.09999999999999998
3608619	186	-0.1
3608620	186	-0.03333333333333334
3608621	186	-0.03823529411764706
3608622	186	-0.014999999999999996
3608623	186	0.07777777777777778
3608624	186	0.0
3608625	186	-0.12000000000000001
3608626	186	-0.27
3608627	186	-0.09583333333333333
3608629	186	-0.1
3608631	186	-0.1
3608632	186	-0.13333333333333333
3608633	186	-0.14500000000000002
3608634	186	-0.07500000000000001
3608635	186	-0.1
3608636	186	-0.25416666666666665
3608637	186	-0.10000000000000002
3608638	186	-0.10227272727272727
3608639	186	0.0
3608640	186	-0.13958333333333334
3608641	186	-0.09523809523809523
3608642	186	-0.3857142857142857
3608643	186	-0.22499999999999998
3608644	186	-0.05000000000000001
3608645	186	-0.010000000000000002
3608646	186	-0.014999999999999996
3608647	186	-0.15000000000000002
3608649	186	-0.039130434782608685
3608650	186	-0.175
3608651	186	-0.022000000000000006
3608653	186	0.15000000000000002
3608654	186	-0.1333333333333333
3608655	186	-0.16363636363636364
3608656	186	-0.18333333333333335
3608657	186	-0.13421052631578947
3608658	186	-0.245
3608659	186	-0.575
3608661	186	-0.10357142857142856
3608662	186	-0.10000000000000003
3608663	186	-0.22000000000000003
3608664	186	-0.09
3608665	186	-0.2
3608666	186	-0.1
3608667	186	-0.3277777777777778
3608669	186	-0.3111111111111111
3608670	186	-0.17142857142857143
3608672	186	0.033333333333333326
3608673	186	0.35
3608674	186	-0.14999999999999997
3608675	186	-0.25
3608676	186	-0.10714285714285712
3608677	186	-0.22000000000000003
3608678	186	-0.1785714285714286
3608679	186	-0.11956521739130435
3608680	186	-0.08750000000000002
3608681	186	0.07999999999999999
3608682	186	-0.06875
3608684	186	-0.043333333333333335
3608686	186	-0.7571428571428571
3608688	186	-0.059999999999999984
3608689	186	-0.052631578947368404
3608690	186	0.028571428571428595
3608691	186	-0.1359375
3608692	186	-0.10161290322580646
3608693	186	-0.042727272727272725
3608695	186	-0.18333333333333332
3608696	186	-0.1
3608697	186	-0.10000000000000002
3608698	186	-0.10833333333333334
3608699	186	-0.4833333333333333
3608700	186	-0.08
3608701	186	-0.15999999999999998
3608704	186	-0.5714285714285714
3608705	186	-0.8
3608708	186	-0.10563991323210412
3608709	186	-0.11171328671328672
3608710	186	-0.10841968911917099
3608713	186	-0.09484536082474228
3608714	186	-0.06190476190476189
3608715	186	-0.12477272727272729
3608716	186	-0.14051724137931032
3608717	186	-0.09
3608718	186	-0.11071428571428572
3608719	186	-0.1588235294117647
3608720	186	-0.08888888888888889
3608721	186	-0.12727272727272726
3608722	186	-0.1
3608723	186	-0.18714285714285714
3608724	186	-0.07857142857142857
3608725	186	-0.11805555555555554
3608726	186	-0.052631578947368404
3608727	186	-0.09487179487179488
3608728	186	-0.1109375
3608729	186	-0.018181818181818177
3608730	186	-0.11499999999999998
3608731	186	-0.07187500000000002
3608732	186	-0.04285714285714285
3608733	186	-0.14999999999999997
3608734	186	-0.24393939393939396
3608735	186	0.013888888888888876
3608736	186	-0.1
3608737	186	-0.34375
3608738	186	-0.38
3608739	186	-0.020000000000000028
3608740	186	-0.24642857142857144
3608741	186	-0.2
3608742	186	-0.1
3608743	186	-0.8
3608744	186	-1.15
3608747	186	-0.1285714285714286
3608748	186	-0.09999999999999999
3608749	186	-0.13333333333333333
3608750	186	-0.35
3608751	186	-0.03999999999999995
3608752	186	-0.04210526315789473
3608753	186	-0.6875
3608754	186	-0.03529411764705882
3608755	186	-0.08333333333333333
3608756	186	-0.06333333333333332
3608757	186	-0.06999999999999999
3608758	186	-0.06333333333333334
3608760	186	-0.07999999999999999
3608761	186	-0.18333333333333335
3608762	186	-0.06764705882352941
3608763	186	-0.2
3608764	186	-1.4076923076923076
3608766	186	-0.11176470588235293
3608767	186	-0.0055555555555555575
3608768	186	-0.14444444444444446
3608770	186	-0.0911764705882353
3608771	186	-0.12546296296296294
3608772	186	0.05
3608773	186	-0.13999999999999999
3608774	186	-0.15625
3608775	186	0.0625
3608776	186	-0.07500000000000001
3608777	186	-0.05937500000000002
3608778	186	-0.08333333333333334
3608779	186	-0.08125
3608780	186	-0.18333333333333335
3608781	186	-0.14705882352941174
3608782	186	-0.07333333333333333
3608783	186	-0.10625000000000001
3608784	186	-0.13333333333333333
3608785	186	-0.15
3608786	186	-0.05625000000000001
3608792	186	-0.15454545454545454
3608793	186	0.03750000000000002
3608796	186	-0.5
3608797	186	0.125
3608798	186	-0.3
3608799	186	-0.12291666666666667
3608800	186	-0.1484848484848485
3608802	186	-0.21428571428571427
3608803	186	-0.3
3608804	186	-0.09011976047904191
3608805	186	-0.24117647058823527
3608806	186	-0.09999999999999999
3608807	186	-0.07
3608808	186	-0.1277777777777778
3608809	186	-0.10833333333333334
3608810	186	-0.016666666666666663
3608812	186	-0.11666666666666667
3608813	186	1.0
3608815	186	-0.18333333333333335
3608816	186	0.00384615384615385
3608817	186	-0.11333333333333331
3608818	186	-0.10392156862745097
3608819	186	-0.1625
3608820	186	-0.15555555555555556
3608821	186	-0.008333333333333337
3608822	186	-0.09285714285714286
3608823	186	-0.09473684210526317
3608824	186	-0.05
3608825	186	-0.39999999999999997
3608826	186	0.060000000000000026
3608827	186	-0.3
3608828	186	-0.14999999999999997
3608829	186	-0.08461538461538462
3608830	186	-0.09999999999999999
3608831	186	-0.14736842105263157
3608832	186	-0.06470588235294117
3608833	186	-0.08333333333333333
3608834	186	-0.05625
3608835	186	-0.12692307692307692
3608836	186	-0.1
3608837	186	-0.21666666666666667
3608838	186	-0.303125
3608839	186	-0.04285714285714286
3608840	186	-0.14285714285714285
3608841	186	-0.375
3608842	186	-0.13636363636363635
3608843	186	-0.1676470588235294
3608844	186	-0.1380952380952381
3608845	186	-0.12250000000000001
3608846	186	-0.09333333333333332
3608847	186	-0.1275
3608848	186	-0.060526315789473685
3608849	186	-0.11333333333333333
3608850	186	-0.125
3608851	186	-0.08684210526315789
3608852	186	-0.08518518518518517
3608853	186	-0.04324324324324323
3608856	186	-0.14285714285714288
3608861	186	-0.07962962962962963
3608862	186	-0.74
3608863	186	-0.10750000000000001
3608866	186	-0.05
3608867	186	-0.10625000000000001
3608868	186	0.1375
3608871	186	-0.04444444444444443
3608872	186	-0.0923076923076923
3608873	186	-0.0666666666666667
3608874	186	-0.09933333333333333
3608875	186	-0.10357142857142856
3608876	186	-0.09583333333333333
3608877	186	-0.07115384615384615
3608878	186	-0.036363636363636355
3608879	186	-0.11764705882352941
3608880	186	-0.3
3608882	186	-1.15
3608885	186	-0.1467741935483871
3608886	186	-0.08611111111111111
3608887	186	-0.0881578947368421
3608888	186	-0.024999999999999994
3608889	186	-0.09344262295081968
3608890	186	-0.10151515151515153
3608891	186	-0.06296296296296297
3608892	186	-0.049137931034482746
3608893	186	-0.08529411764705883
3608894	186	-0.1825
3608895	186	-0.056250000000000015
3608896	186	-0.11666666666666667
3608897	186	-0.06129032258064515
3608898	186	-0.09545454545454544
3608899	186	-0.06666666666666667
3608900	186	-0.15
3608901	186	-0.07142857142857142
3608902	186	-0.07750000000000001
3608903	186	-0.121
3608904	186	-0.09545454545454546
3608905	186	-0.12
3608906	186	-0.136
3608907	186	-0.052941176470588235
3608908	186	-0.07692307692307693
3608909	186	-0.025862068965517238
3608910	186	-0.026923076923076925
3608911	186	-0.15
3608912	186	-0.0761904761904762
3608913	186	-0.0735294117647059
3608914	186	-0.1333333333333333
3608915	186	-0.25625
3608916	186	-0.10625000000000001
3608917	186	-0.16666666666666663
3608918	186	-0.08125
3608919	186	-0.05
3608920	186	-0.12960526315789475
3608921	186	-0.1310344827586207
3608923	186	-0.1346153846153846
3608925	186	-0.06923076923076923
3608926	186	-0.05714285714285713
3608927	186	0.04642857142857143
3608928	186	-0.096
3608929	186	-0.14687499999999998
3608930	186	-0.052941176470588235
3608931	186	-0.15333333333333332
3608932	186	-0.0818181818181818
3608933	186	-0.05789473684210527
3608934	186	-0.05416666666666666
3608935	186	-0.18513513513513513
3608936	186	-0.029999999999999995
3608937	186	-0.05192307692307692
3608938	186	-0.12142857142857141
3608939	186	-0.1
3608940	186	-0.039999999999999994
3608941	186	0.0
3608942	186	-0.05972222222222222
3608943	186	-0.13846153846153847
3608945	186	0.0
3608946	186	-0.04999999999999999
3608947	186	-0.0625
3608948	186	-0.09583333333333334
3608949	186	-0.15000000000000002
3608950	186	-0.12999999999999998
3608951	186	-0.103125
3608952	186	-0.11458333333333334
3608953	186	-0.09666666666666666
3608954	186	-0.09062500000000001
3608955	186	-0.05
3608956	186	0.054999999999999986
3608957	186	-0.04881355932203389
3608959	186	-0.35
3608960	186	-0.03125
3608961	186	-0.07500000000000001
3608962	186	-0.13846153846153847
3608963	186	-0.15625
3608964	186	-0.1
3608965	186	-0.145
3608966	186	-0.07499999999999998
3608967	186	-0.030000000000000013
3608968	186	-0.0031249999999999993
3608969	186	-0.135
3608970	186	-0.1923076923076923
3608971	186	0.05000000000000002
3608972	186	-0.13333333333333333
3608973	186	-0.05000000000000002
3608974	186	-0.19999999999999998
3608975	186	-0.0890625
3608976	186	-0.05555555555555555
3608977	186	-0.1076923076923077
3608978	186	-0.14545454545454548
3608979	186	-0.04
3608980	186	-0.06315789473684211
3608981	186	-1.225
3608982	186	-0.4111111111111111
3608984	186	-0.07499999999999998
3608985	186	-0.12500000000000003
3608986	186	-0.1375
3608987	186	-0.13589743589743591
3608988	186	-0.4461538461538462
3608989	186	-0.32727272727272727
3608990	186	-0.35000000000000003
3608993	186	-0.225
3608994	186	-0.3666666666666667
3608995	186	-0.19999999999999998
3608996	186	-0.1
3608999	186	-0.1394736842105263
3609000	186	-0.1
3609001	186	-0.18
3609004	186	0.08571428571428573
3609011	186	-0.21428571428571427
3609012	186	-0.3222222222222222
3609016	186	-0.07
3609018	186	-0.125
3609023	186	-0.21250000000000002
3609024	186	-0.15999999999999998
3609036	186	-0.12727272727272726
3609037	186	-0.13333333333333333
3609038	186	-0.27142857142857146
3609039	186	-0.08888888888888886
3609040	186	-0.14545454545454548
3609041	186	-0.024999999999999998
3609042	186	-0.06666666666666667
3609043	186	-0.08888888888888889
3609044	186	-0.1453125
3609045	186	-0.11363636363636365
3609046	186	-0.075
3609047	186	-0.14411764705882352
3609048	186	-0.06363636363636366
3609049	186	-0.12142857142857143
3609050	186	-0.125
3609051	186	-0.10000000000000002
3609052	186	-0.09523809523809523
3609053	186	-0.22
3609054	186	-0.13
3609055	186	-0.1
3609056	186	-0.2375
3609057	186	-0.209375
3609058	186	-0.07241379310344827
3609059	186	-0.1725
3609060	186	-0.1181818181818182
3609061	186	-0.12999999999999998
3609063	186	-0.10833333333333332
3609064	186	-0.09230769230769229
3609065	186	-0.09545454545454546
3609066	186	-0.04199999999999999
3609067	186	-0.125
3609068	186	-0.12916666666666665
3609069	186	-0.1
3609070	186	-0.10625
3609071	186	-0.016666666666666663
3609072	186	-0.0083333333333333
3609073	186	-0.10657894736842105
3609074	186	-0.16249999999999998
3609075	186	-0.08666666666666667
3609076	186	-0.2181818181818182
3609077	186	-0.11009615384615384
3609078	186	-0.1234375
3609079	186	-0.08076923076923077
3609085	186	-0.43333333333333335
3609086	186	-0.675
3609087	186	-0.304
3609088	186	-0.175
3609089	186	-0.1388888888888889
3609090	186	-0.04166666666666667
3609091	186	-0.13571428571428573
3609092	186	-0.2
3609093	186	-0.18125000000000002
3609094	186	-0.425
3609095	186	-0.15526315789473685
3609096	186	-0.1935897435897436
3609097	186	-0.03749999999999999
3609098	186	-0.16499999999999998
3609100	186	-0.07333333333333332
3609101	186	-0.05517241379310345
3609102	186	-0.17096774193548386
3609103	186	-0.13125
3609104	186	-0.03823529411764706
3609105	186	-0.1263157894736842
3609106	186	-0.03499999999999999
3609107	186	-0.0625
3609108	186	-0.07500000000000001
3609109	186	-0.18333333333333335
3609110	186	-0.08148148148148149
3609111	186	-0.19999999999999998
3609113	186	-0.057692307692307696
3609114	186	-0.045238095238095244
3609115	186	-0.12455621301775148
3609116	186	-0.1037037037037037
3609117	186	-0.060000000000000005
3609118	186	-0.16
3609123	186	-0.10454545454545454
3609124	186	-0.17380952380952383
3609125	186	-0.1807692307692308
3609126	186	-0.13076923076923075
3609127	186	-0.1357142857142857
3609128	186	-0.04166666666666667
3609129	186	-0.07222222222222223
3609130	186	-0.05833333333333335
3609131	186	-0.18
3609132	186	-0.07142857142857145
3609133	186	-0.06999999999999999
3609134	186	-0.003846153846153844
3609135	186	-0.10344827586206898
3609136	186	-0.13333333333333333
3609137	186	-0.03548387096774194
3609138	186	-0.06020408163265306
3609139	186	-0.06999999999999998
3609140	186	-0.12058823529411763
3609141	186	-0.11944444444444445
3609142	186	-0.13333333333333333
3609143	186	-0.17222222222222222
3609144	186	-0.14090909090909093
3609145	186	-0.1
3609146	186	-0.09615384615384615
3609147	186	-0.016666666666666677
3609148	186	-0.06666666666666667
3609149	186	-0.03421052631578947
3609150	186	2.5232341468753557e-17
3609151	186	-0.13478260869565217
3609152	186	-0.03666666666666666
3609153	186	-0.065625
3609154	186	-0.126
3609155	186	-0.0730769230769231
3609156	186	-0.11964285714285715
3609157	186	-0.14411764705882354
3609158	186	-0.146875
3609159	186	-0.029411764705882356
3609160	186	-0.09285714285714286
3609161	186	-0.15434782608695652
3609162	186	-0.11258741258741259
3609163	186	-0.16999999999999998
3609164	186	-0.08859649122807017
3609165	186	-0.15227272727272728
3609166	186	-0.01666666666666668
3609167	186	-0.04
3609168	186	-0.15000000000000002
3609169	186	-0.2
3609170	186	-0.0875
3609171	186	-0.022222222222222202
3609172	186	-0.155
3609173	186	-0.1
3609174	186	-0.10384615384615384
3609175	186	-0.15000000000000002
3609176	186	-0.10208333333333335
3609177	186	-0.14375
3609178	186	-0.08958333333333333
3609179	186	-0.14912280701754388
3609180	186	-0.14
3609181	186	0.020588235294117647
3609182	186	-0.1
3609185	186	-0.15
3609186	186	-0.13333333333333333
3609187	186	-0.15454545454545454
3609188	186	-0.3
3609191	186	-0.09444444444444444
3609193	186	-0.05555555555555555
3609194	186	-0.09193548387096774
3609195	186	-0.27
3609196	186	-0.024999999999999988
3609198	186	-0.05
3609199	186	-0.22500000000000003
3609200	186	-0.06666666666666668
3609201	186	-0.060416666666666674
3609202	186	-0.06000000000000001
3609203	186	-0.09811320754716982
3609204	186	-0.09751243781094529
3609205	186	-0.24349775784753364
3609206	186	-0.1516260162601626
3609207	186	-0.12333333333333332
3609208	186	-0.1875
3609209	186	-0.05245901639344262
3609210	186	-0.14999999999999997
3609211	186	-0.07142857142857142
3609212	186	-0.05256410256410257
3609213	186	-0.03571428571428571
3609214	186	-0.09268292682926829
3609215	186	-0.09731707317073171
3609216	186	-0.08258706467661692
3609217	186	0.02592592592592594
3609218	186	0.1
3609219	186	-0.15000000000000002
3609220	186	-0.13333333333333333
3609221	186	-0.1375
3609222	186	-0.11249999999999999
3609223	186	-0.8409090909090908
3609224	186	-0.2125
3609225	186	-0.6
3609226	186	0.022222222222222227
3609227	186	-0.1
3609229	186	-0.11250000000000002
3609231	186	-0.15000000000000002
3609232	186	-0.24615384615384617
3609234	186	-0.06666666666666671
3609235	186	0.07499999999999998
3609236	186	-0.05
3609237	186	-0.09285714285714286
3609238	186	-0.10555555555555557
3609239	186	-0.07499999999999998
3609240	186	-0.15
3609241	186	-0.26
3609242	186	0.04999999999999999
3609243	186	0.1
3609245	186	1.982541115402065e-17
3609246	186	0.05
3609248	186	-0.08571428571428572
3609249	186	-0.005263157894736835
3609250	186	-0.1142857142857143
3609251	186	-0.10555555555555556
3609252	186	-0.19999999999999998
3609253	186	-0.9555555555555555
3609254	186	-0.175
3609255	186	-0.31666666666666665
3609256	186	0.14999999999999997
3609257	186	-0.125
3609258	186	-0.059999999999999984
3609260	186	-0.26999999999999996
3609261	186	-0.014285714285714261
3609265	186	-0.225
3609266	186	-0.08750000000000002
3609269	186	-0.1
3609271	186	-0.12000000000000001
3609272	186	0.025
3609273	186	-0.06304347826086956
3609274	186	-0.03333333333333334
3609275	186	-0.055555555555555546
3609276	186	-0.02777777777777779
3609277	186	-0.10333333333333333
3609278	186	-0.0785714285714286
3609279	186	-0.1
3609280	186	-0.13333333333333336
3609281	186	-4.625929269271485e-18
3609282	186	-0.07222222222222224
3609283	186	-0.07000000000000002
3609284	186	-0.019999999999999997
3609285	186	-0.15714285714285714
3609286	186	-0.07142857142857142
3609287	186	-0.07999999999999999
3609288	186	0.012499999999999997
3609289	186	0.009374999999999998
3609290	186	-0.019999999999999997
3609291	186	-0.16470588235294117
3609292	186	-0.014285714285714275
3609293	186	-0.03124999999999999
3609294	186	0.0031250000000000054
3609295	186	-0.10000000000000003
3609296	186	-0.19999999999999998
3609297	186	-0.17916666666666664
3609299	186	-0.14545454545454548
3609300	186	-0.21875
3609301	186	-0.05000000000000001
3609302	186	-0.08214285714285714
3609303	186	-0.06
3609304	186	-0.09090909090909091
3609305	186	-0.018421052631578942
3609306	186	-0.05
3609307	186	-0.039999999999999994
3609308	186	0.5
3609310	186	-0.060416666666666674
3609311	186	-0.03888888888888888
3609312	186	-0.125
3609313	186	-0.1
3609314	186	-0.04999999999999999
3609315	186	-0.12142857142857143
3609316	186	-0.15
3609317	186	-0.09999999999999999
3609318	186	-4.625929269271485e-18
3609321	186	-0.04722222222222222
3609323	186	0.175
3609324	186	-0.08125
3609325	186	-0.009090909090909104
3609327	186	-0.17142857142857143
3609328	186	-0.35
3609329	186	0.19375000000000003
3609330	186	-0.0852941176470588
3609331	186	-0.024999999999999974
3609332	186	-0.09999999999999998
3609333	186	-0.03333333333333335
3609335	186	-0.16000000000000003
3609336	186	-0.14615384615384613
3609337	186	-0.16999999999999998
3609339	186	-0.11000000000000001
3609341	186	-0.07500000000000001
3609343	186	-0.29166666666666663
3609344	186	0.024999999999999998
3609345	186	-0.01875000000000001
3609347	186	-0.15000000000000002
3609348	186	-0.7208333333333333
3609349	186	-0.35
3609350	186	0.004166666666666663
3609351	186	-0.12142857142857144
3609352	186	-0.01458333333333334
3609353	186	-0.2
3609355	186	-0.18170731707317073
3609356	186	-0.08999999999999998
3609360	186	0.025000000000000012
3609361	186	-0.1
3609362	186	-0.04000000000000001
3609364	186	-0.14500000000000002
3609365	186	0.0
3609366	186	-0.024999999999999994
3609367	186	-0.023913043478260874
3609368	186	-0.0735294117647059
3609369	186	-0.1142857142857143
3609370	186	-0.025000000000000012
3609371	186	-0.0782608695652174
3609372	186	-0.08437500000000002
3609373	186	-0.08888888888888889
3609374	186	-0.08125000000000003
3609375	186	-0.08333333333333333
3609376	186	-0.0608695652173913
3609377	186	-0.30000000000000004
3609378	186	-0.08529411764705883
3609379	186	-0.12229729729729731
3609380	186	-0.1220238095238095
3609382	186	-0.08125
3609383	186	-0.7083333333333334
3609384	186	-0.11666666666666665
3609385	186	-0.5
3609386	186	-0.09375
3609387	186	-0.04999999999999999
3609388	186	-0.09
3609390	186	-0.3
3609391	186	-0.17307692307692307
3609392	186	-0.04444444444444445
3609393	186	-0.11666666666666667
3609394	186	-0.25
3609395	186	-0.2
3609397	186	0.0
3609399	186	-0.09999999999999999
3609403	186	-0.15
3609404	186	-0.09999999999999998
3609406	186	-0.15833333333333333
3609407	186	-0.4428571428571429
3609408	186	-0.361764705882353
3609409	186	-0.36153846153846153
3609410	186	-0.12727272727272726
3609411	186	-0.11904761904761904
3609412	186	-0.14999999999999997
3609413	186	-0.10555555555555557
3609414	186	-0.1
3609415	186	-0.07333333333333332
3609416	186	-0.23000000000000004
3609417	186	-0.06250000000000003
3609418	186	-0.1275
3609419	186	-0.1
3609420	186	-0.05
3609421	186	-0.1875
3609422	186	-0.18333333333333335
3609423	186	0.016666666666666684
3609424	186	-0.11666666666666665
3609425	186	-0.1
3609426	186	-0.1
3609427	186	-0.14166666666666666
3609428	186	-0.1
3609429	186	-0.09090909090909091
3609430	186	-0.6153846153846154
3609431	186	-0.75
3609432	186	-0.05833333333333332
3609433	186	-0.028571428571428567
3609434	186	-0.062499999999999986
3609435	186	-0.25
3609436	186	-0.18333333333333335
3609437	186	-0.1
3609438	186	-0.06666666666666668
3609439	186	-0.14666666666666664
3609440	186	0.05416666666666667
3609441	186	0.028571428571428577
3609442	186	-0.15000000000000002
3609443	186	0.03333333333333334
3609444	186	-0.004166666666666666
3609446	186	-0.13333333333333333
3609447	186	-0.05555555555555555
3609451	186	-0.11999999999999997
3609453	186	0.10833333333333332
3609454	186	-0.16666666666666666
3609457	186	0.11666666666666665
3609458	186	-0.10000000000000002
3609459	186	-0.059375000000000004
3609460	186	-0.06818181818181816
3609461	186	-0.06666666666666668
3609462	186	-0.14375
3609463	186	-0.050000000000000024
3609464	186	-0.10000000000000002
3609465	186	-0.10000000000000002
3609466	186	-0.12941176470588234
3609467	186	-0.015384615384615389
3609468	186	0.08333333333333334
3609469	186	-0.05714285714285715
3609470	186	-0.07333333333333332
3609471	186	0.06428571428571428
3609472	186	0.0
3609473	186	-0.030000000000000006
3609474	186	-4.625929269271485e-18
3609475	186	0.225
3609478	186	-0.33571428571428574
3609479	186	-0.16250000000000003
3609480	186	-0.12499999999999997
3609484	186	-0.01428571428571429
3609485	186	-0.175
3609486	186	0.0
3609487	186	-0.04642857142857143
3609488	186	-0.125
3609489	186	-0.1142857142857143
3609490	186	-0.08750000000000001
3609491	186	-0.01428571428571426
3609492	186	-0.45
3609493	186	-0.07093023255813952
3609495	186	-0.1
3609501	186	-0.08076923076923076
3609503	186	-0.10357142857142856
3609504	186	-0.2363636363636364
3609505	186	-0.07222222222222222
3609506	186	0.16666666666666666
3609507	186	-0.10625
3609509	186	-0.05
3609510	186	-0.15555555555555556
3609511	186	-0.1464285714285714
3609512	186	-0.13571428571428568
3609513	186	-0.23333333333333328
3609514	186	-0.021739130434782608
3609515	186	0.012499999999999997
3609516	186	-0.012499999999999997
3609517	186	-0.08529411764705884
3609518	186	-0.125
3609519	186	-0.05
3609520	186	-0.05769230769230771
3609521	186	-0.01428571428571429
3609522	186	-0.006249999999999985
3609523	186	-0.16666666666666666
3609524	186	-0.125
3609525	186	-0.7166666666666668
3609526	186	-0.115
3609527	186	-0.09444444444444446
3609528	186	0.0
3609529	186	-0.11428571428571428
3609530	186	-0.17142857142857143
3609531	186	-0.13999999999999999
3609532	186	-0.13636363636363635
3609533	186	-0.25
3609534	186	0.13333333333333333
3609537	186	0.030555555555555572
3609538	186	-0.058333333333333307
3609539	186	-0.11071428571428574
3609541	186	-0.03846153846153848
3609542	186	-0.1
3609544	186	0.09999999999999999
3609545	186	-0.09999999999999999
3609546	186	-0.042857142857142864
3609548	186	0.0
3609554	186	-0.07499999999999998
3609555	186	-0.1791666666666667
3609556	186	-0.9125000000000001
3609557	186	-1.3
3609558	186	-0.049999999999999996
3609559	186	-0.325
3609560	186	-0.09375
3609563	186	0.5
3609565	186	-0.03478260869565217
3609566	186	-0.30000000000000004
3609567	186	-0.01363636363636365
3609574	186	-0.09523809523809523
3609575	186	-0.022222222222222233
3609576	186	-0.07777777777777778
3609577	186	-0.10666666666666666
3609578	186	-0.047619047619047616
3609579	186	-0.07500000000000001
3609580	186	-0.1222222222222222
3609581	186	-0.125
3609583	186	-0.08548387096774193
3609584	186	-0.12499999999999997
3609585	186	0.11666666666666667
3609586	186	-0.095
3609588	186	-0.1
3609589	186	-0.08666666666666667
3609590	186	-0.0031250000000000114
3609591	186	-0.1833333333333333
3609593	186	-0.124
3609594	186	-0.13425925925925924
3609597	186	-0.06578947368421052
3609598	186	0.19999999999999996
3609599	186	-0.125
3609600	186	-0.10750000000000001
3609601	186	-0.09868421052631579
3609602	186	-1.5166666666666666
3609603	186	0.325
3609605	186	0.021428571428571408
3609606	186	-0.18333333333333335
3609607	186	-0.07083333333333335
3609608	186	-0.09999999999999999
3609609	186	0.0
3609610	186	-0.18636363636363634
3609612	186	-0.14285714285714285
3609613	186	-0.029166666666666667
3609615	186	-0.20833333333333337
3609616	186	-0.4083333333333334
3609617	186	-0.022222222222222213
3609618	186	-0.1357142857142857
3609619	186	-0.07222222222222223
3609620	186	0.09999999999999998
3609621	186	-0.2285714285714286
3609622	186	-0.25
3609624	186	-0.1440677966101695
3609625	186	-0.09375
3609626	186	-0.09444444444444444
3609627	186	-0.14999999999999997
3609628	186	-0.15806451612903227
3609629	186	0.04000000000000001
3609630	186	-0.065
3609631	186	-0.1
3609632	186	-0.11071428571428572
3609633	186	-0.1
3609634	186	-0.11481481481481481
3609635	186	-0.36250000000000004
3609636	186	-0.18333333333333332
3609637	186	-0.07352941176470588
3609638	186	-0.10263157894736841
3609639	186	-0.07777777777777778
3609640	186	-0.07500000000000001
3609641	186	-0.1
3609642	186	-0.13999999999999999
3609643	186	-0.23333333333333336
3609649	186	-0.4125
3609650	186	-0.09285714285714286
3609651	186	-0.15000000000000002
3609652	186	-0.08333333333333333
3609653	186	-0.07916666666666666
3609654	186	-0.10652173913043479
3609655	186	-0.08636363636363636
3609656	186	0.024999999999999994
3609658	186	0.06666666666666665
3609659	186	-0.21666666666666667
3609661	186	-0.09230769230769231
3609662	186	-0.41000000000000003
3609663	186	-0.05
3609664	186	-0.07777777777777778
3609665	186	-0.10625
3609666	186	-0.13000000000000003
3609667	186	-0.04999999999999998
3609668	186	0.10000000000000002
3609670	186	-0.10357142857142856
3609672	186	-0.3
3609673	186	-0.1
3609675	186	-0.09666666666666668
3609677	186	0.2
3609679	186	-0.9666666666666668
3609680	186	0.5
3609681	186	-0.08888888888888889
3609682	186	0.05294117647058823
3609683	186	-0.16249999999999998
3609684	186	-0.2571428571428571
3609685	186	-0.1166666666666667
3609686	186	0.35
3609687	186	-0.2875
3609688	186	-0.42
3609693	186	-0.26
3609694	186	-0.26
3609695	186	-0.22000000000000003
3609696	186	-0.1
3609697	186	-0.1464285714285714
3609698	186	-0.09642857142857143
3609699	186	-0.175
3609700	186	0.06666666666666665
3609702	186	-0.14166666666666672
3609703	186	-0.14999999999999997
3609704	186	0.0
3609705	186	-0.24285714285714283
3609706	186	-0.1
3609708	186	-0.3055555555555556
3609709	186	-0.5125
3609710	186	-0.3
3609711	186	-0.675
3609714	186	-0.6
3609715	186	-0.075
3609716	186	-0.1142857142857143
3609718	186	-0.7
3609719	186	-0.16666666666666666
3609720	186	-0.3
3609721	186	0.2
3609723	186	-0.044444444444444425
3609724	186	-0.16
3609725	186	-0.014285714285714261
3609726	186	-0.0392857142857143
3609727	186	0.09999999999999995
3609728	186	-0.10512820512820512
3609729	186	-0.1875
3609730	186	-0.090625
3609731	186	-0.05666666666666667
3609732	186	-0.16666666666666666
3609733	186	-0.14
3609734	186	-0.1075
3609735	186	-0.1576923076923077
3609736	186	-0.031818181818181815
3609737	186	-0.11470588235294119
3609738	186	-0.1
3609739	186	-0.175
3609740	186	-0.050000000000000024
3609741	186	-0.11111111111111112
3609742	186	-0.10333333333333333
3609743	186	-0.04615384615384617
3609744	186	-0.1375
3609745	186	-0.08888888888888889
3609746	186	-0.22142857142857142
3609747	186	-0.09545454545454546
3609748	186	0.05000000000000001
3609749	186	-0.16999999999999998
3609750	186	-0.05555555555555555
3609751	186	-0.15714285714285714
3609753	186	-0.09999999999999999
3609754	186	-0.16
3609755	186	-0.18888888888888888
3609756	186	-0.03499999999999999
3609757	186	-0.1409090909090909
3609758	186	-0.14545454545454548
3609759	186	-0.10833333333333332
3609760	186	0.003333333333333344
3609761	186	-0.1189189189189189
3609762	186	-0.1175
3609764	186	-0.3
3609765	186	-0.16666666666666666
3609766	186	-0.14375
3609767	186	-0.18666666666666665
3609768	186	-0.1333333333333333
3609769	186	-0.023076923076923078
3609770	186	-0.05454545454545456
3609772	186	-0.045454545454545456
3609773	186	-0.19
3609774	186	-0.056249999999999994
3609775	186	-0.22000000000000003
3609776	186	-2.0185873175002847e-17
3609777	186	-0.15000000000000002
3609778	186	-0.08750000000000001
3609779	186	-0.022222222222222223
3609780	186	-0.15454545454545454
3609781	186	-0.054545454545454536
3609782	186	-0.03020833333333333
3609783	186	-0.3
3609784	186	-0.08125
3609785	186	-0.19375
3609786	186	2.973811673103098e-17
3609787	186	-0.14285714285714285
3609788	186	-0.12222222222222222
3609789	186	-0.12714285714285714
3609790	186	-0.08666666666666667
3609791	186	-0.12333333333333332
3609792	186	-0.07941176470588235
3609793	186	-0.11388888888888889
3609794	186	-0.11578947368421051
3609795	186	-0.10833333333333334
3609796	186	-0.17857142857142855
3609797	186	-0.02888888888888888
3609798	186	-0.06744186046511627
3609799	186	-0.15238095238095237
3609800	186	-0.03235294117647059
3609801	186	-0.13636363636363635
3609802	186	-0.078125
3609803	186	-0.09137931034482757
3609804	186	-0.049999999999999996
3609805	186	1.3877787807814457e-17
3609806	186	-0.13571428571428573
3609807	186	-0.07285714285714286
3609808	186	-0.11
3609809	186	-0.17142857142857143
3609810	186	-0.06625
3609811	186	-0.06585365853658537
3609812	186	-0.10400000000000001
3609813	186	-0.08571428571428572
3609814	186	-0.09090909090909088
3609815	186	-0.21428571428571427
3609816	186	0.023333333333333334
3609817	186	-0.2
3609818	186	-0.09
3609819	186	-0.1303030303030303
3609820	186	-0.09444444444444443
3609821	186	-0.14871794871794874
3609822	186	-0.015384615384615382
3609823	186	-0.15
3609824	186	-0.22
3609825	186	-0.1272727272727273
3609826	186	-0.07619047619047618
3609827	186	-0.07291666666666667
3609828	186	-0.045238095238095244
3609829	186	-0.07053571428571428
3609830	186	-0.13916666666666666
3609831	186	-0.06095890410958904
3609832	186	-0.11571428571428571
3609833	186	-0.27999999999999997
3609834	186	-0.145
3609835	186	-0.03437500000000002
3609836	186	-0.13
3609837	186	-0.16875
3609838	186	-0.175
3609839	186	-0.08333333333333333
3609840	186	-0.13
3609841	186	-0.1391304347826087
3609842	186	-0.11000000000000001
3609843	186	-0.22857142857142854
3609844	186	-0.13333333333333333
3609847	186	-0.16666666666666669
3609848	186	-0.06666666666666665
3609849	186	-0.06874999999999999
3609850	186	-0.15714285714285717
3609851	186	-0.039999999999999994
3609852	186	-0.06818181818181818
3609853	186	-0.22500000000000003
3609854	186	0.012499999999999983
3609855	186	-0.16249999999999998
3609856	186	-0.2333333333333333
3609857	186	-0.07500000000000001
3609859	186	-0.925
3609860	186	-0.09999999999999999
3609861	186	-0.10555555555555557
3609862	186	-0.095
3609863	186	0.0
3609864	186	-0.10869565217391303
3609865	186	-0.125
3609866	186	0.09999999999999998
3609867	186	0.020000000000000018
3609868	186	-0.04583333333333332
3609869	186	0.013333333333333343
3609870	186	0.04666666666666666
3609871	186	0.08571428571428572
3609872	186	0.005882352941176467
3609873	186	0.012500000000000011
3609874	186	-0.01333333333333333
3609875	186	0.11250000000000002
3609876	186	-0.029268292682926834
3609877	186	-0.03823529411764706
3609878	186	0.078125
3609879	186	-0.012500000000000002
3609880	186	-0.09166666666666667
3609881	186	-0.010000000000000026
3609882	186	-0.02558139534883721
3609883	186	0.007692307692307679
3609884	186	0.0
3609885	186	0.03529411764705882
3609886	186	-0.12083333333333335
3609887	186	-0.14736842105263157
3609888	186	-0.028260869565217395
3609889	186	-0.11363636363636365
3609890	186	-0.14999999999999997
3609891	186	-0.03076923076923075
3609892	186	-0.21666666666666667
3609897	186	-0.09285714285714286
3609898	186	-0.10000000000000002
3609899	186	-0.10479452054794519
3609900	186	-0.1
3609901	186	-0.041666666666666644
3609902	186	-0.016666666666666663
3609903	186	-0.15
3609904	186	-0.14500000000000002
3609905	186	-0.17777777777777778
3609907	186	-0.2
3609908	186	-0.175
3609909	186	-0.6111111111111112
3609910	186	-0.13333333333333333
3609911	186	-0.07777777777777778
3609912	186	-0.0619047619047619
3609913	186	-0.45
3609914	186	0.1
3609915	186	3.96508223080413e-18
3609916	186	-0.028571428571428567
3609918	186	-0.32
3609920	186	-0.06666666666666665
3609921	186	-0.07857142857142856
3609922	186	-0.10909090909090907
3609923	186	-0.011764705882352941
3609924	186	0.10454545454545455
3609925	186	-0.04375
3609928	186	-0.23333333333333334
3609929	186	-0.20799999999999996
3609930	186	0.05
3609931	186	-0.15333333333333332
3609933	186	0.06428571428571428
3609936	186	-1.2
3609937	186	5.551115123125783e-18
3609938	186	0.3
3609939	186	0.0
3609940	186	-0.22499999999999998
3609941	186	-0.027777777777777783
3609942	186	-0.08333333333333333
3609943	186	-0.06607142857142857
3609944	186	-0.06666666666666665
3609945	186	-0.13846153846153847
3609946	186	-0.1380952380952381
3609947	186	-0.10384615384615384
3609948	186	-0.16749999999999998
3609949	186	0.1
3609950	186	-0.1482142857142857
3609951	186	-0.1588235294117647
3609952	186	-0.03636363636363636
3609953	186	-0.12962962962962962
3609954	186	-0.025
3609955	186	-0.07999999999999999
3609956	186	-0.17173913043478262
3609957	186	-0.16999999999999998
3609958	186	-0.18333333333333335
3609959	186	-1.734723475976807e-17
3609960	186	-0.21875
3609961	186	-0.25
3609962	186	-0.0875
3609963	186	-0.0380952380952381
3609965	186	-0.08039215686274509
3609966	186	-0.15
3609967	186	-0.1888888888888889
3609968	186	-0.09473684210526317
3609969	186	-0.06333333333333334
3609970	186	-0.1388888888888889
3609971	186	-0.11794871794871795
3609972	186	-0.09435483870967742
3609973	186	-0.12307692307692308
3609977	186	-0.01019736842105263
3609978	186	-0.11176470588235293
3609979	186	-0.11562499999999999
3609980	186	-0.11488095238095239
3609981	186	-6.1679056923619804e-18
3609982	186	-0.02894736842105263
3609983	186	-0.06224489795918368
3609984	186	-0.08658536585365853
3609985	186	-0.09999999999999998
3609988	186	-0.1125
3609991	186	-1.1
3609994	186	-0.16607142857142856
3609995	186	0.005714285714285719
3609996	186	0.03055555555555555
3609997	186	-0.012500000000000004
3609998	186	0.014893617021276591
3609999	186	0.018611111111111106
3610000	186	-0.5252808988764045
3610001	186	-0.33984375
3610002	186	-0.6499999999999999
3610003	186	-0.06875
3610004	186	-0.04298245614035088
3610005	186	-0.07413793103448277
3610006	186	-0.07446808510638298
3610007	186	-0.09480519480519481
3610008	186	-0.07578125
3610009	186	-0.09361702127659574
3610010	186	-0.1140625
3610011	186	-0.16666666666666666
3610012	186	-0.1025
3610013	186	-0.1375
3610014	186	-0.08777777777777779
3610015	186	-0.0823529411764706
3610016	186	-0.058333333333333334
3610019	186	-0.1078125
3610020	186	-0.07272727272727272
3610021	186	-0.08420329670329671
3610022	186	-0.09384057971014492
3610023	186	-0.09
3610024	186	-0.03461538461538461
3610025	186	-0.11323529411764707
3610026	186	-0.08055555555555557
3610027	186	-0.15384615384615385
3610028	186	-0.1375
3610029	186	-0.03529411764705881
3610030	186	-0.0125
3610031	186	-0.08421052631578947
3610032	186	-0.15625
3610033	186	-0.28295454545454546
3610036	186	-0.8227272727272728
3610037	186	-0.78
3610038	186	-0.09285714285714286
3610039	186	-0.32553191489361705
3610040	186	-0.10816326530612244
3610041	186	-0.33999999999999997
3610042	186	-0.11930693069306932
3610043	186	-0.08479262672811061
3610044	186	-0.17903225806451614
3610045	186	-0.1296875
3610046	186	-0.17893700787401576
3610047	186	-0.048717948717948725
3610048	186	-0.070625
3610050	186	0.4108333333333334
3610051	186	-0.2583333333333333
3610052	186	-0.058854166666666666
3610054	186	-0.3137931034482759
3610055	186	-0.10909090909090909
3610057	186	-0.6
3610059	186	0.012499999999999999
3610060	186	-0.12631578947368421
3610061	186	-0.05
3610062	186	-0.16071428571428575
3610063	186	-0.046551724137931044
3610064	186	0.11666666666666661
3610065	186	-0.010714285714285718
3610066	186	-0.1423076923076923
3610067	186	-0.175
3610070	186	-0.01595744680851064
3610075	186	-0.2
3610078	186	-0.175
3610079	186	-0.10303030303030303
3610080	186	-0.08235294117647059
3610081	186	-0.10666666666666669
3610082	186	-0.07173913043478261
3610083	186	-0.13981481481481484
3610085	186	-0.14444444444444443
3610086	186	-0.093
3610087	186	-0.11304347826086955
3610088	186	-0.17333333333333334
3610089	186	-0.07647058823529412
3610090	186	-0.12352941176470587
3610091	186	-0.24999999999999994
3610092	186	-0.0953125
3610093	186	-0.10294117647058823
3610094	186	-0.09062500000000001
3610095	186	-0.12407407407407407
3610096	186	-0.1264705882352941
3610097	186	-0.096875
3610098	186	-0.054255319148936165
3610099	186	-0.058333333333333334
3610100	186	-0.125
3610101	186	-0.06249999999999999
3610102	186	-0.12777777777777777
3610103	186	-0.3583333333333334
3610104	186	-0.4513157894736842
3610105	186	-0.06999999999999999
3610106	186	-0.22499999999999998
3610107	186	-0.05833333333333332
3610109	186	-0.19655172413793104
3610110	186	-0.06607142857142859
3610111	186	2.337311630789803e-17
3610112	186	-0.024999999999999994
3610113	186	-0.12272727272727274
3610115	186	-0.15000000000000002
3610119	186	-0.11621621621621621
3610120	186	-0.07500000000000001
3610121	186	-0.0875
3610122	186	-0.12666666666666665
3610123	186	0.029411764705882363
3610124	186	-0.16250000000000003
3610125	186	0.15
3610126	186	0.2
3610127	186	-0.024999999999999998
3610128	186	0.008333333333333342
3610129	186	-0.008333333333333335
3610130	186	-0.2
3610131	186	-0.1
3610132	186	-0.0875
3610133	186	-0.23421052631578948
3610134	186	-0.25
3610135	186	-0.07142857142857142
3610136	186	-0.030555555555555544
3610137	186	-0.017647058823529415
3610138	186	-0.14375
3610139	186	0.05000000000000002
3610140	186	-0.04166666666666667
3610141	186	-0.1625
3610142	186	-0.049999999999999996
3610143	186	-0.12
3610144	186	-0.09473684210526315
3610145	186	-0.09310344827586206
3610147	186	-0.12222222222222222
3610148	186	-0.049999999999999996
3610149	186	-0.4642857142857143
3610150	186	-1.0999999999999999
3610151	186	0.02857142857142856
3610152	186	-0.18000000000000002
3610153	186	-0.22941176470588237
3610154	186	-0.1775
3610155	186	-0.14074074074074072
3610156	186	-0.24117647058823527
3610157	186	-0.3055555555555556
3610158	186	-0.21818181818181817
3610159	186	-0.14666666666666667
3610160	186	-0.15000000000000002
3610161	186	-0.014285714285714303
3610162	186	-0.12000000000000002
3610163	186	-0.21249999999999997
3610164	186	-0.25
3610165	186	0.0923076923076923
3610166	186	-0.10000000000000002
3610168	186	-0.1611111111111111
3610170	186	0.061111111111111074
3610171	186	-0.14285714285714285
3610173	186	-0.05500000000000001
3610174	186	-0.12631578947368424
3610175	186	-0.1879310344827586
3610176	186	-0.1857142857142857
3610177	186	-0.08333333333333333
3610178	186	-0.19285714285714287
3610183	186	-0.11428571428571431
3610184	186	-0.06499999999999997
3610185	186	-0.1388888888888889
3610187	186	-0.12142857142857144
3610188	186	-0.14
3610191	186	-0.10384615384615384
3610192	186	-0.08548387096774195
3610195	186	-0.08684210526315789
3610196	186	-0.9000000000000001
3610197	186	-0.12631578947368421
3610198	186	-0.1425925925925926
3610199	186	-0.08333333333333333
3610200	186	-0.06891891891891894
3610201	186	-0.625
3610202	186	-0.09090909090909091
3610203	186	-0.12619047619047621
3610210	186	-0.10357142857142856
3610211	186	-0.05178571428571428
3610212	186	-0.03347107438016529
3610248	186	-0.12670454545454546
3610251	186	-0.10405405405405405
3610252	186	-0.11308724832214764
3610253	186	-0.12034313725490196
3610254	186	-0.106
3610255	186	0.0323529411764706
3610256	186	-0.12708333333333333
3610257	186	0.007142857142857164
3610258	186	-0.15535714285714286
3610259	186	-0.15000000000000002
3610260	186	-0.14500000000000002
3610261	186	-0.12830188679245283
3610262	186	-0.125
3610263	186	-0.12924528301886795
3610264	186	-0.08571428571428572
3610265	186	-0.11590909090909092
3610266	186	-0.15666666666666668
3610267	186	-0.125
3610268	186	-0.09285714285714286
3610269	186	-0.05384615384615386
3610270	186	-0.01666666666666668
3610271	186	-0.10652173913043478
3610272	186	-0.06153846153846154
3610273	186	-0.09801980198019802
3610274	186	-0.09824840764331211
3610275	186	-0.11277777777777778
3610276	186	-0.0590909090909091
3610277	186	-0.16818181818181818
3610278	186	0.016666666666666673
3610279	186	-0.010000000000000012
3610280	186	-0.024999999999999994
3610283	186	-0.14915254237288134
3610284	186	-0.13902439024390242
3610285	186	-0.13211009174311927
3610286	186	-0.14420289855072466
3610287	186	-0.12620967741935485
3610288	186	-0.12125
3610289	186	-0.16092896174863386
3610290	186	-0.09222560975609756
3610291	186	-0.1191860465116279
3610292	186	-0.131062124248497
3610293	186	-0.10546218487394958
3610294	186	-0.13450413223140495
3610295	186	-0.17500000000000002
3610296	186	-0.12321428571428572
3610297	186	-0.10669856459330143
3610303	186	-0.12530864197530867
3610304	186	-0.1018867924528302
3610305	186	-0.11641221374045801
3610306	186	-0.14400000000000002
3610307	186	-0.1404081632653061
3610308	186	-0.09285714285714286
3610309	186	-0.1253623188405797
3610310	186	-0.13170731707317074
3610311	186	-0.14444444444444443
3610312	186	-0.028000000000000008
3610313	186	-0.024999999999999988
3610314	186	-0.08272727272727273
3610319	186	-0.08970588235294118
3610320	186	-0.1358974358974359
3610321	186	-0.1111111111111111
3610322	186	-0.09845559845559845
3610323	186	-0.07125000000000001
3610326	186	-0.10833333333333334
3610327	186	-0.10869565217391304
3610328	186	-0.12142857142857144
3610329	186	-0.052500000000000005
3610330	186	-0.11206896551724138
3610331	186	-0.13863636363636364
3610332	186	-0.07142857142857144
3610333	186	-0.2
3610334	186	-0.11875000000000001
3610335	186	-0.10172413793103448
3610336	186	-0.12666666666666665
3610337	186	-0.10403225806451613
3610338	186	-0.10333333333333333
3610339	186	-0.13958333333333334
3610340	186	-0.14285714285714285
3610341	186	-0.07785714285714285
3610342	186	-0.1
3610343	186	-0.15
3610344	186	-0.1196969696969697
3610345	186	-0.13717948717948716
3610346	186	-0.16578947368421054
3610347	186	-0.15555555555555556
3610348	186	-0.06578947368421051
3610349	186	0.08
3610350	186	-0.10952380952380952
3610351	186	-0.0875
3610352	186	-0.08571428571428572
3610353	186	-0.125
3610357	186	-0.11690140845070424
3610358	186	-0.11739130434782608
3610359	186	-0.044444444444444446
3610360	186	-0.1433333333333333
3610361	186	-0.14473684210526314
3610363	186	-0.4
3610364	186	-0.4
3610365	186	-0.2
3610366	186	-0.08714285714285716
3610367	186	-0.059259259259259255
3610368	186	-0.19375
3610369	186	-0.07962962962962963
3610370	186	-0.13076923076923075
3610411	186	-0.08125000000000002
3610412	186	-0.19705882352941176
3610413	186	-0.22727272727272727
3610414	186	-0.0875
3610415	186	-0.19
3610416	186	-0.18571428571428572
3610417	186	0.03333333333333333
3610418	186	-0.19999999999999998
3610419	186	-0.20000000000000004
3610420	186	-0.026562499999999996
3610421	186	-0.04615384615384616
3610422	186	-0.19999999999999998
3610423	186	-0.12666666666666668
3610424	186	-0.1
3610427	186	-0.9750000000000001
3610429	186	-0.13
3610430	186	-0.14375000000000002
3610431	186	-0.07608695652173914
3610432	186	-0.13636363636363638
3610433	186	-0.13461538461538464
3610434	186	-0.15357142857142855
3610436	186	-0.08636363636363636
3610437	186	-0.11071428571428572
3610438	186	-0.1
3610439	186	-0.20454545454545453
3610440	186	-0.3666666666666667
3610441	186	-0.20277777777777778
3610442	186	-0.18888888888888888
3610443	186	-0.12058823529411765
3610444	186	-0.16666666666666666
3610445	186	-0.16052631578947368
3610446	186	-0.09047619047619049
3610447	186	-0.10416666666666667
3610448	186	-0.21111111111111114
3610449	186	-0.09166666666666667
3610450	186	-0.033333333333333326
3610451	186	-0.15000000000000002
3610452	186	-0.01764705882352942
3610453	186	-0.14166666666666666
3610454	186	-0.02499999999999999
3610455	186	0.20000000000000004
3610456	186	-0.21666666666666667
3610457	186	-0.1286764705882353
3610458	186	-0.03333333333333333
3610459	186	-0.13846153846153847
3610460	186	-0.164
3610461	186	0.0
3610462	186	-0.21666666666666667
3610463	186	-0.12162162162162163
3610466	186	-0.11000000000000001
3610467	186	-0.35
3610468	186	-0.06666666666666665
3610469	186	-0.2
3610470	186	-0.1464285714285714
3610471	186	-0.07857142857142857
3610472	186	-0.022222222222222216
3610476	186	0.14054054054054055
3610477	186	-0.06034482758620689
3610478	186	-0.12608695652173912
3610479	186	-0.15000000000000002
3610480	186	-0.7352941176470589
3610481	186	-0.07745098039215687
3610482	186	-0.06451612903225806
3610483	186	0.1272727272727273
3610484	186	-0.24
3610485	186	0.4325396825396825
3610486	186	0.3380952380952381
3610487	186	0.16774193548387098
3610488	186	-0.08653846153846154
3610489	186	-0.09375
3610490	186	-0.14097881665449236
3610491	186	-0.13531073446327685
3610492	186	-0.1272727272727273
3610498	186	-0.08923076923076922
3610499	186	-0.11979166666666666
3610500	186	-0.14166666666666666
3610501	186	-0.16078431372549018
3610502	186	-0.13695652173913042
3610503	186	-0.13088235294117648
3610504	186	-0.15306122448979592
3610505	186	-0.14
3610506	186	-0.11666666666666664
3610507	186	-0.12613636363636363
3610508	186	-0.14473684210526316
3610509	186	-0.2
3610510	186	-0.169
3610511	186	-0.10285714285714284
3610512	186	-0.125
3610513	186	-0.08793103448275863
3610514	186	-0.08421052631578947
3610515	186	-0.134
3610516	186	-0.013636363636363618
3610517	186	-0.10403225806451613
3610518	186	-0.17200000000000004
3610519	186	-0.08800000000000001
3610520	186	-0.140625
3610521	186	-0.1111111111111111
3610522	186	-0.11923076923076922
3610523	186	-0.09838709677419355
3610524	186	-0.08571428571428572
3610525	186	-0.1331168831168831
3610526	186	-0.09545454545454546
3610527	186	-0.10342465753424657
3610528	186	-0.11333333333333333
3610529	186	-0.06111111111111111
3610530	186	-0.1392156862745098
3610531	186	-0.075
3610532	186	-0.14411764705882354
3610533	186	-0.018965517241379307
3610534	186	-0.025
3610535	186	-0.09333333333333335
3610536	186	-0.09871794871794871
3610537	186	-0.2025
3610538	186	-0.1142857142857143
3610539	186	-0.08571428571428572
3610540	186	-0.2
3610541	186	0.02272727272727272
3610542	186	-0.4
3610543	186	-0.1
3610544	186	-0.15555555555555556
3610545	186	-0.165
3610546	186	-0.012499999999999987
3610547	186	-0.22692307692307695
3610548	186	-0.1
3610549	186	-0.2181818181818182
3610585	186	-0.12056737588652483
3610586	186	-0.05769230769230771
3610587	186	-0.06764705882352942
3610588	186	0.02941176470588235
3610589	186	-0.15357142857142858
3610590	186	-0.20666666666666667
3610591	186	-0.48888888888888893
3610592	186	-0.16896551724137931
3610593	186	-0.1111111111111111
3610594	186	0.033333333333333326
3610595	186	-0.08333333333333333
3610596	186	0.125
3610597	186	-0.10588235294117646
3610598	186	-0.125
3610599	186	-0.13157894736842105
3610600	186	-0.15
3610601	186	-0.15625
3610602	186	-0.1392857142857143
3610603	186	-0.15000000000000002
3610604	186	-0.0892857142857143
3610605	186	-0.1184115523465704
3610606	186	-0.10330188679245284
3610607	186	-0.1732758620689655
3610608	186	-0.08928571428571429
3610609	186	-0.08333333333333334
3610611	186	-0.1111111111111111
3610612	186	-0.13333333333333336
3610613	186	-0.024999999999999984
3610614	186	-0.10384615384615384
3610615	186	0.0035714285714285744
3610616	186	-0.27
3610617	186	-0.10416666666666666
3610618	186	-0.14210526315789473
3610619	186	-0.1
3610620	186	0.05000000000000002
3610621	186	-0.15
3610622	186	-0.14400000000000002
3610627	186	-0.135
3610628	186	-0.14656249999999998
3610629	186	-0.06727272727272729
3610630	186	-0.17368421052631577
3610631	186	-0.21428571428571427
3610632	186	-0.1546875
3610633	186	-0.135
3610634	186	-0.1056818181818182
3610635	186	-0.05999999999999997
3610636	186	0.037500000000000006
3610637	186	-0.18571428571428572
3610638	186	-0.02999999999999998
3610639	186	-0.12058823529411765
3610643	186	-0.05000000000000001
3610644	186	0.0
3610645	186	-0.11818181818181817
3610646	186	-0.07343749999999999
3610686	186	-0.05000000000000001
3610690	186	-0.16180124223602485
3610692	186	-0.16951219512195123
3610694	186	-0.22272727272727275
3610695	186	-0.35
3610696	186	-0.17307692307692307
3610702	186	-0.17916666666666667
3610703	186	-0.2107142857142857
3610704	186	0.0
3610705	186	-0.1425
3610706	186	-0.16
3610709	186	-0.13333333333333333
3610710	186	-0.17727272727272728
3610711	186	-0.13333333333333333
3610712	186	-0.25
3610713	186	-0.11666666666666665
3610720	186	6.938893903907228e-18
3610721	186	-0.078125
3610722	186	-0.08515625
3610723	186	-0.17142857142857143
3610724	186	-0.14285714285714285
3610725	186	-0.17205882352941176
3610726	186	-0.06964285714285715
3610728	186	-0.2
3610729	186	0.25
3610730	186	0.15833333333333333
3610731	186	-0.033333333333333326
3610732	186	0.17499999999999996
3610733	186	0.06
3610734	186	-0.1
3610735	186	0.1
3610736	186	0.07857142857142857
3610737	186	-0.2
3610740	186	-0.17424242424242425
3610742	186	-0.1785714285714286
3610743	186	-0.08488372093023255
3610747	186	-0.23500000000000001
3610748	186	-0.2333333333333334
3610749	186	-0.057142857142857155
3610750	186	-0.13571428571428573
3610751	186	-0.14905660377358493
3610752	186	0.03636363636363636
3610753	186	-0.2
3610754	186	-0.15000000000000002
3610755	186	-0.2583333333333333
3610756	186	-0.19615384615384615
3610757	186	-0.025
3610758	186	-0.042857142857142844
3610759	186	-0.246875
3610760	186	-0.15714285714285717
3610761	186	0.21999999999999995
3610762	186	-0.03636363636363636
3610763	186	0.10999999999999999
3610764	186	0.0
3610766	186	-0.17023809523809524
3610768	186	-0.13333333333333336
3610769	186	0.17142857142857143
3610770	186	-0.1
3610771	186	-0.1725
3610772	186	-0.1625
3610773	186	0.2
3610774	186	-0.12142857142857143
3610775	186	0.2
3610776	186	-0.033333333333333326
3610777	186	-0.027777777777777783
3610778	186	-0.1375
3610779	186	-0.15555555555555556
3610780	186	-0.1333333333333333
3610781	186	0.125
3610782	186	-0.1
3610783	186	-0.2
3610784	186	-0.05
3610785	186	-0.21666666666666667
3610786	186	0.08333333333333334
3610787	186	-0.3
3610788	186	-0.1625
3610789	186	-0.47500000000000003
3610790	186	-0.06666666666666665
3610791	186	-0.1285714285714286
3610792	186	0.05
3610793	186	0.3
3610795	186	0.1
3610796	186	-0.18
3610797	186	0.35
3610798	186	0.1
3610799	186	0.025000000000000012
3610800	186	-0.2
3610801	186	-0.2333333333333333
3610802	186	-0.3
3610803	186	-0.13999999999999999
3610804	186	-0.2
3610805	186	-0.25
3610806	186	-0.07500000000000001
3610807	186	0.19166666666666665
3610808	186	-0.13333333333333333
3610809	186	-0.15294117647058825
3610810	186	-0.1333333333333333
3610811	186	-0.19166666666666665
3610812	186	-0.27
3610813	186	-0.3
3610814	186	-0.225
3610815	186	0.03999999999999998
3610816	186	-0.07083333333333335
3610817	186	-0.08666666666666666
3610818	186	-0.15000000000000002
3610819	186	-0.21875000000000003
3610820	186	-0.175
3610821	186	-0.2857142857142857
3610822	186	0.05
3610823	186	-0.1875
3610824	186	0.2
3610827	186	-0.4730769230769231
3610829	186	-0.2
3610830	186	-0.13125
3610831	186	-0.43333333333333335
3610832	186	-0.1142857142857143
3610833	186	0.05000000000000001
3610834	186	-0.190625
3610835	186	-0.19999999999999998
3610836	186	-0.3499999999999999
3610837	186	0.0
3610838	186	-0.05
3610839	186	-0.049999999999999996
3610840	186	0.04999999999999999
