bnumber,gene_name,essential
b0002,thrA,0
b0004,thrC,0
b0005,yaaX,0
b0006,yaaA,0
b0007,yaaJ,0
b0008,talB,0
b0009,mog,1
b0010,yaaH,0
b0011,yaaW,0
b0013,yaaI,0
b0014,dnaK,1
b0015,dnaJ,0
b0016,,0
b0019,nhaA,0
b0020,nhaR,0
b0021,insB1,0
b0022,,1
b0023,rpsT,1
b0025,ribF,1
b0026,ileS,1
b0027,lspA,1
b0028,fkpB,0
b0029,ispH*,1
b0030,yaaF,0
b0031,dapB,1
b0032,carA,0
b0033,carB,0
b0034,caiF,0
b0035,caiE,0
b0036,caiD,0
b0037,caiC,0
b0038,caiB,0
b0039,caiA,0
b0040,caiT,0
b0041,fixA,0
b0042,fixB,0
b0043,fixC,0
b0044,fixX,0
b0045,yaaU,0
b0046,yabF,0
b0047,kefC,0
b0048,folA,1
b0049,apaH,0
b0050,apaG,0
b0051,ksgA,0
b0052,pdxA,0
b0053,surA,0
b0054,imp,1
b0055,djlA,0
b0056,yabP,0
b0057,yabQ,0
b0058,rluA,1
b0059,hepA,0
b0060,polB,0
b0061,araD,0
b0062,araA,0
b0063,araB,0
b0064,araC,0
b0065,yabI,0
b0066,thiQ,0
b0067,thiP,0
b0068,tbpA,0
b0069,yabN,0
b0070,setA,0
b0071,leuD,0
b0072,leuC,0
b0073,leuB,0
b0074,leuA,0
b0075,leuL,0
b0076,leuO,0
b0077,ilvI,0
b0078,ilvH,0
b0080,fruR,0
b0081,mraZ,0
b0082,mraW,1
b0083,ftsL,1
b0084,ftsI,1
b0085,murE,1
b0086,murF,0
b0087,mraY,0
b0088,murD,1
b0089,ftsW,1
b0090,murG,1
b0091,murC,1
b0092,ddlB,1
b0093,ftsQ,1
b0094,ftsA,1
b0095,ftsZ,1
b0097,secM,1
b0098,secA,1
b0099,mutT,0
b0102,yacF,0
b0103,coaE,1
b0104,guaC,0
b0106,hofC,0
b0107,hofB,0
b0108,ppdD,0
b0109,nadC,0
b0110,ampD,0
b0111,ampE,0
b0112,aroP,0
b0113,pdhR,0
b0114,aceE,0
b0115,aceF,1
b0116,lpdA,1
b0117,yacH,0
b0118,acnB,0
b0119,yacL,0
b0120,speD,0
b0121,speE,0
b0122,yacC,1
b0123,cueO,0
b0124,gcd,0
b0125,hpt,0
b0126,yadF,1
b0127,yadG,0
b0128,yadH,0
b0129,yadI,1
b0130,yadE,0
b0131,panD,0
b0132,yadD,0
b0133,panC,0
b0134,panB,0
b0135,yadC,0
b0136,yadK,0
b0137,yadL,0
b0138,yadM,0
b0139,htrE,0
b0140,ecpD,0
b0141,yadN,0
b0142,folK,1
b0143,pcnB,0
b0144,yadB,0
b0145,dksA,0
b0146,sfsA,0
b0147,ligT,0
b0148,hrpB,0
b0149,mrcB,0
b0150,fhuA,0
b0151,fhuC,0
b0152,fhuD,0
b0153,fhuB,0
b0154,hemL,1
b0155,eriC,0
b0156,yadR,0
b0158,btuF,0
b0159,mtn,1
b0160,dgt,0
b0161,degP,0
b0162,cdaR,0
b0163,yaeH,0
b0164,yaeI,0
b0166,dapD,1
b0167,glnD,1
b0168,map,1
b0169,rpsB,1
b0170,tsf,1
b0171,pyrH,1
b0172,frr,1
b0173,dxr,1
b0174,uppS,1
b0175,cdsA,1
b0176,ecfE,0
b0177,yaeT,1
b0178,hlpA,0
b0180,fabZ,1
b0181,lpxA,1
b0182,lpxB,1
b0183,rnhB,1
b0184,dnaE,1
b0185,accA,1
b0186,ldcC,0
b0187,yaeR,0
b0188,mesJ,1
b0189,rof,0
b0190,yaeQ,0
b0191,yaeJ,0
b0192,cutF,0
b0193,yaeF,0
b0194,proS,1
b0196,rcsF,0
b0197,yaeC,0
b0198,yaeE,0
b0199,abc,0
b0200,yaeD,0
b0207,dkgB,0
b0208,yafC,0
b0209,yafD,0
b0210,yafE,1
b0211,mltD,0
b0212,gloB,0
b0213,yafS,0
b0214,rnhA,1
b0215,dnaQ,1
b0217,yafT,0
b0218,yafU,0
b0219,yafV,0
b0220,ivy,0
b0221,yafH,0
b0222,lpcA,0
b0223,yafJ,0
b0224,yafK,0
b0226,dinJ,0
b0227,yafL,0
b0228,yafM,0
b0230,mbhA,0
b0229,fhiA,0
b0231,dinP,0
b0232,yafN,0
b0233,yafO,0
b0234,yafP,0
b0235,ykfJ,0
b0236,prfH,0
b0237,pepD,0
b0239,yafA,0
b0240,crl,0
b0241,phoE,0
b0242,proB,0
b0243,proA,0
b0245,ykfI,1
b0246,yafW,0
b0247,ykfG,0
b0248,yafX,0
b0249,ykfF,0
b0250,ykfB,0
b0251,yafY,0
b0252,yafZ,0
b0253,ykfA,0
b0254,perR,0
b0255,insN1,0
b0256,insI1,0
b0257,,0
b0258,ykfC,0
b0259,,0
b0260,mmuP,0
b0261,mmuM,0
b0262,afuC,0
b0263,afuB,0
b0264,,0
b0265,,1
b0266,yagB,0
b0267,yagA,0
b0268,yagE,0
b0269,yagF,0
b0270,yagG,1
b0271,yagH,1
b0272,yagI,0
b0273,argF,0
b0274,insB3,0
b0276,yagJ,0
b0277,yagK,0
b0278,yagL,0
b0279,yagM,0
b0280,yagN,0
b0281,intF,0
b0282,yagP,0
b0283,yagQ,0
b0284,yagR,0
b0285,yagS,1
b0286,yagT,0
b0287,yagU,0
b0289,yagV,1
b0290,yagW,0
b0291,yagX,0
b0292,yagY,0
b0293,yagZ,0
b0294,ykgK,0
b0297,eaeH,0
b0298,insE1,1
b0299,insF1,0
b0304,ykgC,0
b0305,ykgD,0
b0306,ykgE,0
b0307,ykgF,0
b0308,ykgG,0
b0310,ykgH,0
b0311,betA,0
b0312,betB,0
b0313,betI,0
b0314,betT,0
b0315,yahA,0
b0316,yahB,0
b0317,yahC,0
b0318,yahD,0
b0319,yahE,0
b0320,yahF,1
b0321,yahG,0
b0322,yahH,1
b0323,yahI,0
b0324,yahJ,0
b0325,yahK,0
b0326,yahL,0
b0327,yahM,0
b0328,yahN,0
b0329,yahO,0
b0330,prpR,0
b0331,prpB,0
b0332,,0
b0333,prpC,0
b0334,prpD,0
b0335,prpE,0
b0336,codB,0
b0337,codA,0
b0338,cynR,0
b0339,cynT,0
b0340,cynS,1
b0341,cynX,0
b0342,lacA,0
b0343,lacY,0
b0344,lacZ,0
b0345,lacI,0
b0346,mhpR,0
b0347,mhpA,0
b0348,mhpB,0
b0349,mhpC,0
b0350,mhpD,0
b0351,mhpF,0
b0352,mhpE,0
b0353,mhpT,0
b0354,yaiL,0
b0355,yaiM,0
b0356,adhC,0
b0357,yaiN,1
b0358,yaiO,0
b4272,insC6,0
b0364,yaiS,1
b0365,tauA,0
b0366,tauB,0
b0367,tauC,0
b0368,tauD,0
b0369,hemB,1
b0370,,0
b0371,yaiT,0
b2089,insF5,0
b2088,insE5,1
b0374,yaiU,0
b0375,yaiV,0
b0376,ampH,0
b0377,sbmA,0
b0378,yaiW,0
b0379,yaiY,1
b0380,yaiZ,0
b0381,ddlA,0
b0383,phoA,0
b0384,psiF,0
b0385,yaiC,0
b0387,yaiI,0
b0386,proC,1
b0388,aroL,0
b0389,yaiA,0
b0390,aroM,0
b0391,yaiE,0
b0392,ykiA,0
b0394,yajF,0
b0393,rdgC,0
b0396,araJ,0
b0397,sbcC,0
b0398,sbcD,0
b0399,phoB,0
b0400,phoR,0
b0401,brnQ,0
b0402,proY,0
b0403,malZ,0
b0404,yajB,0
b0405,queA,0
b0406,tgt,0
b0408,secD,1
b0409,secF,1
b0410,yajD,0
b0411,tsx,0
b0412,yajI,0
b0414,ribD,1
b0415,ribH,1
b0416,nusB,1
b0417,thiL,1
b0418,pgpA,1
b0419,yajO,0
b0420,dxs,1
b0421,ispA,1
b0423,thiI,0
b0424,thiJ,0
b0425,panE,0
b0426,yajQ,0
b0427,yajR,0
b0428,cyoE,0
b0429,cyoD,1
b0430,cyoC,0
b0431,cyoB,0
b0432,cyoA,0
b0433,ampG,0
b0434,yajG,0
b0435,bolA,0
b0436,tig,0
b0437,clpP,0
b0438,clpX,0
b0439,lon,0
b0440,hupB,0
b0441,ppiD,0
b0442,ybaV,1
b0443,ybaW,0
b0444,ybaX,0
b0445,ybaE,0
b0446,cof,0
b0447,ybaO,0
b0448,mdlA,0
b0449,mdlB,0
b0450,glnK,0
b0451,amtB,0
b0452,tesB,0
b0453,ybaY,0
b0454,ybaZ,0
b0456,ybaA,1
b0457,ylaB,0
b0458,ylaC,0
b0459,maa,0
b0460,hha,0
b0461,ybaJ,0
b0462,acrB,0
b0463,acrA,0
b0464,acrR,0
b0465,kefA,0
b0467,priC,1
b0468,ybaN,1
b0469,apt,1
b0470,dnaX,1
b0471,ybaB,0
b0472,recR,0
b0473,htpG,0
b0474,adk,1
b0475,hemH,1
b0476,aes,0
b0477,gsk,0
b0478,ybaL,0
b0479,fsr,0
b0480,ushA,0
b0481,ybaK,0
b0482,ybaP,1
b0483,ybaQ,1
b0484,copA,0
b0485,ybaS,0
b0486,ybaT,0
b0488,ybbJ,0
b0489,ybbK,0
b0490,ybbL,0
b0491,ybbM,0
b0492,ybbN,0
b0493,ybbO,0
b0495,ybbA,0
b0494,tesA,0
b0496,ybbP,0
b0497,rhsD,0
b0498,ybbC,1
b0499,,0
b0501,,0
b0502,,0
b0503,ybbB,0
b0504,ybbS,0
b0505,allA,1
b0506,allR,0
b0507,gcl,0
b0508,hyi,0
b0509,glxR,0
b0510,ybbV,0
b0511,ybbW,0
b0512,allB,0
b0513,ybbY,0
b0514,glxK,0
b0515,ylbA,0
b0516,allC,0
b0517,allD,0
b0518,fdrA,0
b0519,ylbE,0
b0520,ylbF,1
b0521,arcC,1
b0522,purK,0
b0523,purE,0
b0524,lpxH,1
b0525,ppiB,1
b0526,cysS,1
b0529,folD,0
b0530,sfmA,0
b0531,sfmC,0
b0532,sfmD,0
b0534,sfmF,0
b0535,fimZ,0
b0537,intD,0
b0540,insE3,1
b0541,insF3,0
b0543,emrE,0
b0544,ybcK,0
b0545,ybcL,0
b0546,ybcM,0
b0547,ybcN,1
b0549,ybcO,1
b0550,rusA,1
b0551,ybcQ,0
b0552,,0
b0553,nmpC,0
b0554,essD,0
b0555,ybcS,0
b0556,rzpD,0
b0557,borD,0
b0558,ybcV,1
b0560,nohB,0
b0561,tfaD,0
b0562,ybcY,0
b0564,appY,1
b0565,ompT,0
b0566,envY,0
b0567,ybcH,0
b0568,nfrA,0
b0569,nfrB,0
b0570,cusS,0
b0571,cusR,0
b0572,cusC,0
b0573,cusX,0
b0574,cusB,0
b0575,cusA,0
b0576,pheP,0
b0577,ybdG,0
b0578,nfnB,0
b0579,ybdF,0
b0580,ybdJ,0
b0581,ybdK,0
b0582,,0
b0583,entD,0
b0584,fepA,0
b0585,fes,0
b0586,entF,0
b0587,fepE,0
b0588,fepC,0
b0590,fepD,0
b0592,fepB,1
b0593,entC,0
b0594,entE,0
b0595,entB,0
b0596,entA,0
b0597,ybdB,0
b0598,cstA,0
b0599,ybdH,0
b0600,ybdL,0
b0601,ybdM,0
b0602,ybdN,0
b0603,ybdO,0
b0604,dsbG,0
b0605,ahpC,0
b0606,ahpF,0
b0607,ybdQ,0
b0608,ybdR,0
b0610,rnk,0
b0611,rna,0
b0612,citT,0
b0613,citG,0
b0614,citX,0
b0615,citF,0
b0616,citE,0
b0617,citD,0
b0618,citC,0
b0619,dpiB,0
b0620,dpiA,0
b0621,dcuC,0
b0622,crcA,0
b0623,cspE,0
b0624,crcB,1
b0626,ybeM,0
b0628,lipA,0
b0629,ybeF,0
b0630,lipB,0
b0631,ybeD,0
b0632,dacA,0
b0633,rlpA,0
b0634,mrdB,1
b0635,mrdA,1
b0636,ybeA,1
b0637,ybeB,0
b0638,cobC,0
b0639,nadD,0
b0640,holA,1
b0641,rlpB,1
b0642,leuS,1
b0644,ybeQ,0
b0645,ybeR,0
b0646,ybeS,0
b0647,ybeT,0
b0648,ybeU,0
b0649,ybeV,0
b0650,hscC,0
b0651,ybeK,0
b0652,gltL,1
b0653,gltK,1
b0654,gltJ,0
b0655,gltI,0
b0656,,0
b0658,corC,0
b0659,ybeY,1
b0660,ybeZ,0
b0661,yleA,0
b0662,ubiF,0
b0663,,0
b0674,asnB,0
b0675,nagD,0
b0676,nagC,0
b0677,nagA,0
b0678,nagB,0
b0679,nagE,0
b0680,glnS,1
b0681,ybfM,0
b0682,ybfN,1
b0683,fur,0
b0684,fldA,0
b0685,ybfE,0
b0686,ybfF,0
b0687,seqA,1
b0688,pgm,0
b0689,ybfP,0
b0691,ybfH,0
b0692,potE,0
b0693,speF,0
b0694,kdpE,0
b0695,kdpD,0
b0697,kdpB,0
b0698,kdpA,0
b0699,ybfA,0
b0700,rhsC,0
b0702,ybfB,1
b0703,ybfO,0
b0704,ybfC,1
b0705,ybfL,0
b0706,ybfD,0
b0708,phrB,1
b0709,ybgH,0
b0710,ybgI,0
b0711,ybgJ,0
b0712,ybgK,0
b0715,abrB,0
b0716,ybgO,0
b0717,ybgP,1
b0718,ybgQ,0
b0720,gltA,0
b0721,sdhC,0
b0722,sdhD,0
b0723,sdhA,0
b0724,sdhB,0
b0725,,0
b0726,sucA,1
b0727,sucB,1
b0728,sucC,0
b0729,sucD,0
b0730,farR,0
b0731,hrsA,0
b0732,ybgG,0
b0733,cydA,1
b0734,cydB,1
b0735,ybgE,0
b0736,ybgC,1
b0737,tolQ,0
b0738,tolR,0
b0739,tolA,0
b0740,tolB,0
b0741,pal,0
b0742,ybgF,0
b0750,nadA,0
b0751,pnuC,0
b0752,zitB,0
b0753,ybgS,0
b0754,aroG,0
b0755,gpmA,0
b0756,galM,0
b0757,galK,0
b0758,galT,0
b0759,galE,0
b0760,modF,0
b0761,modE,0
b0763,modA,0
b0764,modB,0
b0765,modC,0
b0766,ybhA,1
b0767,ybhE,0
b0768,ybhD,0
b0769,ybhH,0
b0770,ybhI,0
b0771,ybhJ,0
b0772,ybhC,0
b0773,ybhB,0
b0774,bioA,0
b0775,bioB,0
b0776,bioF,0
b0777,bioC,0
b0778,bioD,0
b0779,uvrB,0
b0780,ybhK,0
b0781,moaA,0
b0782,moaB,0
b0783,moaC,0
b0784,moaD,0
b0785,moaE,0
b0786,ybhL,0
b0787,ybhM,0
b0788,ybhN,1
b0789,ybhO,0
b0790,ybhP,0
b0791,ybhQ,1
b0792,ybhR,0
b0793,ybhS,0
b0794,ybhF,0
b0795,ybhG,0
b0796,ybiH,0
b0797,rhlE,0
b0798,ybiA,1
b0799,dinG,0
b0800,ybiB,0
b0801,ybiC,0
b0803,ybiI,0
b0804,ybiX,0
b0805,ybiL,0
b0806,ybiM,0
b0807,ybiN,0
b0808,ybiO,0
b0809,glnQ,0
b0810,glnP,1
b0811,glnH,0
b0812,dps,0
b0813,ybiF,0
b0814,ompX,0
b0815,ybiP,0
b0817,mntR,1
b0818,ybiR,0
b0819,ybiS,0
b0820,ybiT,0
b0821,ybiU,0
b0822,ybiV,0
b0823,ybiW,0
b0824,ybiY,0
b0825,fsaA,0
b0826,moeB,0
b0827,moeA,0
b0828,ybiK,0
b0829,yliA,0
b0830,yliB,0
b0831,yliC,0
b0832,yliD,0
b0833,yliE,0
b0834,yliF,0
b0835,yliG,1
b0836,yliH,0
b0837,yliI,0
b0838,yliJ,0
b0839,dacC,0
b0840,deoR,0
b0841,ybjG,0
b0842,cmr,0
b0843,ybjH,0
b0844,ybjI,0
b0845,ybjJ,0
b0846,ybjK,1
b0847,ybjL,0
b0848,ybjM,0
b0850,ybjC,1
b0851,nfsA,0
b0852,rimK,0
b0854,potF,0
b0855,potG,0
b0856,potH,0
b0857,potI,0
b0858,ybjO,0
b0859,ybjF,0
b0860,artJ,0
b0861,artM,0
b0862,artQ,0
b0863,artI,0
b0864,artP,0
b0865,ybjP,1
b0866,ybjQ,1
b0867,ybjR,1
b0868,ybjS,1
b0869,ybjT,0
b0870,ltaE,0
b0871,poxB,0
b0872,hcr,0
b0873,hcp,0
b0874,ybjE,0
b0875,aqpZ,0
b0876,ybjD,0
b0877,ybjX,0
b0878,macA,0
b0879,macB,0
b0880,cspD,0
b0881,yljA,1
b0882,clpA,0
b0885,aat,0
b0886,cydC,1
b0887,cydD,1
b0888,trxB,0
b0889,lrp,0
b0891,lolA,0
b0892,ycaJ,0
b0893,serS,1
b0894,dmsA,0
b0895,dmsB,0
b0896,dmsC,0
b0897,ycaC,1
b0898,ycaD,0
b0899,ycaM,0
b0900,ycaN,0
b0901,ycaK,0
b0902,pflA,0
b0903,pflB,0
b0904,focA,0
b0905,ycaO,0
b0906,ycaP,0
b0907,serC,0
b0908,aroA,0
b0909,ycaL,0
b0910,cmk,1
b0912,ihfB,0
b0913,ycaI,0
b0914,msbA,1
b0915,lpxK,1
b0916,ycaQ,0
b0918,kdsB,1
b0919,ycbJ,0
b0920,ycbC,0
b0921,smtA,0
b0922,mukF,1
b0923,mukE,1
b0924,mukB,1
b0925,ycbB,0
b0926,ycbK,1
b0927,ycbL,0
b0928,aspC,0
b0929,ompF,0
b0930,asnS,1
b0931,pncB,0
b0932,pepN,0
b0933,ssuB,0
b0934,ssuC,0
b0935,ssuD,0
b0936,ssuA,0
b0937,ssuE,0
b0938,ycbQ,0
b0939,ycbR,0
b0940,ycbS,0
b0941,ycbT,0
b0942,ycbU,0
b0943,ycbV,0
b0944,ycbF,0
b0945,pyrD,0
b0946,ycbW,0
b0947,ycbX,0
b0948,ycbY,0
b0949,uup,0
b0950,pqiA,0
b0951,pqiB,0
b0952,ymbA,0
b0954,fabA,1
b0955,ycbZ,0
b0956,ycbG,0
b0957,ompA,0
b0958,sulA,0
b0959,yccR,0
b0960,yccS,0
b0961,yccF,0
b0962,helD,0
b0963,mgsA,1
b0964,yccT,0
b0965,yccU,1
b0966,yccV,0
b0967,yccW,0
b0968,yccX,0
b0970,yccA,0
b0972,hyaA,1
b0973,hyaB,0
b0974,hyaC,1
b0975,hyaD,1
b0976,hyaE,0
b0977,hyaF,0
b0978,appC,0
b0979,appB,0
b0980,appA,0
b0981,etk,0
b0982,etp,0
b0983,yccZ,0
b0984,ymcA,0
b0985,ymcB,0
b0986,ymcC,0
b0987,ymcD,1
b0988,insB4,1
b0990,cspG,0
b0991,sfa,0
b0992,yccM,0
b0993,torS,0
b0994,torT,0
b0995,torR,1
b0996,torC,0
b0997,torA,0
b0998,torD,1
b0999,yccD,1
b1000,cbpA,0
b1001,yccE,0
b1002,agp,0
b1004,wrbA,0
b1006,ycdG,0
b1007,ycdH,0
b1008,ycdI,0
b1009,ycdJ,0
b1010,ycdK,1
b1011,ycdL,1
b1012,ycdM,0
b1013,ycdC,0
b1014,putA,0
b1015,putP,0
b1016,,0
b1017,ycdN,0
b1018,ycdO,0
b1019,ycdB,0
b1020,phoH,0
b1021,ycdP,0
b1022,ycdQ,0
b1023,ycdR,0
b1024,ycdS,0
b1025,ycdT,0
b1026,insF4,0
b1027,insE4,1
b1028,,0
b1029,ycdU,0
b1030,,0
b1033,ycdW,1
b1034,ycdX,1
b1035,ycdY,0
b1036,ycdZ,1
b1037,csgG,0
b1038,csgF,0
b1039,csgE,1
b1040,csgD,0
b1041,csgB,0
b1042,csgA,0
b1043,csgC,0
b1045,ymdB,0
b1046,ymdC,0
b1047,mdoC,0
b1048,mdoG,0
b1049,mdoH,0
b1050,yceK,0
b1051,msyB,1
b1053,yceE,0
b1054,htrB,0
b1055,yceA,0
b1056,yceI,0
b1057,yceJ,0
b1059,solA,0
b1060,yceP,0
b1061,dinI,0
b1062,pyrC,0
b1063,yceB,0
b1064,grxB,0
b1065,yceL,0
b1066,rimJ,0
b1067,yceH,0
b1068,mviM,0
b1069,mviN,1
b1070,flgN,0
b1071,flgM,0
b1072,flgA,0
b1073,flgB,0
b1074,flgC,0
b1075,flgD,0
b1076,flgE,0
b1077,flgF,0
b1078,flgG,0
b1079,flgH,0
b1080,flgI,0
b1081,flgJ,0
b1082,flgK,0
b1084,rne,1
b1085,,1
b1086,rluC,0
b1087,yceF,0
b1088,yceD,0
b1090,plsX,0
b1091,fabH,1
b1092,fabD,1
b1093,fabG,1
b1095,fabF,0
b1096,pabC,0
b1097,yceG,0
b1098,tmk,1
b1099,holB,1
b1100,ycfH,0
b1101,ptsG,0
b1102,fhuE,0
b1103,ycfF,0
b1104,ycfL,0
b1105,ycfM,0
b1106,ycfN,0
b1107,nagZ,0
b1108,ycfP,1
b1109,ndh,0
b1110,ycfJ,0
b1111,ycfQ,0
b1112,ycfR,0
b1113,ycfS,0
b1114,mfd,0
b1115,ycfT,0
b1116,lolC,1
b1117,lolD,1
b1118,lolE,1
b1119,ycfX,0
b1120,cobB,0
b1121,ycfZ,0
b1122,ymfA,0
b1123,potD,1
b1124,potC,1
b1125,potB,0
b1126,potA,0
b1127,pepT,0
b1128,ycfD,1
b1129,phoQ,0
b1130,phoP,0
b1131,purB,0
b1132,ycfC,0
b1133,trmU,1
b1134,ymfB,0
b1135,ymfC,0
b1136,icd,0
b1137,ymfD,0
b1140,intE,0
b1141,ymfG,0
b1142,,0
b1143,ymfI,1
b1144,ymfJ,1
b1146,,1
b1145,ymfK,1
b1147,ymfL,0
b1148,ymfM,0
b1149,ymfN,0
b1151,ymfO,0
b1152,ymfP,0
b1153,ymfQ,0
b1154,ycfK,0
b1155,ymfS,0
b1156,tfaE,0
b1157,stfE,0
b1158,pinE,0
b1159,mcrA,0
b1160,elbA,1
b1161,ycgX,1
b1162,ycgE,0
b1163,ycgF,0
b1164,ycgZ,0
b1165,ymgA,0
b1166,ymgB,0
b1167,ymgC,0
b1168,ycgG,0
b1169,,0
b1170,,0
b1171,ymgD,0
b1172,,0
b1175,minD,1
b1176,minC,0
b1177,ycgJ,0
b1178,ycgK,0
b1180,ycgM,1
b1181,ycgN,0
b1182,hlyE,0
b1183,umuD,0
b1184,umuC,0
b1185,dsbB,0
b1186,nhaB,0
b1187,fadR,0
b1188,ycgB,0
b1189,dadA,1
b1190,dadX,0
b1191,ycgO,0
b1193,mltE,0
b1192,ldcA,0
b1194,ycgR,0
b1195,ymgE,0
b1196,ycgY,0
b1197,treA,0
b1198,ycgC,0
b1199,ycgS,1
b1200,ycgT,0
b1201,dhaR,0
b1202,ycgV,0
b1203,ychF,1
b1204,pth,1
b1205,ychH,1
b1206,ychM,0
b1207,prsA,1
b1208,ispE,1
b1212,hemK,1
b1213,ychQ,1
b1214,ychA,0
b1216,chaA,0
b1218,chaC,0
b1219,ychN,0
b1220,ychO,0
b1221,narL,0
b1222,narX,0
b1223,narK,0
b1224,narG,0
b1225,narH,0
b1226,narJ,0
b1227,narI,0
b1228,,1
b1232,purU,1
b1233,ychJ,0
b1234,ychK,0
b1235,hnr,1
b1236,galU,1
b1237,hns,1
b1238,tdk,1
b1239,ychG,0
b1241,adhE,0
b1242,ychE,0
b1243,oppA,0
b1244,oppB,0
b1245,oppC,1
b1246,oppD,1
b1247,oppF,0
b1248,yciU,0
b1249,cls,0
b1250,kch,0
b1251,yciI,0
b1252,tonB,1
b1253,yciA,1
b1254,ispZ,1
b1255,yciC,0
b1256,ompW,0
b1257,yciE,0
b1258,yciF,0
b1259,yciG,0
b1260,trpA,0
b1261,trpB,0
b1262,trpC,0
b1263,trpD,0
b1264,trpE,0
b1266,trpH,0
b1267,yciO,0
b1268,yciQ,0
b1269,yciL,1
b1270,btuR,1
b1271,yciK,1
b1272,sohB,0
b1273,yciN,0
b1274,topA,1
b1275,cysB,0
b1276,acnA,0
b1277,ribA,1
b1278,pgpB,0
b1279,yciS,1
b1280,yciM,0
b1281,pyrF,1
b1282,yciH,0
b1283,osmB,0
b1284,yciT,0
b1285,yciR,0
b1286,rnb,0
b1288,fabI,1
b1289,ycjD,0
b1290,sapF,0
b1291,sapD,0
b1292,sapC,0
b1293,sapB,0
b1294,sapA,0
b1295,ymjA,0
b1296,ycjJ,0
b1297,ycjK,0
b1298,ycjL,0
b1299,ycjC,0
b1300,aldH,0
b1301,ordL,0
b1302,goaG,0
b1303,pspF,0
b1304,pspA,0
b1306,pspC,1
b1307,pspD,0
b1308,pspE,1
b1309,ycjM,0
b1310,ycjN,0
b1311,ycjO,0
b1312,ycjP,0
b1313,ycjQ,0
b1315,ycjS,0
b1316,ycjT,0
b1317,ycjU,0
b1318,ycjV,0
b1319,ompG,0
b1320,ycjW,0
b1321,ycjX,0
b1322,ycjF,1
b1323,tyrR,0
b1324,tpx,0
b1325,ycjG,0
b1326,ycjI,1
b1327,ycjY,0
b1328,ycjZ,0
b1329,mppA,0
b1330,ynaI,0
b1332,ynaJ,1
b1333,ydaA,0
b1334,fnr,0
b1336,abgT,0
b1337,abgB,0
b1338,abgA,0
b1339,abgR,0
b1340,ydaL,1
b1341,ydaM,0
b1342,ydaN,0
b1343,dbpA,0
b1344,ydaO,0
b1345,intR,0
b1346,ydaQ,0
b1349,recT,0
b1350,recE,0
b1351,racC,0
b1353,sieB,0
b1354,,0
b1356,racR,1
b1357,ydaS,1
b1358,ydaT,1
b1359,ydaU,1
b1360,ydaV,0
b1361,ydaW,0
b1362,rzpR,0
b1363,trkG,0
b1364,,0
b1365,ynaK,0
b1366,ydaY,0
b1367,,0
b1368,ynaA,0
b1371,,0
b1370,insH5,1
b1372,stfR,0
b1373,tfaR,0
b1374,pinR,0
b1375,ynaE,0
b1376,ynaF,0
b1377,ompN,0
b1378,ydbK,0
b1379,hslJ,1
b1380,ldhA,0
b1381,ydbH,0
b1382,ynbE,0
b1383,ydbL,0
b1384,feaR,0
b1385,feaB,0
b1386,tynA,0
b1387,maoC,0
b1388,paaA,0
b1390,paaC,1
b1391,paaD,0
b1392,paaE,0
b1393,paaF,0
b1394,paaG,0
b1395,paaH,0
b1396,paaI,0
b1397,paaJ,0
b1398,paaK,0
b1399,paaX,1
b1400,paaY,1
b1406,ydbC,0
b1407,ydbD,0
b1408,ynbA,0
b1410,ynbC,0
b1411,ynbD,0
b1412,acpD,1
b1413,hrpA,0
b1414,ydcF,0
b1415,aldA,0
b1418,cybB,0
b1419,ydcA,0
b1421,trg,1
b1422,ydcI,0
b1423,ydcJ,0
b1424,ydcG,0
b1427,rimL,1
b1428,ydcK,0
b1429,tehA,0
b1430,tehB,0
b1431,ydcL,0
b1432,ydcM,0
b1434,ydcN,1
b1433,ydcO,0
b1435,ydcP,0
b1436,yncJ,0
b1437,,0
b1438,ydcQ,1
b1439,ydcR,0
b1440,ydcS,0
b1441,ydcT,1
b1442,ydcU,1
b1443,ydcV,1
b1444,ydcW,0
b1446,ydcY,0
b1447,ydcZ,1
b1448,yncA,1
b1449,yncB,0
b1450,yncC,0
b1451,yncD,0
b1452,yncE,1
b1453,ansP,0
b1454,yncG,0
b1455,yncH,0
b1456,rhsE,0
b1458,,0
b1460,ydcC,0
b1461,ydcE,0
b1462,yddH,0
b1463,nhoA,1
b1464,yddE,1
b1465,narV,0
b1466,narW,0
b1467,narY,0
b1468,narZ,0
b1469,narU,0
b1470,yddJ,0
b1471,yddK,1
b1472,,1
b1473,yddG,0
b1474,fdnG,0
b1475,fdnH,0
b1476,fdnI,0
b1477,yddM,1
b1478,adhP,0
b1479,sfcA,0
b1480,rpsV,0
b1481,bdm,0
b1482,osmC,0
b1483,yddO,0
b1484,yddP,0
b1485,yddQ,1
b1486,yddR,0
b1487,yddS,0
b1488,ddpX,0
b1489,yddU,0
b1490,yddV,0
b1491,yddW,0
b1492,xasA,0
b1493,gadB,0
b1494,pqqL,0
b1495,yddB,0
b1496,yddA,0
b1497,ydeM,0
b1498,ydeN,0
b1499,ydeO,0
b1501,ydeP,0
b1502,ydeQ,0
b1503,ydeR,0
b1504,ydeS,0
b1505,,0
b1507,hipA,0
b1509,ydeU,0
b1510,ydeK,0
b1511,ydeV,0
b1512,ydeW,0
b1513,ego,0
b1514,ydeY,0
b1515,ydeZ,0
b1516,yneA,0
b1517,yneB,0
b1518,yneC,0
b1519,tam,0
b1520,yneE,0
b1521,uxaB,0
b1522,yneF,0
b1523,yneG,1
b1524,yneH,0
b1525,yneI,0
b1526,yneJ,0
b1527,yneK,0
b1528,sotB,0
b1529,marC,0
b1530,marR,0
b1531,marA,1
b1533,eamA,0
b1534,ydeE,1
b1535,ydeH,0
b1536,ydeI,0
b1538,dcp,0
b1539,ydfG,0
b1540,ydfH,0
b1542,ydfI,0
b1543,ydfJ,0
b1544,ydfK,0
b1545,pinQ,0
b1546,tfaQ,0
b1549,ydfO,0
b1554,ydfQ,0
b1555,ydfR,1
b1556,essQ,1
b1557,cspB,0
b1558,cspF,0
b1559,ydfT,0
b1560,ydfU,0
b1563,relE,1
b1565,ydfV,1
b1566,flxA,0
b1568,ydfX,0
b1570,dicA,1
b1573,ydfC,0
b1576,ydfD,0
b1577,ydfE,0
b1578,,1
b1579,intQ,0
b1580,rspB,0
b1581,rspA,0
b1582,ynfA,1
b1583,ynfB,0
b1584,speG,0
b1585,ynfC,0
b1586,ynfD,1
b1587,ynfE,0
b1588,ynfF,0
b1589,ynfG,1
b1590,ynfH,0
b1591,ynfI,0
b1592,ynfJ,0
b1593,ynfK,0
b1594,mlc,0
b1595,ynfL,0
b1596,ynfM,0
b1597,asr,0
b1598,ydgD,0
b1599,ydgE,1
b1600,ydgF,0
b1601,ydgG,0
b1602,pntB,0
b1603,pntA,0
b1604,ydgH,0
b1605,ydgI,0
b1606,ydgB,0
b1607,ydgC,0
b1608,rstA,0
b1609,rstB,1
b1610,tus,1
b1611,fumC,0
b1612,fumA,0
b1613,manA,0
b1614,ydgA,1
b1615,uidC,0
b1616,uidB,0
b1617,uidA,0
b1618,uidR,1
b1619,hdhA,0
b1620,malI,0
b1621,malX,0
b1622,malY,0
b1623,add,0
b1624,ydgJ,0
b1625,ydgT,0
b1626,ydgK,0
b1627,rnfA,0
b1629,rnfC,0
b1630,rnfD,0
b1631,rnfG,0
b1632,rnfE,0
b1633,nth,0
b1634,ydgR,1
b1635,gst,0
b1636,pdxY,0
b1637,tyrS,1
b1638,pdxH,0
b1640,ydhH,0
b1641,slyB,0
b1642,slyA,0
b1644,ydhJ,0
b1645,ydhK,0
b1646,sodC,0
b1647,ydhF,0
b1649,ydhM,0
b1648,ydhL,1
b1650,nemA,0
b1652,rnt,1
b1653,lhr,0
b1654,ydhD,1
b1655,ydhO,0
b1656,sodB,0
b1657,ydhP,0
b1658,purR,0
b1659,ydhB,0
b1660,ydhC,0
b1661,cfa,0
b1662,ribE,1
b1663,norM,0
b1664,ydhQ,0
b1667,ydhR,1
b1668,ydhS,0
b1669,ydhT,0
b1670,ydhU,0
b1671,ydhX,1
b1673,ydhV,0
b1674,ydhY,0
b1675,ydhZ,0
b1676,pykF,0
b1678,ynhG,0
b1679,sufE,0
b1680,csdB,0
b1681,sufD,0
b1682,sufC,0
b1683,sufB,0
b1684,sufA,1
b1686,ydiI,1
b1687,ydiJ,0
b1688,ydiK,0
b1689,ydiL,0
b1690,ydiM,0
b1691,ydiN,0
b1692,ydiB,0
b1693,aroD,0
b1694,ydiF,0
b1695,ydiO,1
b1696,ydiP,0
b1697,ydiQ,0
b1698,ydiR,1
b1699,ydiS,0
b1700,ydiT,1
b1701,ydiD,0
b1703,ydiA,0
b1704,aroH,1
b1706,ydiU,0
b1707,ydiV,0
b1708,nlpC,0
b1709,btuD,0
b1710,btuE,1
b1711,btuC,0
b1716,rplT,1
b1718,infC,1
b1719,thrS,1
b1720,,0
b1721,arpB,0
b1722,ydiY,1
b1723,pfkB,0
b1724,ydiZ,1
b1726,yniB,0
b1727,yniC,0
b1728,ydjM,0
b1729,ydjN,0
b1730,ydjO,0
b1731,cedA,0
b1732,katE,0
b1733,ydjC,0
b1734,celF,0
b1735,celD,0
b1736,celC,1
b1737,celB,0
b1738,celA,1
b1740,nadE,1
b1741,ydjQ,1
b1742,ydjR,1
b1743,spy,0
b1745,astB,1
b1746,astD,0
b1747,astA,1
b1748,argM,0
b1749,xthA,0
b1750,ydjX,0
b1751,ydjY,0
b1752,ydjZ,0
b1753,ynjA,1
b1754,ynjB,0
b1755,ynjC,0
b1756,ynjD,1
b1757,ynjE,0
b1758,ynjF,0
b1759,nudG,0
b1760,ynjH,0
b1761,gdhA,0
b1762,ynjI,0
b1763,topB,0
b1764,selD,1
b1765,ydjA,1
b1766,sppA,0
b1767,ansA,0
b1768,pncA,0
b1769,ydjE,0
b1770,ydjF,0
b1772,ydjH,0
b1773,ydjI,0
b1774,ydjJ,0
b1775,ydjK,0
b1779,gapA,1
b1780,yeaD,0
b1781,yeaE,0
b1782,mipA,0
b1783,yeaG,0
b1784,yeaH,0
b1785,yeaI,0
b1786,yeaJ,0
b1787,yeaK,0
b1789,yeaL,0
b1790,yeaM,0
b1791,yeaN,1
b1792,yeaO,1
b1794,yeaP,0
b1795,yeaQ,0
b1804,rnd,0
b1805,fadD,0
b1806,yeaY,0
b1807,yeaZ,1
b1808,yoaA,0
b1809,yoaB,1
b1810,yoaC,0
b1811,yoaH,0
b1812,pabB,0
b1814,sdaA,0
b1815,yoaD,0
b1816,yoaE,0
b1817,manX,0
b1818,manY,0
b1819,manZ,0
b1820,yobD,0
b1821,yebN,0
b1825,yebO,0
b1827,kdgR,0
b1828,yebQ,0
b1829,htpX,0
b1830,prc,0
b1832,yebR,0
b1833,yebS,0
b1834,yebT,0
b1835,yebU,0
b1837,yebW,0
b1838,pphA,0
b1839,yebY,1
b1840,yebZ,0
b1841,yobA,0
b1843,yobB,0
b1844,exoX,0
b1845,ptrB,0
b1846,yebE,1
b1847,yebF,0
b1848,yebG,1
b1849,purT,0
b1850,eda,0
b1851,edd,0
b1852,zwf,1
b1853,hexR,0
b1854,pykA,0
b1855,msbB,0
b1856,yebA,0
b1857,znuA,0
b1858,znuC,0
b1859,znuB,0
b1860,ruvB,0
b1861,ruvA,0
b1862,yebB,0
b1863,ruvC,1
b1864,yebC,1
b1865,nudB,1
b1866,aspS,1
b1867,yecD,0
b1868,yecE,0
b1869,yecN,0
b1870,yecO,0
b1871,yecP,1
b1872,torZ,0
b1873,torY,0
b1874,cutC,1
b1875,yecM,0
b1876,argS,1
b1877,yecT,0
b1878,flhE,0
b1879,flhA,0
b1880,flhB,0
b1881,cheZ,0
b1882,cheY,0
b1884,cheR,1
b1885,tap,0
b1886,tar,0
b1887,cheW,1
b1888,cheA,0
b1889,motB,0
b1890,motA,1
b1891,flhC,0
b1892,flhD,0
b3445,insB6,0
b1895,yecG,1
b1896,otsA,0
b1897,otsB,0
b1898,araH,0
b1900,araG,1
b1901,araF,1
b1902,ftnB,0
b1903,,0
b1904,yecR,0
b1905,ftnA,0
b1907,tyrP,0
b1908,yecA,0
b1912,pgsA,1
b1913,uvrC,0
b1914,uvrY,0
b1915,yecF,0
b1916,sdiA,0
b1917,yecC,0
b1918,yecS,0
b1921,fliZ,0
b1922,fliA,0
b1923,fliC,0
b1924,fliD,0
b1925,fliS,0
b1926,fliT,0
b1927,amyA,0
b1928,yedD,0
b1929,yedE,1
b1930,yedF,0
b1932,yedL,0
b1935,yedM,0
b1936,,0
b1938,fliF,0
b1939,fliG,0
b1940,fliH,0
b1941,fliI,0
b1942,fliJ,1
b1943,fliK,0
b1944,fliL,1
b1945,fliM,0
b1946,fliN,1
b1947,fliO,0
b1948,fliP,0
b1949,fliQ,0
b1950,fliR,0
b1951,rcsA,0
b1955,yedP,0
b1956,yedQ,0
b1958,yedI,0
b1959,yedA,0
b1960,vsr,0
b1961,dcm,1
b1962,yedJ,0
b1964,,0
b1966,yedS,0
b1967,yedU,0
b1968,yedV,0
b1969,yedW,0
b1970,yedX,0
b1971,yedY,0
b1972,yedZ,0
b1973,yodA,0
b1974,yodB,0
b1976,yeeI,1
b1978,yeeJ,0
b1981,shiA,0
b1982,amn,0
b1983,yeeN,0
b1988,nac,0
b1990,erfK,0
b1991,cobT,0
b1992,cobS,0
b1993,cobU,0
b1994,,0
b1999,yeeP,0
b2000,flu,0
b2001,yeeR,0
b2002,yeeS,0
b2003,yeeT,0
b2004,yeeU,0
b2005,yeeV,1
b2007,yeeX,0
b2008,yeeA,0
b2009,gyrI,1
b2010,dacD,0
b2011,sbcB,0
b2013,yeeE,0
b2016,yeeZ,0
b2020,hisD,0
b2021,hisC,0
b2022,hisB,0
b2023,hisH,0
b2024,hisA,0
b2025,hisF,0
b2026,hisI,0
b2027,wzzB,0
b2028,ugd,0
b2029,gnd,0
b2031,wbbL,0
b2032,yefI,0
b2033,wbbJ,0
b2034,yefG,0
b2035,rfc,0
b2037,rfbX,0
b2038,rfbC,0
b2039,rfbA,0
b2040,rfbD,0
b2041,rfbB,0
b2042,galF,1
b2043,wcaM,0
b2044,wcaL,0
b2045,wcaK,0
b2046,wzxC,0
b2047,wcaJ,0
b2048,manB,0
b2049,manC,0
b2050,wcaI,0
b2051,nudD,0
b2052,fcl,0
b2053,gmd,0
b2054,wcaF,0
b2055,wcaE,0
b2056,wcaD,0
b2057,wcaC,0
b2058,wcaB,0
b2059,wcaA,0
b2060,wzc,0
b2061,wzb,1
b2062,wza,0
b2063,yegH,0
b2064,asmA,0
b2065,dcd,0
b2066,udk,0
b2067,yegE,0
b2068,alkA,0
b2069,yegD,0
b2070,yegI,0
b2071,yegJ,0
b2072,yegK,0
b2073,yegL,1
b2074,yegM,0
b2075,yegN,0
b2076,yegO,0
b2077,yegB,0
b2078,baeS,0
b2079,baeR,0
b2080,yegP,1
b2081,yegQ,0
b2082,ogrK,0
b2084,,0
b2085,yegR,0
b2086,yegS,0
b2088,,0
b2089,,0
b2091,gatD,1
b2092,gatC,0
b2093,gatB,0
b2094,gatA,0
b2095,gatZ,0
b2096,gatY,0
b2097,fbaB,0
b2098,yegT,0
b2099,yegU,0
b2100,yegV,0
b2101,yegW,0
b2102,yegX,0
b2103,thiD,0
b2104,thiM,0
b2105,yohL,1
b2106,yohM,0
b2107,yohN,0
b2108,yehA,0
b2109,yehB,0
b2110,yehC,1
b2111,yehD,1
b2112,yehE,0
b2113,mrp,0
b2114,metG,1
b2115,,0
b2116,molR,0
b2117,,0
b2118,yehI,0
b2119,yehL,0
b2120,yehM,0
b2121,yehP,0
b2122,yehQ,0
b2123,yehR,0
b2124,yehS,0
b2125,yehT,0
b2126,yehU,0
b2127,mlrA,0
b2128,yehW,0
b2129,yehX,0
b2130,yehY,0
b2131,yehZ,0
b2132,bglX,0
b2133,dld,0
b2134,pbpG,0
b2135,yohC,0
b2136,yohD,0
b2137,yohF,0
b2139,yohH,0
b2140,yohI,0
b2142,yohK,0
b2143,cdd,0
b2144,sanA,0
b2145,yeiS,0
b2146,yeiT,0
b2147,yeiA,0
b2149,mglA,0
b2150,mglB,1
b2151,galS,0
b2152,yeiB,0
b2153,folE,1
b2154,yeiG,0
b2155,cirA,0
b2156,lysP,0
b2157,yeiE,0
b2158,yeiH,0
b2159,nfo,0
b2160,yeiI,0
b2161,yeiJ,1
b2162,yeiK,0
b2163,yeiL,1
b2164,yeiM,1
b2166,yeiC,0
b2167,fruA,0
b2168,fruK,0
b2169,fruB,0
b2170,setB,0
b2171,yeiP,0
b2172,yeiQ,0
b2173,yeiR,0
b2174,yeiU,0
b2175,spr,0
b2176,rtn,0
b2177,yejA,0
b2178,yejB,0
b2179,yejE,1
b2180,yejF,0
b2181,yejG,0
b2182,bcr,0
b2183,rsuA,0
b2184,yejH,0
b2185,rplY,1
b2186,yejK,0
b2188,yejM,0
b2190,yejO,0
b2191,,0
b2192,,0
b2193,narP,0
b2194,ccmH,0
b2195,dsbE,0
b2196,ccmF,0
b2197,ccmE,1
b2198,ccmD,0
b2199,ccmC,0
b2200,ccmB,0
b2201,ccmA,0
b2202,napC,0
b2203,napB,0
b2204,napH,0
b2205,napG,0
b2206,napA,0
b2207,napD,0
b2208,napF,0
b2209,eco,0
b2210,mqo,0
b2211,yojI,0
b2212,alkB,0
b2213,ada,0
b2214,apbE,0
b2215,ompC,0
b2216,yojN,0
b2217,rcsB,0
b2218,rcsC,0
b2219,atoS,0
b2220,atoC,0
b2221,atoD,0
b2222,atoA,0
b2223,atoE,0
b2224,atoB,0
b2225,yfaP,0
b2226,yfaQ,0
b2227,,0
b2229,yfaT,0
b2230,yfaA,0
b2231,gyrA,1
b2232,ubiG,1
b2233,yfaL,0
b2234,nrdA,1
b2235,nrdB,1
b2236,yfaE,0
b2237,inaA,0
b2239,glpQ,0
b2240,glpT,0
b2241,glpA,0
b2242,glpB,0
b2243,glpC,0
b2244,yfaD,1
b2245,yfaU,0
b2246,yfaV,1
b2247,yfaW,0
b2248,yfaX,0
b2249,cinA,0
b2250,yfaZ,0
b2251,yfaO,0
b2254,yfbF,0
b2255,yfbG,0
b2256,yfbH,0
b2257,yfbI,0
b2258,yfbJ,0
b2259,pmrD,0
b2260,menE,1
b2265,menF,0
b2266,elaB,0
b2267,elaA,1
b2268,elaC,0
b2269,elaD,0
b2270,yfbK,0
b2271,yfbL,0
b2272,yfbM,0
b2274,yfbO,0
b2275,yfbP,0
b2276,nuoN,0
b2277,nuoM,0
b2278,nuoL,0
b2280,nuoJ,0
b2281,nuoI,0
b2282,nuoH,0
b2283,nuoG,0
b2284,nuoF,0
b2286,nuoC,0
b2287,nuoB,0
b2288,nuoA,0
b2289,lrhA,0
b2291,yfbR,0
b2292,yfbS,0
b2293,yfbT,0
b2294,yfbU,0
b2295,yfbV,0
b2296,ackA,1
b2297,pta,0
b2298,yfcC,0
b2299,yfcD,0
b2300,yfcE,0
b2301,yfcF,0
b2302,yfcG,0
b2303,folX,0
b2304,yfcH,1
b2305,yfcI,0
b2306,hisP,0
b2307,hisM,0
b2308,hisQ,0
b2309,hisJ,0
b2310,argT,0
b2311,ubiX,1
b2312,purF,0
b2313,cvpA,1
b2314,dedD,0
b2317,dedA,0
b2318,truA,0
b2320,pdxB,0
b2321,div,0
b2322,yfcJ,0
b2323,fabB,1
b2324,yfcK,0
b2325,yfcL,0
b2326,yfcM,0
b2327,yfcA,0
b2328,mepA,0
b2329,aroC,0
b2331,yfcN,0
b2330,yfcB,0
b2332,yfcO,0
b2333,yfcP,0
b2334,yfcQ,0
b2335,yfcR,0
b2336,yfcS,0
b2337,yfcU,0
b2339,yfcV,0
b2341,yfcX,0
b2342,yfcY,0
b2343,yfcZ,0
b2344,fadL,0
b2345,yfdF,0
b2346,vacJ,0
b2347,yfdC,0
b2352,yfdI,0
b2353,tfaS,0
b2354,yfdK,0
b2359,yfdP,0
b2360,yfdQ,0
b2361,yfdR,0
b2364,dsdC,0
b2365,dsdX,0
b2369,evgA,0
b2370,evgS,0
b2373,yfdU,0
b2374,yfdW,0
b2375,yfdX,1
b2376,ypdI,0
b2377,yfdY,0
b2378,ddg,0
b2379,yfdZ,0
b2380,ypdA,0
b2381,ypdB,0
b2382,ypdC,0
b2383,ypdD,0
b2384,ypdE,0
b2385,ypdF,0
b2386,ypdG,0
b2387,ypdH,1
b2388,glk,0
b2389,yfeO,0
b2392,mntH,0
b2393,nupC,0
b2394,insL3,0
b2395,yfeA,0
b2398,yfeC,0
b2399,yfeD,0
b2400,gltX,1
b2405,xapR,0
b2406,xapB,0
b2407,xapA,0
b2408,yfeN,0
b2409,yfeR,0
b2410,yfeH,0
b2411,ligA,1
b2412,zipA,1
b2413,cysZ,0
b2414,cysK,0
b2415,ptsH,0
b2416,ptsI,0
b2417,crr,0
b2418,pdxK,0
b2419,yfeK,0
b2420,yfeS,0
b2421,cysM,0
b2422,cysA,0
b2423,cysW,1
b2424,cysU,0
b2425,cysP,0
b2426,ucpA,0
b2427,yfeT,0
b2428,yfeU,0
b2429,yfeV,0
b2430,yfeW,0
b2431,yfeX,0
b2432,yfeY,0
b2433,yfeZ,0
b2434,ypeA,0
b2435,amiA,0
b2436,hemF,0
b2437,eutR,0
b2438,eutK,0
b2439,eutL,1
b2440,eutC,0
b2441,eutB,0
b2442,intZ,0
b2443,yffL,0
b2444,yffM,1
b2445,yffN,0
b2446,yffO,1
b2447,yffP,0
b2448,yffQ,0
b2450,yffS,1
b2451,eutA,0
b2452,eutH,0
b2453,eutG,0
b2454,eutJ,0
b2455,eutE,0
b2456,eutN,1
b2457,eutM,0
b2458,eutD,0
b2459,eutT,0
b2460,eutQ,0
b2461,eutP,0
b2462,eutS,0
b2463,maeB,0
b2464,talA,0
b2465,tktB,0
b2466,ypfG,0
b2467,yffH,0
b2468,aegA,0
b2469,narQ,0
b2470,acrD,0
b2471,yffB,1
b2472,dapE,1
b2473,ypfH,0
b2474,ypfI,0
b2475,ypfJ,0
b2476,purC,0
b2477,nlpB,0
b2478,dapA,1
b2479,gcvR,1
b2480,bcp,0
b2481,hyfA,0
b2482,hyfB,0
b2483,hyfC,0
b2484,hyfD,0
b2485,hyfE,0
b2486,hyfF,0
b2487,hyfG,0
b2489,hyfI,0
b2490,hyfJ,0
b2491,hyfR,0
b2492,focB,0
b2493,perM,0
b2495,yfgD,0
b2496,yfgE,1
b2497,uraA,0
b2498,upp,0
b2499,purM,0
b2500,purN,0
b2501,ppk,0
b2502,ppx,0
b2503,yfgF,0
b2507,guaA,0
b2508,guaB,0
b2509,xseA,0
b2510,yfgJ,0
b2511,engA,1
b2512,yfgL,0
b2513,yfgM,0
b2514,hisS,1
b2515,ispG*,1
b2516,yfgA,0
b2517,yfgB,0
b2518,ndk,1
b2519,pbpC,0
b2520,yfhM,0
b2521,sseA,0
b2522,sseB,0
b2523,pepB,0
b2524,yfhJ,0
b2525,fdx,1
b2526,hscA,1
b2527,hscB,1
b2529,nifU,1
b2530,iscS,1
b2531,yfhP,0
b2532,yfhQ,0
b2533,suhB,1
b2534,yfhR,0
b2535,csiE,0
b2536,hcaT,0
b2538,hcaE,0
b2539,hcaF,1
b2540,hcaC,1
b2541,hcaB,0
b2542,hcaD,0
b2543,yphA,0
b2544,yphB,0
b2545,yphC,0
b2546,yphD,0
b2547,yphE,0
b2548,yphF,0
b2549,yphG,0
b2550,yphH,0
b2551,glyA,1
b2552,hmp,0
b2553,glnB,0
b2554,yfhA,0
b2556,yfhK,0
b2557,purL,0
b2558,yfhD,0
b2559,yfhC,1
b2560,yfhB,0
b2562,yfhL,0
b2563,acpS,1
b2564,pdxJ,1
b2565,recO,0
b2566,era,1
b2567,rnc,1
b2568,lepB,1
b2569,lepA,0
b2570,rseC,0
b2571,rseB,0
b2572,rseA,0
b2574,nadB,0
b2575,yfiC,0
b2577,yfiE,0
b2578,yfiK,0
b2579,yfiD,1
b2580,ung,0
b2581,yfiF,0
b2582,trxC,1
b2583,yfiP,0
b2584,yfiQ,0
b2585,pssA,1
b2586,yfiM,0
b2587,kgtP,0
b2592,clpB,0
b2593,yfiH,0
b2594,rluD,1
b2595,yfiO,0
b2597,yfiA,0
b2599,pheA,0
b2600,tyrA,0
b2601,aroF,0
b2602,yfiL,0
b2603,yfiR,0
b2604,yfiN,0
b2605,yfiB,0
b2606,rplS,1
b2607,trmD,1
b2608,rimM,1
b2609,rpsP,1
b2610,ffh,1
b2611,ypjD,0
b2612,,1
b2613,yfjD,0
b2614,grpE,1
b2615,ppnK,1
b2616,recN,0
b2618,yfjF,1
b2619,yfjG,1
b2620,smpB,0
b2622,intA,0
b2627,yfjK,0
b2628,yfjL,0
b2629,yfjM,0
b2630,yfjN,0
b2632,yfjP,0
b2633,yfjQ,0
b2634,yfjR,0
b2635,ypjK,0
b2637,yfjT,0
b2638,yfjU,0
b2639,yfjV,0
b2642,yfjW,0
b2646,ypjF,1
b2647,ypjA,0
b2650,ypjC,1
b2651,,0
b2658,yqaD,0
b2659,ygaT,0
b2661,gabD,0
b2662,gabT,0
b2663,gabP,0
b2664,ygaE,0
b2665,ygaU,1
b2667,ygaV,0
b2668,ygaP,1
b2669,stpA,0
b2670,ygaW,0
b2671,ygaC,0
b2673,nrdH,1
b2674,nrdI,1
b2675,nrdE,0
b2676,nrdF,0
b2677,proV,0
b2678,proW,0
b2679,proX,0
b2681,ygaY,0
b2682,ygaZ,0
b2683,ygaH,0
b2684,mprA,0
b2685,emrA,0
b2686,emrB,0
b2688,gshA,0
b2689,yqaA,0
b2690,yqaB,0
b2697,alaS,1
b2698,oraA,0
b2699,recA,0
b2700,ygaD,0
b2701,mltB,0
b2702,srlA,0
b2703,srlE,0
b2705,srlD,0
b2706,gutM,0
b2707,srlR,0
b2708,gutQ,0
b2709,ygaA,0
b2710,flrD,0
b2711,flrR,0
b2712,hypF,0
b2713,hydN,0
b2714,ascG,0
b2715,ascF,0
b2716,ascB,0
b2717,hycI,1
b2718,hycH,0
b2719,hycG,0
b2720,hycF,1
b2721,hycE,0
b2722,hycD,0
b2723,hycC,0
b2725,hycA,0
b2727,hypB,0
b2729,hypD,0
b2730,hypE,0
b2731,fhlA,0
b2732,ygbA,1
b2733,mutS,0
b2734,pphB,0
b2735,ygbI,0
b2736,ygbJ,0
b2737,ygbK,1
b2738,ygbL,0
b2739,ygbM,0
b2740,ygbN,0
b2741,rpoS,0
b2742,nlpD,0
b2743,pcm,0
b2744,surE,0
b2745,ygbO,0
b2746,ispF,1
b2747,ispD,1
b2748,ygbQ,1
b2749,ygbE,0
b2751,cysN,0
b2752,cysD,0
b2753,iap,0
b2754,ygbF,0
b2755,ygbT,0
b2756,ygcH,0
b2757,ygcI,0
b2758,ygcJ,0
b2759,ygcK,0
b2760,ygcL,0
b2762,cysH,0
b2763,cysI,0
b2764,cysJ,0
b2765,ygcM,0
b2766,ygcN,0
b2767,ygcO,0
b2769,ygcQ,0
b2770,ygcR,0
b2771,ygcS,0
b2773,ygcU,0
b2774,ygcW,0
b2775,yqcE,0
b2776,ygcE,0
b2777,ygcF,0
b2778,ygcG,0
b2780,pyrG,1
b2781,mazG,0
b2782,chpA,0
b2783,chpR,0
b2784,relA,0
b2785,rumA,0
b2786,barA,0
b2787,gudD,0
b2788,gudX,0
b2789,gudP,0
b2790,yqcA,0
b2791,yqcB,0
b2792,yqcC,0
b2793,syd,0
b2794,yqcD,0
b2795,ygdH,0
b2796,sdaC,0
b2797,sdaB,0
b2798,xni,0
b2799,fucO,0
b2800,fucA,0
b2801,fucP,0
b2802,fucI,0
b2803,fucK,0
b2805,fucR,0
b2806,ygdE,0
b2807,ygdD,0
b2808,gcvA,0
b2810,csdA,0
b2811,ygdK,1
b2812,ygdL,0
b2813,mltA,0
b2817,amiC,0
b2818,argA,0
b2819,recD,0
b2820,recB,0
b2821,ptrA,0
b2822,recC,0
b2824,ygdB,0
b2825,ppdB,0
b2826,ppdA,0
b2827,thyA,1
b2828,lgt,1
b2829,ptsP,0
b2830,nudH,0
b2831,mutH,0
b2832,ygdQ,0
b2833,ygdR,0
b2834,tas,0
b2835,ygeD,0
b2836,aas,0
b2837,galR,0
b2838,lysA,0
b2840,ygeA,0
b2841,araE,0
b2854,,1
b2856,,0
b2857,,0
b2858,,0
b2859,,0
b2860,insD4,0
b2866,xdhA,0
b2867,xdhB,0
b2868,xdhC,0
b2869,ygeV,0
b2870,ygeW,0
b2871,ygeX,0
b2872,ygeY,0
b2873,ygeZ,0
b2874,yqeA,0
b2875,yqeB,0
b2877,ygfJ,0
b2878,ygfK,0
b2879,ssnA,0
b2880,ygfM,1
b2881,xdhD,0
b2882,ygfO,0
b2883,guaD,0
b2884,ygfQ,0
b2885,ygfR,0
b2886,ygfS,0
b2887,ygfT,0
b2888,ygfU,0
b2889,idi,0
b2892,recJ,0
b2893,dsbC,0
b2895,fldB,0
b2896,ygfX,0
b2897,ygfY,1
b2899,yqfA,0
b2900,yqfB,1
b2901,bglA,0
b2903,gcvP,0
b2904,gcvH,0
b2905,gcvT,0
b2906,visC,0
b2907,ubiH,1
b2908,pepP,0
b2909,ygfB,1
b2910,ygfE,0
b2912,ygfA,0
b2913,serA,0
b2915,yqfE,0
b2916,iciA,0
b2917,sbm,0
b2918,argK,0
b2919,ygfG,0
b2920,ygfH,0
b2921,ygfI,0
b2922,yggE,0
b2923,yggA,1
b2925,fbaA,1
b2926,pgk,1
b2927,epd,0
b2928,yggC,0
b2929,yggD,0
b2930,yggF,0
b2932,,0
b2933,cmtA,0
b2934,cmtB,0
b2935,tktA,1
b2936,yggG,0
b2937,speB,0
b2938,speA,0
b2942,metK,1
b2943,galP,0
b2944,sprT,0
b2945,endA,0
b2946,yggJ,0
b2947,gshB,1
b2948,yqgE,1
b2949,yqgF,1
b2951,yggS,0
b2950,yggR,0
b2952,yggT,0
b2955,yggW,0
b2956,yggM,0
b2957,ansB,1
b2958,yggN,0
b2959,yggL,1
b2960,yggH,0
b2961,mutY,0
b2963,mltC,0
b2964,nupG,0
b2965,speC,0
b2966,yqgA,0
b2968,yghD,0
b2969,yghE,0
b2970,yghF,0
b2971,yghG,0
b2974,,0
b2975,glcA,0
b2978,glcF,0
b2979,glcD,0
b2980,glcC,0
b2982,,0
b2981,yghO,0
b2983,yghQ,0
b2984,yghR,0
b2985,yghS,0
b2986,yghT,0
b2987,pitB,0
b2988,gsp,0
b2989,yghU,0
b2990,hybG,1
b2991,hybF,0
b2992,hybE,0
b2993,hybD,1
b2994,hybC,0
b2995,hybB,0
b2996,hybA,0
b2997,hyb0,0
b2998,yghW,0
b2999,,0
b3001,yghZ,0
b3002,yqhA,1
b3003,yghA,0
b3005,exbD,0
b3006,exbB,0
b3008,metC,0
b3009,yghB,0
b3011,yqhD,0
b3010,yqhC,0
b3012,dkgA,0
b3013,yqhG,0
b3016,ygiR,0
b3017,sufI,0
b3018,plsC,1
b3019,parC,1
b3020,ygiS,0
b3021,ygiT,1
b3022,ygiU,0
b3024,ygiW,0
b3025,ygiX,0
b3026,ygiY,0
b3027,ygiZ,1
b3028,mdaB,0
b3029,ygiN,0
b3030,parE,1
b3031,yqiA,0
b3032,icc,0
b3033,yqiB,1
b3034,nudF,0
b3035,tolC,0
b3036,ygiA,0
b3037,ygiB,0
b3038,ygiC,0
b3039,ygiD,0
b3040,zupT,0
b3041,ribB,1
b3042,yqiC,0
b3043,ygiL,0
b3047,yqiH,0
b3048,yqiI,0
b3049,glgS,0
b3051,yqiK,0
b3052,rfaE,0
b3053,glnE,0
b3054,ygiF,0
b3055,ygiM,0
b3056,cca,1
b3057,upk,0
b3058,folB,0
b3059,ygiH,0
b3060,ygiP,0
b3062,ttdB,0
b3063,ygjE,0
b3066,dnaG,1
b3067,rpoD,1
b3068,mug,0
b3070,yqjH,0
b3071,yqjI,0
b3072,aer,0
b3073,ygjG,0
b3074,ygjH,0
b3075,ebgR,0
b3076,ebgA,0
b3077,ebgC,0
b3078,ygjI,0
b3079,ygjJ,0
b3080,ygjK,0
b3081,fadH,0
b3084,ygjO,0
b3085,ygjP,0
b3086,ygjQ,1
b3087,ygjR,0
b3088,ygjT,0
b3089,ygjU,0
b3090,ygjV,0
b3091,uxaA,0
b3093,exuT,0
b3094,exuR,0
b3095,yqjA,1
b3096,yqjB,1
b3097,yqjC,0
b3098,yqjD,0
b3099,yqjE,0
b3100,yqjK,1
b3101,yqjF,0
b3102,yqjG,0
b3103,yhaH,0
b3104,yhaI,0
b3105,yhaJ,0
b3109,yhaN,0
b3110,yhaO,0
b3111,tdcG,0
b3112,tdcG,1
b3113,tdcF,0
b3114,tdcE,0
b3115,tdcD,0
b3117,tdcB,0
b3118,tdcA,0
b3119,tdcR,1
b3120,yhaB,0
b3121,yhaC,0
b3122,,0
b3125,garR,0
b3126,garL,0
b3127,garP,0
b3128,garD,0
b3129,sohA,0
b3130,yhaV,0
b3131,agaR,0
b3132,agaZ,0
b3133,agaV,1
b3134,agaW,1
b3135,agaA,0
b3136,agaS,0
b3137,agaY,0
b3139,agaC,0
b3140,agaD,0
b3141,agaI,0
b3142,yraH,0
b3143,yraI,0
b3144,yraJ,0
b3145,yraK,0
b3146,yraL,0
b3147,yraM,0
b3149,yraO,0
b3150,yraP,0
b3151,yraQ,0
b3152,yraR,1
b3154,yhbP,1
b3155,yhbQ,1
b3156,yhbS,1
b3157,yhbT,0
b3158,yhbU,0
b3159,yhbV,0
b3160,yhbW,0
b3162,deaD,0
b3163,nlpI,0
b3164,pnp,1
b3165,rpsO,1
b3166,truB,0
b3168,infB,1
b3170,yhbC,1
b3172,argG,0
b3173,yhbX,0
b3176,mrsA,0
b3177,folP,0
b3178,hflB,0
b3179,rrmJ,0
b3180,yhbY,0
b3181,greA,0
b3182,dacB,0
b3183,yhbZ,1
b3184,yhbE,0
b3187,ispB,1
b3188,sfsB,0
b3189,murA,0
b3190,yrbA,0
b3191,yrbB,0
b3192,yrbC,0
b3193,yrbD,0
b3194,yrbE,0
b3195,yrbF,0
b3196,yrbG,0
b3197,yrbH,0
b3201,yhbG,1
b3202,rpoN,1
b3203,yhbH,0
b3204,ptsN,1
b3205,yhbJ,0
b3206,ptsO,0
b3207,yrbL,0
b3208,mtgA,0
b3210,arcB,0
b3211,yhcC,0
b3212,gltB,0
b3213,gltD,0
b3216,yhcD,0
b3217,yhcE,0
b3505,insH11,0
b3219,yhcF,1
b3220,yhcG,0
b3221,yhcH,0
b3222,yhcI,0
b3223,yhcJ,0
b3224,nanT,0
b3225,nanA,0
b3226,yhcK,1
b3227,dcuD,0
b3228,sspB,0
b3230,rpsI,1
b3231,rplM,1
b3232,yhcM,0
b3233,yhcB,0
b3234,degQ,1
b3235,degS,0
b3236,mdh,0
b3237,argR,1
b3239,yhcO,1
b3240,yhcP,0
b3241,yhcQ,0
b3242,yhcR,0
b3243,yhcS,0
b3244,tldD,0
b3245,yhdP,0
b3246,yhdR,0
b3247,cafA,0
b3248,yhdE,0
b3249,mreD,0
b3250,mreC,1
b3251,mreB,1
b3252,yhdA,0
b3258,panF,0
b3259,prmA,0
b3260,yhdG,0
b3261,fis,1
b3262,yhdJ,0
b3263,yhdU,0
b3264,envR,0
b3265,acrE,0
b3266,acrF,0
b3267,yhdV,0
b3268,yhdW,0
b3270,yhdY,0
b3271,yhdZ,0
b3279,yrdA,0
b3280,yrdB,0
b3281,aroE,0
b3282,yrdC,0
b3284,smg,0
b3285,smf,0
b3287,def,1
b3288,fmt,1
b3289,sun,0
b3290,trkA,0
b3291,mscL,1
b3292,zntR,0
b3298,rpsM,1
b3300,secY,1
b3301,rplO,1
b3303,rpsE,1
b3304,rplR,1
b3305,rplF,1
b3306,rpsH,1
b3307,rpsN,1
b3308,rplE,0
b3309,rplX,1
b3310,rplN,1
b3311,rpsQ,1
b3313,rplP,0
b3314,rpsC,0
b3315,rplV,0
b3316,rpsS,1
b3317,rplB,1
b3318,rplW,1
b3319,rplD,1
b3320,rplC,1
b3321,rpsJ,1
b3322,pioO,0
b3323,gspA,0
b3326,gspE,0
b3327,hofF,0
b3328,hofG,0
b3329,hofH,0
b3331,gspJ,0
b3332,gspK,0
b3333,gspL,0
b3338,chiA,0
b3339,tufA,1
b3340,fusA,1
b3341,rpsG,0
b3342,rpsL,1
b3343,yheL,1
b3344,yheM,1
b3345,yheN,1
b3346,yheO,0
b3347,fkpA,0
b3348,slyX,0
b3349,slyD,1
b3350,kefB,0
b3351,yheR,0
b3352,yheS,0
b3353,yheT,0
b3354,yheU,0
b3355,prkB,0
b3358,yhfK,0
b3360,pabA,0
b3361,fic,0
b3363,ppiA,0
b3364,yhfC,0
b3365,nirB,0
b3366,nirD,0
b3370,yhfM,0
b3371,yhfN,0
b3372,yhfO,0
b3373,yhfP,0
b3374,yhfQ,1
b3375,yhfR,0
b3376,yhfS,0
b3378,yhfU,0
b3379,php,0
b3380,yhfW,0
b3381,yhfX,0
b3382,yhfY,0
b3383,yhfZ,0
b3384,trpS,1
b3385,gph,0
b3386,rpe,1
b3387,dam,0
b3388,damX,0
b3389,aroB,0
b3390,aroK,1
b3391,hofQ,0
b3393,yrfB,0
b3394,yrfC,0
b3395,yrfD,0
b3396,mrcA,0
b3397,nudE,0
b3398,yrfF,0
b3399,yrfG,0
b3400,hslR,0
b3402,yhgE,0
b3403,pckA,0
b3404,envZ,0
b3405,ompR,0
b3406,greB,0
b3407,yhgF,0
b3408,feoA,0
b3409,feoB,0
b3411,yhgA,0
b3413,yhgH,0
b3412,bioH,0
b3414,yhgI,0
b3415,gntT,0
b3416,malQ,0
b3417,malP,0
b3418,malT,0
b3420,yhgK,0
b3421,rtcB,0
b3422,rtcR,0
b3423,glpR,0
b3424,glpG,0
b3426,glpD,0
b3428,glgP,0
b3429,glgA,0
b3430,glgC,0
b3431,glgX,0
b3432,glgB,0
b3433,asd,1
b3434,yhgN,0
b3435,gntU,0
b3439,yhhW,0
b3440,yhhX,0
b3441,yhhY,0
b3442,yhhZ,0
b3443,yrhA,0
b3444,,1
b3446,yrhB,0
b3447,ggt,0
b3448,yhhA,0
b3449,ugpQ,0
b3451,ugpE,0
b3452,ugpA,0
b3453,ugpB,0
b3454,livF,0
b3455,livG,0
b3456,livM,0
b3458,livK,0
b3459,yhhK,0
b3460,livJ,0
b3461,rpoH,1
b3462,ftsX,0
b3463,ftsE,1
b3464,ftsY,1
b3465,yhhF,1
b3466,yhhL,1
b3467,yhhM,1
b3468,yhhN,0
b3469,zntA,0
b3472,dcrB,0
b3473,yhhS,0
b3474,yhhT,0
b3476,nikA,0
b3477,nikB,0
b3478,nikC,0
b3479,nikD,0
b3480,nikE,0
b3481,nikR,0
b3482,rhsB,0
b3484,yhhI,0
b3486,yhiH,0
b3487,yhiI,0
b3488,yhiJ,0
b3489,yhiK,0
b3491,yhiM,0
b3493,pitA,0
b3494,uspB,0
b3495,uspA,0
b3496,yhiP,0
b3497,yhiQ,0
b3498,prlC,0
b3499,yhiR,0
b3500,gor,1
b3502,arsB,0
b3503,arsC,0
b3504,yhiS,0
b3505,,0
b3506,slp,1
b3507,yhiF,0
b3512,yhiE,0
b3513,yhiU,0
b3514,yhiV,0
b3515,yhiW,0
b3523,yhjE,0
b3524,yhjG,0
b3525,yhjH,0
b3526,kdgK,0
b3527,yhjJ,0
b3528,dctA,0
b3529,yhjK,0
b3530,yhjL,0
b3531,bcsC,0
b3532,yhjN,0
b3533,yhjO,0
b3534,yhjQ,0
b3535,yhjR,0
b3536,yhjS,0
b3538,yhjU,0
b3539,yhjV,0
b3540,dppF,0
b3541,dppD,0
b3542,dppC,0
b3543,dppB,0
b3544,dppA,0
b3546,yhjW,0
b3547,yhjX,0
b3548,yhjY,0
b3549,tag,0
b3550,yiaC,0
b3551,bisC,0
b3552,yiaD,0
b3553,tkrA,0
b3555,yiaG,0
b3556,cspA,0
b3557,insJ,0
b3558,insK,0
b3559,glyS,1
b3560,glyQ,1
b3561,yiaH,0
b3562,yiaA,0
b3563,yiaB,0
b3565,xylA,0
b3566,xylF,0
b3567,xylG,0
b3568,xylH,0
b3570,bax,0
b3571,malS,0
b3572,avtA,0
b3573,ysaA,0
b3574,yiaJ,0
b3575,yiaK,0
b3576,yiaL,0
b3577,yiaM,0
b3579,yiaO,0
b3580,lyx,0
b3582,sgbU,0
b3583,sgbE,0
b3584,yiaT,0
b3585,yiaU,0
b3586,yiaV,0
b3587,yiaW,0
b3589,yiaY,0
b3590,selB,0
b3591,selA,0
b3592,yibF,0
b3593,rhsA,0
b3594,yibA,1
b3595,yibJ,0
b3596,yibG,1
b3599,mtlA,0
b3600,mtlD,0
b3601,mtlR,0
b3603,lldP,0
b3604,lldR,0
b3605,lldD,0
b3606,yibK,0
b3607,cysE,1
b3608,gpsA,0
b3609,secB,1
b3610,grxC,0
b3611,yibN,0
b3612,yibO,0
b3613,yibP,0
b3614,yibQ,0
b3615,yibD,0
b3616,tdh,0
b3617,kbl,0
b3618,htrL,0
b3619,rfaD,0
b3620,rfaF,0
b3621,rfaC,1
b3622,rfaL,0
b3623,rfaK,0
b3624,rfaZ,0
b3629,rfaS,0
b3630,rfaP,0
b3631,rfaG,0
b3632,rfaQ,0
b3633,kdtA,1
b3634,coaD,1
b3635,mutM,0
b3638,radC,0
b3639,dfp,1
b3640,dut,1
b3641,ttk,0
b3642,pyrE,0
b3643,rph,0
b3645,dinD,0
b3646,yicG,0
b3647,yicF,0
b3648,gmk,1
b3649,rpoZ,0
b3651,trmH,0
b3652,recG,0
b3653,gltS,0
b3654,yicE,0
b3655,yicH,0
b3656,yicI,0
b3657,yicJ,0
b3659,setC,0
b3663,yicN,0
b3664,yicO,0
b3665,yicP,0
b3666,uhpT,0
b3667,uhpC,0
b3668,uhpB,0
b3669,uhpA,0
b3671,ilvB,0
b3673,emrD,0
b3675,yidG,0
b3676,yidH,0
b3677,yidI,0
b3678,yidJ,0
b3679,yidK,0
b3680,yidL,0
b3683,glvC,0
b3684,yidP,1
b3685,yidE,0
b3686,ibpB,0
b3687,ibpA,0
b3688,yidQ,0
b3689,yidR,0
b3690,yidS,0
b3691,dgoT,0
b3692,dgoA,0
b3693,dgoK,0
b3696,yidX,0
b3697,yidA,0
b3698,yidB,0
b3700,recF,0
b3702,dnaA,1
b3706,trmE,1
b3707,tnaL,0
b3708,tnaA,0
b3709,tnaB,0
b3710,yidY,0
b3711,yidZ,0
b3712,yieE,0
b3713,yieF,0
b3714,yieG,0
b3715,yieH,0
b3716,yieI,0
b3717,yieJ,0
b3718,yieK,0
b3719,yieL,1
b3720,yieC,0
b3722,bglF,0
b3723,bglG,0
b3725,pstB,0
b3726,pstA,0
b3727,pstC,0
b3728,pstS,0
b3729,glmS,1
b3730,glmU,1
b3731,atpC,1
b3732,atpD,0
b3733,atpG,0
b3734,atpA,0
b3736,atpF,1
b3737,atpE,0
b3738,atpB,0
b3739,atpI,0
b3740,gidB,0
b3741,gidA,0
b3742,mioC,0
b3743,asnC,0
b3744,asnA,0
b3745,yieM,0
b3746,yieN,0
b3747,kup,0
b3748,rbsD,0
b3749,rbsA,0
b3750,rbsC,0
b3751,rbsB,0
b3752,rbsK,0
b3753,rbsR,0
b3754,yieO,0
b3755,yieP,0
b3763,pssR,0
b3764,yifE,0
b3765,yifB,0
b3767,ilvG,0
b3769,ilvM,0
b3770,ilvE,0
b3771,ilvD,0
b3772,ilvA,0
b3773,ilvY,0
b3774,ilvC,0
b3775,ppiC,0
b3777,,0
b3778,rep,1
b3779,gppA,0
b3780,rhlB,0
b3781,trxA,0
b3784,wecA,0
b3785,wzzE,0
b3786,wecB,0
b3787,wecC,0
b3788,rffG,0
b3789,rffH,0
b3790,rffC,0
b3791,rffA,0
b3792,wzxE,0
b4404,,0
b4405,wecF,0
b3793,wzyE,1
b3794,wecG,0
b3795,yifK,0
b3800,aslB,0
b3801,aslA,0
b3802,hemY,0
b3803,hemX,0
b3804,hemD,1
b3805,hemC,1
b3806,cyaA,0
b3808,,0
b3807,cyaY,0
b3809,dapF,1
b3810,yigA,0
b3811,xerC,1
b3812,yigB,0
b3813,uvrD,0
b3814,,0
b3816,corA,1
b3817,yigF,0
b3818,yigG,0
b3819,rarD,0
b3821,pldA,0
b3822,recQ,0
b3823,rhtC,0
b3824,rhtB,0
b3825,pldB,0
b3826,yigL,0
b3827,yigM,0
b3828,metR,0
b3829,metE,0
b3831,udp,0
b3832,rmuC,0
b3833,ubiE,1
b3834,yigP,0
b3835,ubiB,1
b3836,tatA,0
b3838,tatB,0
b3839,tatC,0
b3842,rfaH,0
b3843,ubiD,0
b3844,fre,0
b3845,fadA,0
b3846,fadB,0
b3847,pepQ,0
b3848,yigZ,0
b3849,trkH,0
b3850,hemG,1
b3856,mobB,0
b3857,mobA,0
b3858,yihD,0
b3859,yihE,0
b3860,dsbA,1
b3863,polA,0
b3865,engB,1
b3866,yihI,0
b3867,hemN,0
b3870,glnA,0
b3871,typA,0
b3872,yihL,0
b3873,yihM,0
b3875,yshA,0
b3876,yihO,0
b3877,yihP,0
b3878,yihQ,0
b3879,yihR,0
b3880,yihS,0
b3881,yihT,0
b3882,yihU,0
b3883,yihV,0
b3884,yihW,0
b3885,yihX,0
b3886,rbn,0
b3887,dtd,0
b3888,yiiD,0
b3889,yiiE,0
b3891,fdhE,0
b3892,fdoI,0
b3893,fdoH,0
b3894,fdoG,0
b3895,fdhD,0
b3896,yiiG,0
b3899,frvB,0
b3900,frvA,0
b3901,yiiL,0
b3902,rhaD,1
b3905,rhaS,0
b3906,rhaR,0
b3907,rhaT,0
b3908,sodA,0
b3909,kdgT,0
b3910,yiiM,0
b3912,cpxR,0
b3913,,0
b3914,cpxP,0
b3915,yiiP,0
b3917,sbp,0
b3918,cdh,0
b3920,yiiQ,0
b3921,yiiR,0
b3922,yiiS,0
b3923,yiiT,0
b3924,fpr,0
b3925,glpX,0
b3926,glpK,0
b3927,glpF,0
b3928,yiiU,1
b3929,menG,0
b3930,menA,0
b3931,hslU,0
b3932,hslV,0
b3933,ftsN,0
b3934,cytR,0
b3935,priA,1
b3937,yiiX,0
b3938,metJ,0
b3939,metB,0
b3940,metL,0
b3941,metF,0
b3942,katG,0
b3943,yijE,0
b3944,yijF,0
b3945,gldA,0
b3946,fsaB,0
b3947,ptsA,0
b3949,frwC,0
b3950,frwB,0
b3951,pflD,0
b3952,pflC,0
b3953,frwD,0
b3954,yijO,0
b3955,yijP,0
b3956,ppc,0
b3958,argC,1
b3959,argB,0
b3960,argH,0
b3961,oxyR,0
b3962,sthA,0
b3963,yijC,0
b3964,yijD,0
b3965,trmA,0
b3966,btuB,0
b3967,murI,1
b3972,murB,0
b3973,birA,1
b3974,coaA,1
b3975,,0
b3980,tufB,1
b3981,secE,0
b3982,nusG,0
b3985,rplJ,1
b3986,rplL,1
b3987,rpoB,1
b3988,rpoC,1
b3989,htrC,0
b3992,thiF,0
b3993,thiE,0
b3994,thiC,0
b3995,rsd,1
b3996,nudC,0
b3997,hemE,1
b3998,nfi,0
b4000,hupA,0
b4001,yjaH,0
b4002,zraP,1
b4003,zraS,0
b4004,zraR,0
b4005,purD,0
b4006,purH,0
b4011,yjaA,0
b4012,yjaB,0
b4013,metA,0
b4014,aceB,0
b4015,aceA,0
b4016,aceK,0
b4017,arpA,0
b4018,iclR,0
b4019,metH,0
b4020,yjbB,0
b4021,pepE,0
b4022,yjbC,0
b4023,yjbD,0
b4024,lysC,0
b4025,pgi,0
b4026,yjbE,0
b4029,yjbH,0
b4030,yjbA,1
b4031,xylE,0
b4033,malF,0
b4034,malE,0
b4035,malK,0
b4036,lamB,0
b4037,malM,0
b4039,ubiC,0
b4044,dinF,0
b4046,zur,0
b4047,yjbL,1
b4048,yjbM,1
b4049,yjbN,0
b4050,yjbO,1
b4051,qor,0
b4052,dnaB,1
b4053,alr,0
b4054,tyrB,1
b4055,aphA,0
b4056,yjbQ,0
b4057,yjbR,0
b4058,uvrA,0
b4064,yjcD,0
b4065,yjcE,0
b4066,yjcF,0
b4067,yjcG,0
b4069,acs,0
b4070,nrfA,0
b4071,nrfB,0
b4072,nrfC,0
b4073,nrfD,0
b4074,nrfE,0
b4075,nrfF,0
b4076,nrfG,0
b4077,gltP,0
b4078,yjcO,0
b4079,fdhF,0
b4080,yjcP,0
b4081,yjcQ,0
b4082,yjcR,0
b4083,yjcS,0
b4084,alsK,0
b4087,alsA,0
b4088,alsB,0
b4089,rpiR,0
b4090,rpiB,0
b4091,phnQ,0
b4092,phnP,0
b4095,phnM,0
b4096,phnL,0
b4099,phnI,0
b4100,phnH,0
b4101,phnG,0
b4105,phnD,0
b4106,phnC,0
b4108,phnA,0
b4109,yjdA,0
b4110,yjcZ,0
b4111,proP,0
b4113,basR,0
b4114,yjdB,0
b4117,adiA,0
b4118,melR,0
b4119,melA,0
b4120,melB,0
b4121,yjdF,0
b4122,fumB,0
b4123,dcuB,0
b4124,dcuR,0
b4125,dcuS,0
b4126,yjdI,0
b4127,yjdJ,0
b4128,yjdK,0
b4129,lysU,0
b4130,yjdL,0
b4131,cadA,0
b4132,cadB,0
b4136,dsbD,0
b4137,cutA,0
b4138,dcuA,0
b4139,aspA,0
b4140,fxsA,0
b4141,yjeH,0
b4142,groS,1
b4143,groL,1
b4145,yjeJ,0
b4147,efp,1
b4148,sugE,0
b4150,ampC,0
b4152,frdC,0
b4153,frdB,0
b4154,frdA,0
b4155,poxA,1
b4156,yjeM,0
b4158,yjeO,1
b4159,yjeP,0
b4162,orn,0
b4167,yjeF,0
b4166,yjeS,0
b4168,yjeE,1
b4169,amiB,0
b4170,mutL,0
b4171,miaA,1
b4172,hfq,1
b4173,hflX,0
b4174,hflK,0
b4175,hflC,0
b4177,purA,0
b4178,yjeB,0
b4179,rnr,0
b4180,yjfH,0
b4181,yjfI,0
b4182,yjfJ,0
b4187,aidB,0
b4188,yjfN,0
b4189,yjfO,0
b4190,yjfP,0
b4192,yjfR,0
b4193,sgaT,0
b4195,sgaA,0
b4196,sgaH,0
b4197,sgaU,0
b4198,sgaE,0
b4200,rpsF,1
b4201,priB,1
b4203,rplI,0
b4204,yjfZ,0
b4207,fklB,0
b4208,cycA,0
b4209,ytfE,0
b4210,ytfF,0
b4212,ytfH,0
b4211,ytfG,0
b4213,cpdB,0
b4214,cysQ,0
b4215,ytfI,1
b4215,ytfI,1
b4216,ytfJ,0
b4217,ytfK,0
b4218,ytfL,0
b4219,msrA,0
b4220,ytfM,0
b4221,ytfN,0
b4222,ytfP,0
b4224,chpS,1
b4225,chpB,0
b4226,ppa,1
b4227,ytfQ,0
b4229,ytfS,1
b4230,ytfT,0
b4231,yjfF,0
b4232,fbp,0
b4233,mpl,0
b4234,yjgA,0
b4235,pmbA,0
b4237,nrdG,0
b4238,nrdD,0
b4239,treC,0
b4240,treB,0
b4241,treR,0
b4242,mgtA,0
b4243,yjgF,1
b4244,pyrI,0
b4245,pyrB,0
b4247,yjgG,0
b4248,yjgH,0
b4249,yjgI,0
b4250,,0
b4251,yjgJ,1
b4252,yjgK,0
b4253,yjgL,0
b4257,yjgN,0
b4258,valS,1
b4259,holC,1
b4260,pepA,0
b4261,yjgP,1
b4262,yjgQ,1
b4263,yjgR,0
b4264,idnR,0
b4265,idnT,0
b4266,idnO,0
b4268,idnK,0
b4269,yjgB,0
b4271,intB,0
b4272,,0
b4273,,0
b4274,yjgW,0
b4277,yjgZ,0
b4278,insG,0
b4279,yjhB,0
b4280,yjhC,0
b4281,yjhD,0
b4283,insN2,0
b4284,insI3,0
b4285,insM,0
b4286,,1
b4287,fecE,0
b4288,fecD,0
b4289,fecC,0
b4291,fecA,0
b4292,fecR,0
b4296,yjhF,0
b4297,yjhG,0
b4298,yjhH,0
b4299,yjhI,0
b4302,sgcA,1
b4303,sgcQ,0
b4304,sgcC,0
b4305,sgcX,0
b4306,yjhP,0
b4307,yjhQ,0
b4308,yjhR,0
b4309,yjhS,0
b4310,yjhT,0
b4311,yjhA,0
b4317,fimD,0
b4320,fimH,0
b4321,gntP,0
b4322,uxuA,0
b4323,uxuB,0
b4328,iadA,0
b4329,yjiG,0
b4330,yjiH,0
b4332,yjiJ,0
b4333,yjiK,0
b4335,yjiM,0
b4336,yjiN,0
b4337,yjiO,0
b4338,yjiP,0
b4339,yjiP,0
b4340,yjiR,0
b4342,yjiT,0
b4344,mcrD,0
b4345,mcrC,0
b4346,mcrB,0
b4347,yjiW,0
b4348,hsdS,0
b4349,hsdM,0
b4350,hsdR,0
b4351,mrr,0
b4352,yjiA,0
b4354,yjiY,0
b4356,yjjL,0
b4357,yjjM,0
b4358,yjjN,0
b4360,yjjA,0
b4361,dnaC,1
b4362,dnaT,1
b4364,yjjP,0
b4365,yjjQ,0
b4366,bglJ,0
b4371,rsmC,0
b4373,rimI,1
b4374,yjjG,0
b4375,prfC,0
b4377,yjjU,0
b4378,yjjV,1
b4379,yjjW,0
b4380,yjjI,0
b4381,deoC,0
b4382,deoA,0
b4383,deoB,0
b4384,deoD,0
b4385,yjjJ,0
b4386,lplA,1
b4387,smp,0
b4388,serB,0
b4389,radA,0
b4390,nadR,0
b4391,yjjK,0
b4392,slt,0
b4393,trpR,0
b4394,yjjX,0
b4395,gpmB,0
b4396,rob,0
b4397,creA,0
b4398,creB,0
b4399,creC,0
b4400,creD,0
b4403,lasT,0
