bnumber	uniprot	n_orth_1to1	n_species_codes	status
b0002	P00561	438	438	ok:ECOLI00002
b0004	P00934	1358	1358	ok:ECOLI00004
b0007	P30143	712	712	ok:ECOLI00007
b0008	P0A870	333	333	ok:ECOLI00008
b0009	P0AF03	683	683	ok:ECOLI00009
b0019	P13738	579	579	ok:ECOLI00018
b0025	P0AG40	1811	1811	ok:ECOLI00024
b0026	P00956	2630	2630	ok:ECOLI00025
b0029	P62623	1314	1314	ok:ECOLI00028
b0030	P22564	237	237	ok:ECOLI00029
b0031	P04036	1592	1592	ok:ECOLI00030
b0032	P0A6F1	2096	2096	ok:ECOLI00031
b0033	P00968	2203	2203	ok:ECOLI00032
b0036	P31551	292	292	ok:ECOLI00035
b0037	P31552	272	272	ok:ECOLI00036
b0038	P31572	301	301	ok:ECOLI00037
b0040	P31553	92	92	ok:ECOLI00039
b0047	P03819	280	280	ok:ECOLI00046
b0048	P0ABQ4	1393	1393	ok:ECOLI00047
