accession,organism,source_url,list_url,path,sha256,bytes,status,error,genes,reactions,metabolites,biomass_reactions,moco_biomass,moco_metabolites,growth_on_stored_medium
e_coli_core,Escherichia coli str. K-12 substr. MG1655,https://bigg.ucsd.edu/static/models/e_coli_core.json,https://bigg.ucsd.edu/api/v2/models,data/bigg_survey/e_coli_core.json,7bedec10576cfe935b19218dc881f3fb14f890a1871448fc19a9b4ee15b448d8,173441,analysed,,137,95,72,BIOMASS_Ecoli_core_w_GAM,False,,not_scored
iAB_RBC_283,Homo sapiens,https://bigg.ucsd.edu/static/models/iAB_RBC_283.json,https://bigg.ucsd.edu/api/v2/models,data/bigg_survey/iAB_RBC_283.json,83a69bb88844c5490ee690c77394646372cc8f74b3c4abb9315fe6f81e22cca0,607985,analysed,,346,469,342,NaKt,False,,not_scored
iAF1260,Escherichia coli str. K-12 substr. MG1655,https://bigg.ucsd.edu/static/models/iAF1260.json,https://bigg.ucsd.edu/api/v2/models,data/bigg_survey/iAF1260.json,f3e5e4b9fe599663b88f86aa2c50dfb0c866f87548645e814726434831ede456,2749796,analysed,,1261,2382,1668,BIOMASS_Ec_iAF1260_core_59p81M,True,mobd_c,not_scored
iAF1260b,Escherichia coli str. K-12 substr. MG1655,https://bigg.ucsd.edu/static/models/iAF1260b.json,https://bigg.ucsd.edu/api/v2/models,data/bigg_survey/iAF1260b.json,737bcd84ca9e721af27a80a970a22994a91007a4ad08c8f37b0d83700bf78fb1,2659104,analysed,,1261,2388,1668,BIOMASS_Ec_iAF1260_core_59p81M,True,mobd_c,not_scored
iAF692,Methanosarcina barkeri str. Fusaro,https://bigg.ucsd.edu/static/models/iAF692.json,https://bigg.ucsd.edu/api/v2/models,data/bigg_survey/iAF692.json,f05d9e93767e8c9c9cb4a6fb8d00bf52f9a3bee7edb83ea90b7e21eee8970367,925765,analysed,,692,690,628,BIOMASS_Mb_30,False,,not_scored
iAF987,Geobacter metallireducens GS-15,https://bigg.ucsd.edu/static/models/iAF987.json,https://bigg.ucsd.edu/api/v2/models,data/bigg_survey/iAF987.json,2b7cfac15c2d481f231b01efc367fa51bd3387a7fe65bf1fdd1fda1597c794fe,1588740,analysed,,987,1285,1109,ACLS;GLCP;FRNDPR2r;HDR3;HYD4pp;PPCOAC;PPC;PTA2;SULR3,False,,not_scored
iAM_Pb448,Plasmodium berghei,https://bigg.ucsd.edu/static/models/iAM_Pb448.json,https://bigg.ucsd.edu/api/v2/models,data/bigg_survey/iAM_Pb448.json,32cf129c5ae126a24344d37ec7ee88584e4a8a372558fdf9c03d02d4f0c62235,1227870,analysed,,448,1067,903,BIOMASS__4,False,,not_scored
iAM_Pc455,Plasmodium cynomolgi strain B,https://bigg.ucsd.edu/static/models/iAM_Pc455.json,https://bigg.ucsd.edu/api/v2/models,data/bigg_survey/iAM_Pc455.json,ff62929902fd3253be66572615259c3ba1ed3e40f8bb0bbd9dc5b09ad4260108,1166480,analysed,,455,1074,907,BIOMASS__4,False,,not_scored
iAM_Pf480,Plasmodium falciparum 3D7,https://bigg.ucsd.edu/static/models/iAM_Pf480.json,https://bigg.ucsd.edu/api/v2/models,data/bigg_survey/iAM_Pf480.json,c09a246a8ea89a8335ef268332a383b885333ef6fd0efb972e7778112c1a10c9,1270970,analysed,,480,1083,909,BIOMASS__4,False,,not_scored
iAM_Pk459,Plasmodium knowlesi strain H,https://bigg.ucsd.edu/static/models/iAM_Pk459.json,https://bigg.ucsd.edu/api/v2/models,data/bigg_survey/iAM_Pk459.json,eefcc396a5866bb2d413ae2494726a87a7a7562f1139ed40fcbea25b1e93ae6a,1147626,analysed,,459,1079,909,BIOMASS__4,False,,not_scored
iAM_Pv461,Plasmodium vivax Sal-1,https://bigg.ucsd.edu/static/models/iAM_Pv461.json,https://bigg.ucsd.edu/api/v2/models,data/bigg_survey/iAM_Pv461.json,e49ef0d9bc056bd35bd767ac1b91e4117476fb769051589e05ab01165c22f0ca,1165917,analysed,,461,1078,909,BIOMASS__4,False,,not_scored
iAPECO1_1312,Escherichia coli APEC O1,https://bigg.ucsd.edu/static/models/iAPECO1_1312.json,https://bigg.ucsd.edu/api/v2/models,data/bigg_survey/iAPECO1_1312.json,69913316e12d77983d892d9dc3e48cd5950a6aacd5d4ca51a4228393689cdc71,2944700,analysed,,1313,2735,1942,BIOMASS_Ec_iJO1366_core_53p95M,True,bmocogdp_c;mobd_c,not_scored
iAT_PLT_636,Homo sapiens,https://bigg.ucsd.edu/static/models/iAT_PLT_636.json,https://bigg.ucsd.edu/api/v2/models,data/bigg_survey/iAT_PLT_636.json,5359d9f91bc1c85d6371c450aa5b37cd4ac1d4ce05e29c3f8b67b2a8271b9521,1192657,analysed,,636,1008,738,,False,,not_scored
iB21_1397,Escherichia coli BL21(DE3),https://bigg.ucsd.edu/static/models/iB21_1397.json,https://bigg.ucsd.edu/api/v2/models,data/bigg_survey/iB21_1397.json,28afcaaddf6eeab43cf69f100a8eaf26ee1986212d0385a55d61485abc8fa025,3147123,analysed,,1337,2741,1943,BIOMASS_Ec_iJO1366_core_53p95M,True,bmocogdp_c;mobd_c,not_scored
iBWG_1329,Escherichia coli BW2952,https://bigg.ucsd.edu/static/models/iBWG_1329.json,https://bigg.ucsd.edu/api/v2/models,data/bigg_survey/iBWG_1329.json,e9e9442055154edbd104e40ef92b0c08c46dea778b9e2a5a3c10a8d80f5a5d36,2939306,analysed,,1329,2741,1949,BIOMASS_Ec_iJO1366_core_53p95M,True,bmocogdp_c;mobd_c,not_scored
ic_1306,Escherichia coli CFT073,https://bigg.ucsd.edu/static/models/ic_1306.json,https://bigg.ucsd.edu/api/v2/models,data/bigg_survey/ic_1306.json,2acb1272cb202e76087b9482d774a8b794430d98c730a5916bcad16cf2da033e,2889316,analysed,,1307,2726,1936,BIOMASS_Ec_iJO1366_core_53p95M,True,bmocogdp_c;mobd_c,not_scored
iCHOv1,Cricetulus griseus,https://bigg.ucsd.edu/static/models/iCHOv1.json,https://bigg.ucsd.edu/api/v2/models,data/bigg_survey/iCHOv1.json,0b786b81c08142be3a88f33b366d4e0f05d8689baad877e5375a9fa843a5f87c,5782010,analysed,,1766,6663,4456,BIOMASS_cho,False,,not_scored
iCHOv1_DG44,Cricetulus griseus,https://bigg.ucsd.edu/static/models/iCHOv1_DG44.json,https://bigg.ucsd.edu/api/v2/models,data/bigg_survey/iCHOv1_DG44.json,9fc09e182c1795dd77378c6c53d97aaf215d1d1212b7f79bdf8d9731c87cd43a,3465632,analysed,,1184,3942,2751,BIOMASS_cho_producing_1,False,,not_scored
iCN718,Acinetobacter baumannii AYE,https://bigg.ucsd.edu/static/models/iCN718.json,https://bigg.ucsd.edu/api/v2/models,data/bigg_survey/iCN718.json,f6c683076d596b2611171cb616eed42bbf87fe533ca1c9b07399be310ac837e2,1236831,analysed,,709,1015,888,BIOMASS__3,False,,not_scored
iCN900,Clostridioides difficile 630,https://bigg.ucsd.edu/static/models/iCN900.json,https://bigg.ucsd.edu/api/v2/models,data/bigg_survey/iCN900.json,d791e34d4da93dc1cea5edfa67c9c01b1c7b774913ecb6552071667d92809a8e,1496832,analysed,,900,1229,885,BIOMASS__5,False,,not_scored
iE2348C_1286,Escherichia coli O127:H6 str. E2348/69,https://bigg.ucsd.edu/static/models/iE2348C_1286.json,https://bigg.ucsd.edu/api/v2/models,data/bigg_survey/iE2348C_1286.json,0f4cc786f60e995e11133d0183f528bc385e4d3dac9bd208e98f51234e492185,2906339,analysed,,1287,2703,1919,BIOMASS_Ec_iJO1366_core_53p95M,True,bmocogdp_c;mobd_c,not_scored
iEC042_1314,Escherichia coli 042,https://bigg.ucsd.edu/static/models/iEC042_1314.json,https://bigg.ucsd.edu/api/v2/models,data/bigg_survey/iEC042_1314.json,ddba74177e6538b72fa1b2a6debd2e701a99ebca3420588bd4e0af5ad0efeccf,3028065,analysed,,1314,2714,1926,BIOMASS_Ec_iJO1366_core_53p95M,True,bmocogdp_c;mobd_c,not_scored
iEC1344_C,Escherichia coli C,https://bigg.ucsd.edu/static/models/iEC1344_C.json,https://bigg.ucsd.edu/api/v2/models,data/bigg_survey/iEC1344_C.json,4caae1ff873e75714caadfbb7a6332ccd43d1730a158530090498801dd7efa2d,2654143,analysed,,1344,2726,1934,BIOMASS_Ec_iJO1366_core_53p95M,True,bmocogdp_c;mobd_c,not_scored
iEC1349_Crooks,Escherichia coli ATCC 8739,https://bigg.ucsd.edu/static/models/iEC1349_Crooks.json,https://bigg.ucsd.edu/api/v2/models,data/bigg_survey/iEC1349_Crooks.json,0f08c1c9220374246f78639fdae081d74569afb4fb737948ebf26e41a200acd4,2797939,analysed,,1349,2756,1946,BIOMASS_Ec_iJO1366_core_53p95M,True,bmocogdp_c;mobd_c,not_scored
iEC1356_Bl21DE3,Escherichia coli BL21(DE3),https://bigg.ucsd.edu/static/models/iEC1356_Bl21DE3.json,https://bigg.ucsd.edu/api/v2/models,data/bigg_survey/iEC1356_Bl21DE3.json,082c876617b35a38ac1a00976dded6168d068cb1127df56bcb6dc2de3b4a3936,2757472,analysed,,1356,2740,1918,BIOMASS_Ec_iJO1366_core_53p95M,True,bmocogdp_c;mobd_c,not_scored
iEC1364_W,Escherichia coli W,https://bigg.ucsd.edu/static/models/iEC1364_W.json,https://bigg.ucsd.edu/api/v2/models,data/bigg_survey/iEC1364_W.json,c9af6bd64c086a471512ece7417abec5f67f447b6539c81d603a51fdb1983a44,2780024,analysed,,1364,2764,1927,BIOMASS_Ec_iJO1366_core_53p95M,True,bmocogdp_c;mobd_c,not_scored
iEC1368_DH5a,Escherichia coli DH5[alpha],https://bigg.ucsd.edu/static/models/iEC1368_DH5a.json,https://bigg.ucsd.edu/api/v2/models,data/bigg_survey/iEC1368_DH5a.json,dcafecaa592db34e198610a68bac754e6f894a1d88d4754261dddfc4ffdee87f,2686898,analysed,,1368,2779,1951,BIOMASS_Ec_iJO1366_core_53p95M,True,bmocogdp_c;mobd_c,not_scored
iEC1372_W3110,Escherichia coli str. K-12 substr. W3110,https://bigg.ucsd.edu/static/models/iEC1372_W3110.json,https://bigg.ucsd.edu/api/v2/models,data/bigg_survey/iEC1372_W3110.json,9ac109dcf7bbc24266793fab4f838bc92f05be12f21b5fa4a9d446ec668083d7,2838878,analysed,,1372,2758,1918,BIOMASS_Ec_iJO1366_core_53p95M,True,bmocogdp_c;mobd_c,not_scored
iEC55989_1330,Escherichia coli 55989,https://bigg.ucsd.edu/static/models/iEC55989_1330.json,https://bigg.ucsd.edu/api/v2/models,data/bigg_survey/iEC55989_1330.json,0f2eee2778827f084c453b9041552676b930e4bdf4776ca3c7925265573a8ac4,3183213,analysed,,1330,2756,1953,BIOMASS_Ec_iJO1366_core_53p95M,True,bmocogdp_c;mobd_c,not_scored
iECABU_c1320,Escherichia coli ABU 83972,https://bigg.ucsd.edu/static/models/iECABU_c1320.json,https://bigg.ucsd.edu/api/v2/models,data/bigg_survey/iECABU_c1320.json,9bad6d5a05c0a47d13e349a6309bfbd6a21e3e6e4868bbb6cc3ba2302229cd19,2916894,analysed,,1320,2731,1942,BIOMASS_Ec_iJO1366_core_53p95M,True,bmocogdp_c;mobd_c,not_scored
iECB_1328,Escherichia coli B str. REL606,https://bigg.ucsd.edu/static/models/iECB_1328.json,https://bigg.ucsd.edu/api/v2/models,data/bigg_survey/iECB_1328.json,875d00ead99c482c1d86abab85699ccb6c7c373a63df0e4320f2b8bf023033df,2916523,analysed,,1329,2748,1951,BIOMASS_Ec_iJO1366_core_53p95M,True,bmocogdp_c;mobd_c,not_scored
iECBD_1354,Escherichia coli 'BL21-Gold(DE3)pLysS AG',https://bigg.ucsd.edu/static/models/iECBD_1354.json,https://bigg.ucsd.edu/api/v2/models,data/bigg_survey/iECBD_1354.json,8c81a19ed6542556d120b3afead90277d866025b105467456a7df7c67bc40780,2940217,analysed,,1354,2748,1952,BIOMASS_Ec_iJO1366_core_53p95M,True,bmocogdp_c;mobd_c,not_scored
iECD_1391,Escherichia coli BL21(DE3),https://bigg.ucsd.edu/static/models/iECD_1391.json,https://bigg.ucsd.edu/api/v2/models,data/bigg_survey/iECD_1391.json,f675dfa878d4fdc8373cb41c79c9a7b2d1552db36be500023a5e2c7bf53826e0,2908815,analysed,,1333,2741,1943,BIOMASS_Ec_iJO1366_core_53p95M,True,bmocogdp_c;mobd_c,not_scored
iECDH10B_1368,Escherichia coli str. K-12 substr. DH10B,https://bigg.ucsd.edu/static/models/iECDH10B_1368.json,https://bigg.ucsd.edu/api/v2/models,data/bigg_survey/iECDH10B_1368.json,33b3d3915f9810e5f320ce5674093d407dc21f300ec54f03b51aca4fa00dcd07,2967879,analysed,,1327,2742,1947,BIOMASS_Ec_iJO1366_core_53p95M,True,bmocogdp_c;mobd_c,not_scored
iEcDH1_1363,Escherichia coli DH1,https://bigg.ucsd.edu/static/models/iEcDH1_1363.json,https://bigg.ucsd.edu/api/v2/models,data/bigg_survey/iEcDH1_1363.json,29a24af4608a9ca8b076d62f87c4b3af7109077b35af305d4405a1e1efed4ba9,2956650,analysed,,1363,2750,1949,BIOMASS_Ec_iJO1366_core_53p95M,True,bmocogdp_c;mobd_c,not_scored
iECDH1ME8569_1439,Escherichia coli DH1,https://bigg.ucsd.edu/static/models/iECDH1ME8569_1439.json,https://bigg.ucsd.edu/api/v2/models,data/bigg_survey/iECDH1ME8569_1439.json,43f9090ddd4a999e6b666a526381d67793821616b0832b1d5b163c37451a1735,3072130,analysed,,1439,2755,1950,BIOMASS_Ec_iJO1366_core_53p95M,True,bmocogdp_c;mobd_c,not_scored
iEcE24377_1341,Escherichia coli O139:H28 str. E24377A,https://bigg.ucsd.edu/static/models/iEcE24377_1341.json,https://bigg.ucsd.edu/api/v2/models,data/bigg_survey/iEcE24377_1341.json,41c8e50d61fa2836bdba52cc1629837062c20d6030ba9472c11c5ab64c819597,2972850,analysed,,1341,2763,1972,BIOMASS_Ec_iJO1366_core_53p95M,True,bmocogdp_c;mobd_c,not_scored
iECED1_1282,Escherichia coli ED1a,https://bigg.ucsd.edu/static/models/iECED1_1282.json,https://bigg.ucsd.edu/api/v2/models,data/bigg_survey/iECED1_1282.json,3709938d044d7efa0eaf2f0c603523ce809506e3aaba20257318e3c727b4ffed,3094187,analysed,,1279,2706,1929,BIOMASS_Ec_iJO1366_core_53p95M,True,bmocogdp_c;mobd_c,not_scored
iECH74115_1262,Escherichia coli O157:H7 str. EC4115,https://bigg.ucsd.edu/static/models/iECH74115_1262.json,https://bigg.ucsd.edu/api/v2/models,data/bigg_survey/iECH74115_1262.json,c87900be150c773797a19439cb437d454e65ef7c5191ea4557b2b7293f177291,2876713,analysed,,1262,2694,1918,BIOMASS_Ec_iJO1366_core_53p95M,True,bmocogdp_c;mobd_c,not_scored
iEcHS_1320,Escherichia coli HS,https://bigg.ucsd.edu/static/models/iEcHS_1320.json,https://bigg.ucsd.edu/api/v2/models,data/bigg_survey/iEcHS_1320.json,a2351ca750ecc85559c67607eda89a699f98d521f612c665fc25cbebc6554e9c,2925914,analysed,,1321,2753,1963,BIOMASS_Ec_iJO1366_core_53p95M,True,bmocogdp_c;mobd_c,not_scored
iECIAI1_1343,Escherichia coli IAI1,https://bigg.ucsd.edu/static/models/iECIAI1_1343.json,https://bigg.ucsd.edu/api/v2/models,data/bigg_survey/iECIAI1_1343.json,1fc547329612d4a684533718baeabc23b184d7d3edab32bb17031501c68a0f47,3001997,analysed,,1343,2765,1968,BIOMASS_Ec_iJO1366_core_53p95M,True,bmocogdp_c;mobd_c,not_scored
iECIAI39_1322,Escherichia coli IAI39,https://bigg.ucsd.edu/static/models/iECIAI39_1322.json,https://bigg.ucsd.edu/api/v2/models,data/bigg_survey/iECIAI39_1322.json,6d5f2d61cc90808eca6e70a518f076c21681e20a6157c119f0f34ac7f0e19885,3156117,analysed,,1321,2721,1953,BIOMASS_Ec_iJO1366_core_53p95M,True,bmocogdp_c;mobd_c,not_scored
iECNA114_1301,Escherichia coli NA114,https://bigg.ucsd.edu/static/models/iECNA114_1301.json,https://bigg.ucsd.edu/api/v2/models,data/bigg_survey/iECNA114_1301.json,27331fba56df49164f3284f7b06fbf71ddc6df2270686715148dfd186e25694d,2903431,analysed,,1301,2718,1927,BIOMASS_Ec_iJO1366_core_53p95M,True,bmocogdp_c;mobd_c,not_scored
iECO103_1326,Escherichia coli O103:H2 str. 12009,https://bigg.ucsd.edu/static/models/iECO103_1326.json,https://bigg.ucsd.edu/api/v2/models,data/bigg_survey/iECO103_1326.json,3d91983f642aceee3730dc7a64660f2919c2310245ff06b36e7a20870fdf6871,2939668,analysed,,1327,2758,1958,BIOMASS_Ec_iJO1366_core_53p95M,True,bmocogdp_c;mobd_c,not_scored
iECO111_1330,Escherichia coli O111:H- str. 11128,https://bigg.ucsd.edu/static/models/iECO111_1330.json,https://bigg.ucsd.edu/api/v2/models,data/bigg_survey/iECO111_1330.json,c253e5601fd22a9e0922cbce1fda1c0ba4ef5a19b018a8c893607dea9ba67084,2939136,analysed,,1328,2760,1959,BIOMASS_Ec_iJO1366_core_53p95M,True,bmocogdp_c;mobd_c,not_scored
iECO26_1355,Escherichia coli O26:H11 str. 11368,https://bigg.ucsd.edu/static/models/iECO26_1355.json,https://bigg.ucsd.edu/api/v2/models,data/bigg_survey/iECO26_1355.json,fc8dae7d852af368fcb5ef7f374d5d32094ace6c608ba0c6fe3ecc8ce3f9c04e,2950625,analysed,,1355,2780,1965,BIOMASS_Ec_iJO1366_core_53p95M,True,bmocogdp_c;mobd_c,not_scored
iECOK1_1307,Escherichia coli IHE3034,https://bigg.ucsd.edu/static/models/iECOK1_1307.json,https://bigg.ucsd.edu/api/v2/models,data/bigg_survey/iECOK1_1307.json,0b93dc099645b8ad69ef00b1cf703969f2da5054da99856a6add641244df0886,2891093,analysed,,1304,2729,1941,BIOMASS_Ec_iJO1366_core_53p95M,True,bmocogdp_c;mobd_c,not_scored
iEcolC_1368,Escherichia coli ATCC 8739,https://bigg.ucsd.edu/static/models/iEcolC_1368.json,https://bigg.ucsd.edu/api/v2/models,data/bigg_survey/iEcolC_1368.json,eb2b3bab9cce73a6b9ecb8499c4ea1a281624ee9764b6f72dcc6f7d00551b134,2972298,analysed,,1368,2768,1969,BIOMASS_Ec_iJO1366_core_53p95M,True,bmocogdp_c;mobd_c,not_scored
iECP_1309,Escherichia coli 536,https://bigg.ucsd.edu/static/models/iECP_1309.json,https://bigg.ucsd.edu/api/v2/models,data/bigg_survey/iECP_1309.json,715af4b99136494822b505ccfc59cd66dc7a8fd3f3154cbf41b9142d5c956a77,2847842,analysed,,1309,2739,1941,BIOMASS_Ec_iJO1366_core_53p95M,True,bmocogdp_c;mobd_c,not_scored
iECs_1301,Escherichia coli O157:H7 str. Sakai,https://bigg.ucsd.edu/static/models/iECs_1301.json,https://bigg.ucsd.edu/api/v2/models,data/bigg_survey/iECs_1301.json,cee42510b8c4db33cf8b272243af8828875c7614619134f8f87cf317fe4a732a,2823359,analysed,,1301,2720,1923,BIOMASS_Ec_iJO1366_core_53p95M,True,bmocogdp_c;mobd_c,not_scored
iECS88_1305,Escherichia coli S88,https://bigg.ucsd.edu/static/models/iECS88_1305.json,https://bigg.ucsd.edu/api/v2/models,data/bigg_survey/iECS88_1305.json,81248321e10f373fcf97f60b8e7406056a57c2dea5e5b18484945c78711be314,3122390,analysed,,1305,2729,1942,BIOMASS_Ec_iJO1366_core_53p95M,True,bmocogdp_c;mobd_c,not_scored
iECSE_1348,Escherichia coli SE11,https://bigg.ucsd.edu/static/models/iECSE_1348.json,https://bigg.ucsd.edu/api/v2/models,data/bigg_survey/iECSE_1348.json,f0b722a0daeb91e6c3d5c5a49d69767492cb3cee0291b9ac9084240a7209da66,2895346,analysed,,1348,2768,1957,BIOMASS_Ec_iJO1366_core_53p95M,True,bmocogdp_c;mobd_c,not_scored
iECSF_1327,Escherichia coli SE15,https://bigg.ucsd.edu/static/models/iECSF_1327.json,https://bigg.ucsd.edu/api/v2/models,data/bigg_survey/iECSF_1327.json,f3a0b3479091efdf6fbf617d96ba45bed079ba4ff4fd3c50cf216ee1b10f48df,2867334,analysed,,1327,2742,1951,BIOMASS_Ec_iJO1366_core_53p95M,True,bmocogdp_c;mobd_c,not_scored
iEcSMS35_1347,Escherichia coli SMS-3-5,https://bigg.ucsd.edu/static/models/iEcSMS35_1347.json,https://bigg.ucsd.edu/api/v2/models,data/bigg_survey/iEcSMS35_1347.json,d4b39ae5b23e18bfedce94dceeb92aeba802dba919642fe516188b9f2feb9df3,2935978,analysed,,1347,2746,1947,BIOMASS_Ec_iJO1366_core_53p95M,True,bmocogdp_c;mobd_c,not_scored
iECSP_1301,Escherichia coli O157:H7 str. TW14359,https://bigg.ucsd.edu/static/models/iECSP_1301.json,https://bigg.ucsd.edu/api/v2/models,data/bigg_survey/iECSP_1301.json,29ee380f1668886584fbc22e313badfb4fe86f272725f2367bfb45f9afbbad49,2870068,analysed,,1299,2712,1920,BIOMASS_Ec_iJO1366_core_53p95M,True,bmocogdp_c;mobd_c,not_scored
iECUMN_1333,Escherichia coli UMN026,https://bigg.ucsd.edu/static/models/iECUMN_1333.json,https://bigg.ucsd.edu/api/v2/models,data/bigg_survey/iECUMN_1333.json,8232a219275e6f983444bfc1c1a0871da3feb7a6f4cee21ed7d0628325312420,3145027,analysed,,1332,2740,1935,BIOMASS_Ec_iJO1366_core_53p95M,True,bmocogdp_c;mobd_c,not_scored
iECW_1372,Escherichia coli W,https://bigg.ucsd.edu/static/models/iECW_1372.json,https://bigg.ucsd.edu/api/v2/models,data/bigg_survey/iECW_1372.json,7977be26d2e4d665bd30e33dce3ba5a89caa24117c4ef0c8673b62767ef866e8,2953472,analysed,,1372,2782,1973,BIOMASS_Ec_iJO1366_core_53p95M,True,bmocogdp_c;mobd_c,not_scored
iEK1008,Mycobacterium tuberculosis H37Rv,https://bigg.ucsd.edu/static/models/iEK1008.json,https://bigg.ucsd.edu/api/v2/models,data/bigg_survey/iEK1008.json,138e42e34640d6dbfdb2e802e5ba66aa7cec69293be3aef10ac383168c1d966c,1478124,analysed,,1008,1226,998,BIOMASS__2,False,,not_scored
iEKO11_1354,Escherichia coli KO11FL,https://bigg.ucsd.edu/static/models/iEKO11_1354.json,https://bigg.ucsd.edu/api/v2/models,data/bigg_survey/iEKO11_1354.json,2df8b47bf55fad55cf3cb13208ea6d7fc139db41e8bf55862ac5f5fe054e3fdd,3005002,analysed,,1354,2778,1972,BIOMASS_Ec_iJO1366_core_53p95M,True,bmocogdp_c;mobd_c,not_scored
iETEC_1333,Escherichia coli ETEC H10407,https://bigg.ucsd.edu/static/models/iETEC_1333.json,https://bigg.ucsd.edu/api/v2/models,data/bigg_survey/iETEC_1333.json,14232dc90240917637ed357d389b14df0da4cf78ae259bb29cfedd13f325564d,3125777,analysed,,1333,2756,1962,BIOMASS_Ec_iJO1366_core_53p95M,True,bmocogdp_c;mobd_c,not_scored
iG2583_1286,Escherichia coli O55:H7 str. CB9615,https://bigg.ucsd.edu/static/models/iG2583_1286.json,https://bigg.ucsd.edu/api/v2/models,data/bigg_survey/iG2583_1286.json,30d4f0a2968496399b10bc3fbdedb2a1587296d6127d598809b5f2f1d3baeb1d,2874576,analysed,,1283,2704,1919,BIOMASS_Ec_iJO1366_core_53p95M,True,bmocogdp_c;mobd_c,not_scored
iHN637,Clostridium ljungdahlii DSM 13528,https://bigg.ucsd.edu/static/models/iHN637.json,https://bigg.ucsd.edu/api/v2/models,data/bigg_survey/iHN637.json,8d0060907d7496ea0072518fc02d9534ee0a1c3f517c16c876455bd85ccff2b9,1036852,analysed,,637,785,698,BIOMASS_Cl_DSM_WT_46p666M1,True,mobd_c,not_scored
iIS312,Trypanosoma cruzi Dm28c,https://bigg.ucsd.edu/static/models/iIS312.json,https://bigg.ucsd.edu/api/v2/models,data/bigg_survey/iIS312.json,b2e392f9820b021f70471b08d8b51018eec6ed3322bd184e7773938c739147bd,721284,analysed,,312,519,606,BIOMASS_t_cruzi,False,,not_scored
iIS312_Amastigote,Trypanosoma cruzi Dm28c,https://bigg.ucsd.edu/static/models/iIS312_Amastigote.json,https://bigg.ucsd.edu/api/v2/models,data/bigg_survey/iIS312_Amastigote.json,881ba02c5f3f2cf920f597df26518ee21b1611da76db81be38b775c1a7632b19,721080,analysed,,312,519,606,BIOMASS_t_cruzi,False,,not_scored
iIS312_Epimastigote,Trypanosoma cruzi Dm28c,https://bigg.ucsd.edu/static/models/iIS312_Epimastigote.json,https://bigg.ucsd.edu/api/v2/models,data/bigg_survey/iIS312_Epimastigote.json,f02e83ca47660e1df4d2efeb281d52580da955b300f1e67ba7621060a51ade9a,721268,analysed,,312,519,606,BIOMASS_t_cruzi,False,,not_scored
iIS312_Trypomastigote,Trypanosoma cruzi Dm28c,https://bigg.ucsd.edu/static/models/iIS312_Trypomastigote.json,https://bigg.ucsd.edu/api/v2/models,data/bigg_survey/iIS312_Trypomastigote.json,612bf0d598ba21fda9279e1fba68393f63a928830f44a48ead27ef872a04cff4,722004,analysed,,312,520,606,BIOMASS_trypo,False,,not_scored
iIT341,Helicobacter pylori 26695,https://bigg.ucsd.edu/static/models/iIT341.json,https://bigg.ucsd.edu/api/v2/models,data/bigg_survey/iIT341.json,73aa8ee95b047cd8b7fd3b5370894166e83f34db4f13113ad3dbb1b0eb800701,712632,analysed,,339,554,485,BIOMASS_HP_published,False,,not_scored
iJB785,Synechococcus elongatus PCC 7942,https://bigg.ucsd.edu/static/models/iJB785.json,https://bigg.ucsd.edu/api/v2/models,data/bigg_survey/iJB785.json,80dbddcbaf0bf6e692fe2067fab3e7550d75dc0679f70a7ef918794ded08ad0d,1153030,analysed,,785,849,768,BIOMASS__1,False,,not_scored
iJN1463,Pseudomonas putida KT2440,https://bigg.ucsd.edu/static/models/iJN1463.json,https://bigg.ucsd.edu/api/v2/models,data/bigg_survey/iJN1463.json,8232a1ea39af9b9b0313601a3cefca1028e50e53b2ca2c06002c1a9adf7568bf,2926878,analysed,,1462,2927,2153,BIOMASS_KT2440_WT3,True,bmocogdp_c;mobd_c;mocogdp_c,not_scored
iJN678,Synechocystis sp. PCC 6803,https://bigg.ucsd.edu/static/models/iJN678.json,https://bigg.ucsd.edu/api/v2/models,data/bigg_survey/iJN678.json,2e9f99e6004d060e77e650b1591100898350c49d15f6de5d61d50b41ba6b12b2,1142566,analysed,,622,863,795,BIOMASS_Ec_SynHetero,True,mobd_c,not_scored
iJN746,Pseudomonas putida KT2440,https://bigg.ucsd.edu/static/models/iJN746.json,https://bigg.ucsd.edu/api/v2/models,data/bigg_survey/iJN746.json,3da875419f4edff3e3e27424742b8b410b6b778eb0955b8939ae933fad5f1219,1352568,analysed,,746,1054,907,BIOMASS_KT_TEMP,False,,not_scored
iJO1366,Escherichia coli str. K-12 substr. MG1655,https://bigg.ucsd.edu/static/models/iJO1366.json,https://bigg.ucsd.edu/api/v2/models,data/bigg_survey/iJO1366.json,9376a93f62ad430719f23e612154dd94c67e0d7c9545ed9d17a4d0c347672313,2948407,analysed,,1367,2583,1805,BIOMASS_Ec_iJO1366_core_53p95M,True,bmocogdp_c;mobd_c,not_scored
iJR904,Escherichia coli str. K-12 substr. MG1655,https://bigg.ucsd.edu/static/models/iJR904.json,https://bigg.ucsd.edu/api/v2/models,data/bigg_survey/iJR904.json,c8992eb536ab14b9cfb272e6775b6635ae17c80be47036c54a1f3edc554ee5a9,1442270,analysed,,904,1075,761,BIOMASS_Ecoli,False,,not_scored
iLB1027_lipid,Phaeodactylum tricornutum CCAP 1055/1,https://bigg.ucsd.edu/static/models/iLB1027_lipid.json,https://bigg.ucsd.edu/api/v2/models,data/bigg_survey/iLB1027_lipid.json,fd8aab437ce1500ef2e370a4c9a18a37e3e53ea376d371a2e828dc8ab814ce0d,3565020,analysed,,1027,4456,2172,DM_biomass_c,False,,not_scored
iLF82_1304,Escherichia coli LF82,https://bigg.ucsd.edu/static/models/iLF82_1304.json,https://bigg.ucsd.edu/api/v2/models,data/bigg_survey/iLF82_1304.json,da4685fe33310a4735469938f9250cb12d5fb8dc16ccfe9e38e8f5ba0f84d49e,3119228,analysed,,1302,2726,1938,BIOMASS_Ec_iJO1366_core_53p95M,True,bmocogdp_c;mobd_c,not_scored
iLJ478,Thermotoga maritima MSB8,https://bigg.ucsd.edu/static/models/iLJ478.json,https://bigg.ucsd.edu/api/v2/models,data/bigg_survey/iLJ478.json,d38f5246233faf741fd799712f0ee806c8d5b657d1591c6dfc2a272709c26ffe,822914,analysed,,482,652,570,BIOMASS_Ecoli_TM,False,,not_scored
iML1515,Escherichia coli str. K-12 substr. MG1655,https://bigg.ucsd.edu/static/models/iML1515.json,https://bigg.ucsd.edu/api/v2/models,data/bigg_survey/iML1515.json,b0f9199f048779bb08a14dfa6c09ec56d35b8750d2f99681980d0f098355fbf5,3062491,analysed,,1516,2712,1877,BIOMASS_Ec_iML1515_core_75p37M,True,mobd_c,not_scored
iMM1415,Mus musculus,https://bigg.ucsd.edu/static/models/iMM1415.json,https://bigg.ucsd.edu/api/v2/models,data/bigg_survey/iMM1415.json,5eec43b20f94d4343078e916bdbea5d59b9565f42e414719bf92745432602e3b,3683619,analysed,,1375,3726,2775,,False,,not_scored
iMM904,Saccharomyces cerevisiae S288C,https://bigg.ucsd.edu/static/models/iMM904.json,https://bigg.ucsd.edu/api/v2/models,data/bigg_survey/iMM904.json,1f7c573c2cf3da104fe48c49d6ae8e5a4a3472e7dc03c173c660e8bd9bb2557f,1919345,analysed,,905,1577,1226,BIOMASS_SC5_notrace,False,,not_scored
iND750,Saccharomyces cerevisiae S288C,https://bigg.ucsd.edu/static/models/iND750.json,https://bigg.ucsd.edu/api/v2/models,data/bigg_survey/iND750.json,878997a0a205e9a559642142c5085dcbd1d1e05b116c60032783e539b6ea39dd,1611043,analysed,,750,1266,1059,BIOMASS_SC4_bal,False,,not_scored
iNF517,Lactococcus lactis subsp. cremoris MG1363,https://bigg.ucsd.edu/static/models/iNF517.json,https://bigg.ucsd.edu/api/v2/models,data/bigg_survey/iNF517.json,b441089ef21a388ec605215a13824cd6b59e422a87a282f147f589cd94a0ef6d,914348,analysed,,516,754,650,BIOMASS_LLA,False,,not_scored
iNJ661,Mycobacterium tuberculosis H37Rv,https://bigg.ucsd.edu/static/models/iNJ661.json,https://bigg.ucsd.edu/api/v2/models,data/bigg_survey/iNJ661.json,51944c0787f4727fb98a2ef464cd2a55eb58b56ae4b18b8bf0558447a48d0a28,1224441,analysed,,661,1025,825,BIOMASS_Mtb_9_60atp,False,,not_scored
iNRG857_1313,Escherichia coli O83:H1 str. NRG 857C,https://bigg.ucsd.edu/static/models/iNRG857_1313.json,https://bigg.ucsd.edu/api/v2/models,data/bigg_survey/iNRG857_1313.json,f4a35448bb58e4ef2bda654efaca20887d43dc7cc62ee0ee85d6bb6fd7b34c46,2892789,analysed,,1311,2735,1943,BIOMASS_Ec_iJO1366_core_53p95M,True,bmocogdp_c;mobd_c,not_scored
iPC815,Yersinia pestis CO92,https://bigg.ucsd.edu/static/models/iPC815.json,https://bigg.ucsd.edu/api/v2/models,data/bigg_survey/iPC815.json,898cee67221f42eb9f9244e32d4e59e4fc459629e246862dce1d7101bb5887ea,2249887,analysed,,815,1961,1552,BIOMASS_37C,False,,not_scored
iRC1080,Chlamydomonas reinhardtii,https://bigg.ucsd.edu/static/models/iRC1080.json,https://bigg.ucsd.edu/api/v2/models,data/bigg_survey/iRC1080.json,f94a88b92febe3c26f140db6301c6373bee9b98129362ecb1406fd4120542802,2539776,analysed,,1086,2191,1706,,False,,not_scored
iS_1188,Shigella flexneri 2a str. 2457T,https://bigg.ucsd.edu/static/models/iS_1188.json,https://bigg.ucsd.edu/api/v2/models,data/bigg_survey/iS_1188.json,8224c8ccb1c5d2768a787358ffb56fb420833b5bfd848fe41130c62a15b2094f,2799898,analysed,,1188,2619,1914,BIOMASS_Ec_iJO1366_core_53p95M,True,bmocogdp_c;mobd_c,not_scored
iSB619,Staphylococcus aureus subsp. aureus N315,https://bigg.ucsd.edu/static/models/iSB619.json,https://bigg.ucsd.edu/api/v2/models,data/bigg_survey/iSB619.json,ea1cc6079e0f2cd2e4d8875a677b319232eefbbf3e1d8cbd24b31672c078689d,1015344,analysed,,619,743,655,BIOMASS_SA_8a,False,,not_scored
iSbBS512_1146,Shigella boydii CDC 3083-94,https://bigg.ucsd.edu/static/models/iSbBS512_1146.json,https://bigg.ucsd.edu/api/v2/models,data/bigg_survey/iSbBS512_1146.json,48ddece560788bc44facdb1ab62da71833a033acc37722714dfff67919999fb3,2788258,analysed,,1147,2591,1910,BIOMASS_Ec_iJO1366_core_53p95M,True,bmocogdp_c;mobd_c,not_scored
iSBO_1134,Shigella boydii Sb227,https://bigg.ucsd.edu/static/models/iSBO_1134.json,https://bigg.ucsd.edu/api/v2/models,data/bigg_survey/iSBO_1134.json,afeab0ca09da01f85b5e95f9c4ec093856a8229ffaf06c4d015daff23bbb1079,2748641,analysed,,1134,2591,1908,BIOMASS_Ec_iJO1366_core_53p95M,True,bmocogdp_c;mobd_c,not_scored
iSDY_1059,Shigella dysenteriae Sd197,https://bigg.ucsd.edu/static/models/iSDY_1059.json,https://bigg.ucsd.edu/api/v2/models,data/bigg_survey/iSDY_1059.json,fbf135146c4dc24f959b590fcf403a061fd23735661ea0559f2fdf272e42a4c1,2680447,analysed,,1059,2539,1888,BIOMASS_Ec_iJO1366_core_53p95M,True,bmocogdp_c;mobd_c,not_scored
iSF_1195,Shigella flexneri 2a str. 301,https://bigg.ucsd.edu/static/models/iSF_1195.json,https://bigg.ucsd.edu/api/v2/models,data/bigg_survey/iSF_1195.json,af9ff27d375a54afdd4ec7b2a2bf185e68ebcfc7ca6289d0e707869878b6188c,2772576,analysed,,1195,2630,1917,BIOMASS_Ec_iJO1366_core_53p95M,True,bmocogdp_c;mobd_c,not_scored
iSFV_1184,Shigella flexneri 5 str. 8401,https://bigg.ucsd.edu/static/models/iSFV_1184.json,https://bigg.ucsd.edu/api/v2/models,data/bigg_survey/iSFV_1184.json,baf9fd6bc56a9108065dfaf702fb922cb49d040674398fb0e9f1bfd596f0ed62,2782456,analysed,,1184,2621,1917,BIOMASS_Ec_iJO1366_core_53p95M,True,bmocogdp_c;mobd_c,not_scored
iSFxv_1172,Shigella flexneri 2002017,https://bigg.ucsd.edu/static/models/iSFxv_1172.json,https://bigg.ucsd.edu/api/v2/models,data/bigg_survey/iSFxv_1172.json,a57cc9495201a8ef1ecec99ddb146ce4f6d3a5663ce3f069c5e770e26d2ed59c,2798930,analysed,,1169,2638,1918,BIOMASS_Ec_iJO1366_core_53p95M,True,bmocogdp_c;mobd_c,not_scored
iSSON_1240,Shigella sonnei Ss046,https://bigg.ucsd.edu/static/models/iSSON_1240.json,https://bigg.ucsd.edu/api/v2/models,data/bigg_survey/iSSON_1240.json,b1e5052e5f10657268791f5c6c1a3462d136c54bdaaddd525ab422aa12f3d2f0,2897587,analysed,,1240,2693,1936,BIOMASS_Ec_iJO1366_core_53p95M,True,bmocogdp_c;mobd_c,not_scored
iSynCJ816,Synechocystis sp. PCC 6803,https://bigg.ucsd.edu/static/models/iSynCJ816.json,https://bigg.ucsd.edu/api/v2/models,data/bigg_survey/iSynCJ816.json,578deeb34109485ac6b549f62b2fff5f059a581e554a1eda31f1d9aeb485d020,1254130,analysed,,816,1044,928,,False,,not_scored
iUMN146_1321,Escherichia coli UM146,https://bigg.ucsd.edu/static/models/iUMN146_1321.json,https://bigg.ucsd.edu/api/v2/models,data/bigg_survey/iUMN146_1321.json,311cecaac3cf438c2850da854e9f85f12e2bded82832e44d0a71541513d87375,2883993,analysed,,1319,2735,1942,BIOMASS_Ec_iJO1366_core_53p95M,True,bmocogdp_c;mobd_c,not_scored
iUMNK88_1353,Escherichia coli UMNK88,https://bigg.ucsd.edu/static/models/iUMNK88_1353.json,https://bigg.ucsd.edu/api/v2/models,data/bigg_survey/iUMNK88_1353.json,8e68ccbc2ecd318a0e114d8aae2d882549b82b7bcf9bf68e92519193eab70261,2937747,analysed,,1353,2777,1969,BIOMASS_Ec_iJO1366_core_53p95M,True,bmocogdp_c;mobd_c,not_scored
iUTI89_1310,Escherichia coli UTI89,https://bigg.ucsd.edu/static/models/iUTI89_1310.json,https://bigg.ucsd.edu/api/v2/models,data/bigg_survey/iUTI89_1310.json,e1b9669b152006b865f07eb640a85f0e6b1c59b4fd8e58f6ffd956c32725148e,2902180,analysed,,1310,2725,1940,BIOMASS_Ec_iJO1366_core_53p95M,True,bmocogdp_c;mobd_c,not_scored
iWFL_1372,Escherichia coli W,https://bigg.ucsd.edu/static/models/iWFL_1372.json,https://bigg.ucsd.edu/api/v2/models,data/bigg_survey/iWFL_1372.json,9d580314d2063470df1c068cb89117df9ec8e5bb490fe83cbf4c3ce6b173db68,2953472,analysed,,1372,2782,1973,BIOMASS_Ec_iJO1366_core_53p95M,True,bmocogdp_c;mobd_c,not_scored
iY75_1357,Escherichia coli str. K-12 substr. W3110,https://bigg.ucsd.edu/static/models/iY75_1357.json,https://bigg.ucsd.edu/api/v2/models,data/bigg_survey/iY75_1357.json,0c114a9f58e37e8fbc8c62fea45856679d0c34f758bf6c4948748d2eddbb96ef,2990835,analysed,,1358,2759,1953,BIOMASS_Ec_iJO1366_core_53p95M,True,bmocogdp_c;mobd_c,not_scored
iYL1228,Klebsiella pneumoniae subsp. pneumoniae MGH 78578,https://bigg.ucsd.edu/static/models/iYL1228.json,https://bigg.ucsd.edu/api/v2/models,data/bigg_survey/iYL1228.json,7b1928ff47a623d11db6183305cba80dddc18f56a751181bb3da9a4fa7abc5ce,2454891,analysed,,1229,2262,1658,BIOMASS_,False,,not_scored
iYO844,Bacillus subtilis subsp. subtilis str. 168,https://bigg.ucsd.edu/static/models/iYO844.json,https://bigg.ucsd.edu/api/v2/models,data/bigg_survey/iYO844.json,77d071d179ebecfe59fa16db1ef112391070e0b05c8e18421d89ab1c51af9855,1646638,analysed,,844,1250,990,BIOMASS_BS_10,False,,not_scored
iYS1720,Salmonella pan-reactome,https://bigg.ucsd.edu/static/models/iYS1720.json,https://bigg.ucsd.edu/api/v2/models,data/bigg_survey/iYS1720.json,88895cb959da53666d8a4598f35bc84e1cbd33ee6d8a3116bef5dc5793392de1,3350290,analysed,,1707,3357,2436,BIOMASS_iRR1083_1,False,,not_scored
iYS854,Staphylococcus aureus subsp. aureus USA300_TCH1516,https://bigg.ucsd.edu/static/models/iYS854.json,https://bigg.ucsd.edu/api/v2/models,data/bigg_survey/iYS854.json,7118cfe2619fe5912cbbd8e26a4b529cf8d86001e9cd875f19683d376475f281,1639784,analysed,,866,1455,1335,BIOMASS_iYS_wild_type,False,,not_scored
iZ_1308,Escherichia coli O157:H7 str. EDL933,https://bigg.ucsd.edu/static/models/iZ_1308.json,https://bigg.ucsd.edu/api/v2/models,data/bigg_survey/iZ_1308.json,843015692460da8fe01ccc5e10c2cd28255730d0fad10663a2db69756d57a6c1,2843338,analysed,,1308,2721,1923,BIOMASS_Ec_iJO1366_core_53p95M,True,bmocogdp_c;mobd_c,not_scored
RECON1,Homo sapiens,https://bigg.ucsd.edu/static/models/RECON1.json,https://bigg.ucsd.edu/api/v2/models,data/bigg_survey/RECON1.json,c6cf6e625f065f761b29e4d0aaf492c2979a6e3d10e2f571ce25da461558746d,4000536,analysed,,1905,3741,2766,S6T14g,False,,not_scored
Recon3D,Homo sapiens,https://bigg.ucsd.edu/static/models/Recon3D.json,https://bigg.ucsd.edu/api/v2/models,data/bigg_survey/Recon3D.json,aba925f17547a42f9fdb4c1f685d89364cbf4979bbe7862e9f793af7169b26d5,7839114,analysed,,2248,10600,5835,BIOMASS_maintenance,False,,not_scored
STM_v1_0,Salmonella enterica subsp. enterica serovar Typhimurium str. LT2,https://bigg.ucsd.edu/static/models/STM_v1_0.json,https://bigg.ucsd.edu/api/v2/models,data/bigg_survey/STM_v1_0.json,6927019a8313c1df9ad175cf9d6b47c52ad7206a75209e12077e8f9deb6153a1,2673123,analysed,,1271,2545,1802,BIOMASS_iRR1083_metals,True,mobd_c,not_scored
