gene,growth,growth_frac,predicted_essential,wt_growth_h,status
b1819,0.8739215069684305,1.000000000000001,False,0.8739215069684295,optimal
b1621,0.8739215069684305,1.000000000000001,False,0.8739215069684295,optimal
b1854,0.8739215069684305,1.000000000000001,False,0.8739215069684295,optimal
b4395,0.8739215069684305,1.000000000000001,False,0.8739215069684295,optimal
b0767,0.863813309504001,0.9884335179031203,False,0.8739215069684295,optimal
b1524,0.8739215069684311,1.0000000000000018,False,0.8739215069684295,optimal
b2914,0.8739215069684305,1.000000000000001,False,0.8739215069684295,optimal
b1611,0.8739215069684305,1.000000000000001,False,0.8739215069684295,optimal
b3236,0.8258192905969891,0.9449581959158969,False,0.8739215069684295,optimal
b2975,0.8739215069684306,1.0000000000000013,False,0.8739215069684295,optimal
b3403,0.8739215069684305,1.000000000000001,False,0.8739215069684295,optimal
b3212,0.8739215069684305,1.000000000000001,False,0.8739215069684295,optimal
b1276,0.8739215069684305,1.000000000000001,False,0.8739215069684295,optimal
b0116,0.7823510529477397,0.8952189031960763,False,0.8739215069684295,optimal
b2284,0.2116629497353102,0.2421990396706835,False,0.8739215069684295,optimal
b3737,0.3742298749331099,0.42821909284654897,False,0.8739215069684295,optimal
b4153,0.8739215069684306,1.0000000000000013,False,0.8739215069684295,optimal
b2288,0.211662949735311,0.24219903967068446,False,0.8739215069684295,optimal
b2029,0.863813309504001,0.9884335179031203,False,0.8739215069684295,optimal
b4122,0.8739215069684307,1.0000000000000013,False,0.8739215069684295,optimal
b3962,0.8739215069684305,1.000000000000001,False,0.8739215069684295,optimal
s0001,0.21114065257211725,0.24160139198833647,False,0.8739215069684295,optimal
b0474,0.8739215069684306,1.0000000000000013,False,0.8739215069684295,optimal
b2097,0.8739215069684305,1.000000000000001,False,0.8739215069684295,optimal
b0755,0.8739215069684305,1.000000000000001,False,0.8739215069684295,optimal
b4152,0.8739215069684305,1.000000000000001,False,0.8739215069684295,optimal
b0978,0.8739215069684305,1.000000000000001,False,0.8739215069684295,optimal
b4014,0.8739215069684305,1.000000000000001,False,0.8739215069684295,optimal
b2492,0.8739215069684305,1.000000000000001,False,0.8739215069684295,optimal
b4154,0.8739215069684305,1.000000000000001,False,0.8739215069684295,optimal
b3731,0.374229874933111,0.4282190928465502,False,0.8739215069684295,optimal
b0724,0.8142975075325299,0.9317741937228082,False,0.8739215069684295,optimal
b0723,0.8142975075325308,0.9317741937228092,False,0.8739215069684295,optimal
b1612,0.8739215069684306,1.0000000000000013,False,0.8739215069684295,optimal
b2976,0.8739215069684305,1.000000000000001,False,0.8739215069684295,optimal
b2296,0.8739215069684305,1.000000000000001,False,0.8739215069684295,optimal
b2935,0.8739215069684305,1.000000000000001,False,0.8739215069684295,optimal
b0485,0.8739215069684305,1.000000000000001,False,0.8739215069684295,optimal
b1702,0.8739215069684305,1.000000000000001,False,0.8739215069684295,optimal
b3916,0.8739215069684305,1.000000000000001,False,0.8739215069684295,optimal
b2579,0.8739215069684305,1.000000000000001,False,0.8739215069684295,optimal
b1849,0.8739215069684305,1.000000000000001,False,0.8739215069684295,optimal
b1812,0.8739215069684305,1.000000000000001,False,0.8739215069684295,optimal
b1136,-3.642223560848925e-15,-4.167678140206819e-15,True,0.8739215069684295,optimal
b3114,0.8739215069684306,1.0000000000000013,False,0.8739215069684295,optimal
b0733,0.8739215069684305,1.000000000000001,False,0.8739215069684295,optimal
b0351,0.8739215069684305,1.000000000000001,False,0.8739215069684295,optimal
b3213,0.8739215069684305,1.000000000000001,False,0.8739215069684295,optimal
b3919,0.7040369478590244,0.805606615977764,False,0.8739215069684295,optimal
b0979,0.8739215069684311,1.0000000000000018,False,0.8739215069684295,optimal
b0903,0.8739215069684305,1.000000000000001,False,0.8739215069684295,optimal
b0008,0.8739215069684305,1.000000000000001,False,0.8739215069684295,optimal
b3528,0.8739215069684305,1.000000000000001,False,0.8739215069684295,optimal
b2276,0.21166294973531058,0.24219903967068396,False,0.8739215069684295,optimal
b2416,0.0,0.0,True,0.8739215069684295,infeasible
b2281,0.21166294973531086,0.2421990396706843,False,0.8739215069684295,optimal
b3925,0.8739215069684311,1.0000000000000018,False,0.8739215069684295,optimal
b4077,0.8739215069684305,1.000000000000001,False,0.8739215069684295,optimal
b1779,5.063431991734477e-16,5.793920794213151e-16,True,0.8739215069684295,optimal
b0722,0.8142975075325303,0.9317741937228086,False,0.8739215069684295,optimal
b0902,0.8739215069684306,1.0000000000000013,False,0.8739215069684295,optimal
b1817,0.8739215069684305,1.000000000000001,False,0.8739215069684295,optimal
b2282,0.2116629497353107,0.2421990396706841,False,0.8739215069684295,optimal
b2464,0.8739215069684311,1.0000000000000018,False,0.8739215069684295,optimal
b0721,0.8142975075325306,0.931774193722809,False,0.8739215069684295,optimal
b1676,0.87392150696843,1.0000000000000004,False,0.8739215069684295,optimal
b4025,0.8631595522084181,0.9876854446604205,False,0.8739215069684295,optimal
b2277,0.2116629497353104,0.2421990396706838,False,0.8739215069684295,optimal
b2779,-1.2331990227905607e-15,-1.4111095938906904e-15,True,0.8739215069684295,optimal
b3115,0.8739215069684305,1.000000000000001,False,0.8739215069684295,optimal
b1773,0.8739215069684305,1.000000000000001,False,0.8739215069684295,optimal
b3493,0.8739215069684305,1.000000000000001,False,0.8739215069684295,optimal
b3603,0.8739215069684305,1.000000000000001,False,0.8739215069684295,optimal
b3732,0.37422987493311255,0.42821909284655196,False,0.8739215069684295,optimal
b3951,0.8739215069684303,1.0000000000000009,False,0.8739215069684295,optimal
b1241,0.8739215069684305,1.000000000000001,False,0.8739215069684295,optimal
b0727,0.8583074080226881,0.9821332936410896,False,0.8739215069684295,optimal
b3734,0.3742298749331099,0.42821909284654897,False,0.8739215069684295,optimal
b0811,0.87392150696843,1.0000000000000004,False,0.8739215069684295,optimal
b2285,0.2116629497353097,0.24219903967068296,False,0.8739215069684295,optimal
b1479,0.8739215069684311,1.0000000000000018,False,0.8739215069684295,optimal
b0726,0.8583074080226881,0.9821332936410896,False,0.8739215069684295,optimal
b0728,0.8583074080226885,0.98213329364109,False,0.8739215069684295,optimal
b1297,0.8739215069684303,1.0000000000000009,False,0.8739215069684295,optimal
b3739,0.8739215069684305,1.000000000000001,False,0.8739215069684295,optimal
b0809,0.8739215069684305,1.000000000000001,False,0.8739215069684295,optimal
b2458,0.8739215069684305,1.000000000000001,False,0.8739215069684295,optimal
b4232,0.8739215069684305,1.000000000000001,False,0.8739215069684295,optimal
b3738,0.37422987493310994,0.428219092846549,False,0.8739215069684295,optimal
b2417,0.87392150696843,1.0000000000000004,False,0.8739215069684295,optimal
b1761,0.851388523346209,0.9742162385951734,False,0.8739215069684295,optimal
b2286,0.21166294973531075,0.24219903967068415,False,0.8739215069684295,optimal
b0720,1.6160520489064813e-16,1.849195878600641e-16,True,0.8739215069684295,optimal
b0114,0.7966959254309556,0.9116332749317911,False,0.8739215069684295,optimal
b3870,0.8739215069684306,1.0000000000000013,False,0.8739215069684295,optimal
b2283,0.2116629497353105,0.24219903967068387,False,0.8739215069684295,optimal
b2278,0.2116629497353107,0.2421990396706841,False,0.8739215069684295,optimal
b2280,0.2116629497353107,0.2421990396706841,False,0.8739215069684295,optimal
b2926,-2.4197520696506348e-16,-2.7688437123427477e-16,True,0.8739215069684295,optimal
b3956,0.8707448062160248,0.9963650044917369,False,0.8739215069684295,optimal
b0729,0.8583074080226892,0.9821332936410909,False,0.8739215069684295,optimal
b0451,0.8739215069684303,1.0000000000000009,False,0.8739215069684295,optimal
b4090,0.8739215069684305,1.000000000000001,False,0.8739215069684295,optimal
b1602,0.8739215069684305,1.000000000000001,False,0.8739215069684295,optimal
b0904,0.8739215069684305,1.000000000000001,False,0.8739215069684295,optimal
b3612,0.8739215069684305,1.000000000000001,False,0.8739215069684295,optimal
b0118,0.8739215069684305,1.000000000000001,False,0.8739215069684295,optimal
b0115,0.7966959254309572,0.9116332749317931,False,0.8739215069684295,optimal
b2415,0.0,0.0,True,0.8739215069684295,infeasible
b4151,0.8739215069684306,1.0000000000000013,False,0.8739215069684295,optimal
b0356,0.8739215069684305,1.000000000000001,False,0.8739215069684295,optimal
b2463,0.8739215069684305,1.000000000000001,False,0.8739215069684295,optimal
b3952,0.8739215069684305,1.000000000000001,False,0.8739215069684295,optimal
b3736,0.37422987493310994,0.428219092846549,False,0.8739215069684295,optimal
b0875,0.87392150696843,1.0000000000000004,False,0.8739215069684295,optimal
b1852,0.863813309504001,0.9884335179031203,False,0.8739215069684295,optimal
b2587,0.8739215069684307,1.0000000000000013,False,0.8739215069684295,optimal
b2133,0.8739215069684305,1.000000000000001,False,0.8739215069684295,optimal
b3735,0.37422987493311033,0.42821909284654947,False,0.8739215069684295,optimal
b1603,0.87392150696843,1.0000000000000004,False,0.8739215069684295,optimal
b1818,0.8739215069684305,1.000000000000001,False,0.8739215069684295,optimal
b0810,0.8739215069684305,1.000000000000001,False,0.8739215069684295,optimal
b2925,0.8739215069684305,1.000000000000001,False,0.8739215069684295,optimal
b4015,0.8739215069684305,1.000000000000001,False,0.8739215069684295,optimal
b2987,0.8739215069684305,1.000000000000001,False,0.8739215069684295,optimal
b3386,0.8739215069684305,1.000000000000001,False,0.8739215069684295,optimal
b4301,0.8739215069684305,1.000000000000001,False,0.8739215069684295,optimal
b2287,0.2116629497353105,0.24219903967068387,False,0.8739215069684295,optimal
b2279,0.2116629497353107,0.2421990396706841,False,0.8739215069684295,optimal
b2297,0.8739215069684311,1.0000000000000018,False,0.8739215069684295,optimal
b0734,0.8739215069684305,1.000000000000001,False,0.8739215069684295,optimal
b1723,0.8739215069684305,1.000000000000001,False,0.8739215069684295,optimal
b1478,0.8739215069684305,1.000000000000001,False,0.8739215069684295,optimal
b1101,0.8739215069684305,1.000000000000001,False,0.8739215069684295,optimal
b2465,0.8739215069684305,1.000000000000001,False,0.8739215069684295,optimal
b3733,0.37422987493310994,0.428219092846549,False,0.8739215069684295,optimal
b1380,0.87392150696843,1.0000000000000004,False,0.8739215069684295,optimal
