condition,carbon,aerobic,growth_h,grows
EX_ac_e_aerobic,EX_ac_e,True,0.1733385844777864,True
EX_ac_e_anaerobic,EX_ac_e,False,0.0,False
EX_acald_e_aerobic,EX_acald_e,True,0.28427822814515896,True
EX_acald_e_anaerobic,EX_acald_e,False,0.0,False
EX_akg_e_aerobic,EX_akg_e,True,0.5287554064040902,True
EX_akg_e_anaerobic,EX_akg_e,False,0.0,False
EX_etoh_e_aerobic,EX_etoh_e,True,0.3304198006407243,True
EX_etoh_e_anaerobic,EX_etoh_e,False,0.0,False
EX_for_e_aerobic,EX_for_e,True,0.0,False
EX_for_e_anaerobic,EX_for_e,False,0.0,False
EX_fru_e_aerobic,EX_fru_e,True,0.8739215069684315,True
EX_fru_e_anaerobic,EX_fru_e,False,0.2116629497353099,True
EX_fum_e_aerobic,EX_fum_e,True,0.370740520796285,True
EX_fum_e_anaerobic,EX_fum_e,False,0.0,False
EX_glc__D_e_aerobic,EX_glc__D_e,True,0.8739215069684326,True
EX_glc__D_e_anaerobic,EX_glc__D_e,False,0.21166294973530614,True
EX_gln__L_e_aerobic,EX_gln__L_e,True,0.55926512852193,True
EX_gln__L_e_anaerobic,EX_gln__L_e,False,0.0,False
EX_glu__L_e_aerobic,EX_glu__L_e,True,0.5987317251638452,True
EX_glu__L_e_anaerobic,EX_glu__L_e,False,0.0,False
EX_lac__D_e_aerobic,EX_lac__D_e,True,0.35031112506073525,True
EX_lac__D_e_anaerobic,EX_lac__D_e,False,0.0,False
EX_mal__L_e_aerobic,EX_mal__L_e,True,0.37074052079628594,True
EX_mal__L_e_anaerobic,EX_mal__L_e,False,0.0,False
EX_pyr_e_aerobic,EX_pyr_e,True,0.29122477958429266,True
EX_pyr_e_anaerobic,EX_pyr_e,False,0.0,False
EX_succ_e_aerobic,EX_succ_e,True,0.3975630154277638,True
EX_succ_e_anaerobic,EX_succ_e,False,0.0,False
