manifest_number,name,kind,source_accession_or_group,basis,status
1,BiGG e_coli_core,metabolic model,unverified:0,provider accession and usage not individually verified,provisional
2,BiGG iJO1366,metabolic model,unverified:1,provider accession and usage not individually verified,provisional
3,iML1515 (Bernstein repo copy of BiGG),metabolic model,BiGG:iML1515,same model with modified variant,grouped
4,iJR904 (Bernstein repo),metabolic model,unverified:3,provider accession and usage not individually verified,provisional
5,iAF1260 (Bernstein repo),metabolic model,unverified:4,provider accession and usage not individually verified,provisional
6,Bernstein iML1515 all-corrections model,metabolic model,BiGG:iML1515,same model with modified variant,grouped
7,NCBI U00096.3 FASTA,genome,GenBank:U00096.3,"same genome, two formats",grouped
8,NCBI U00096.3 GenBank,genome annotation,GenBank:U00096.3,"same genome, two formats",grouped
9,Gerdes 2003 Table S1,essentiality screen,Gerdes2003:no_accession,"one publication, multiple tables; not accessioned",grouped
10,Gerdes 2003 Table S2 cross-study consensus,essentiality consensus,Gerdes2003:no_accession,"one publication, multiple tables; not accessioned",grouped
11,EcoliWiki essential genes,essentiality list,unverified:10,provider accession and usage not individually verified,provisional
12,Price et al. 2018 Keio_ML9 fit_logratios_good (92 conditions),RB-TnSeq fitness,Price2018:Keio,"one study, data and metadata",grouped
13,Keio_ML9 expsUsed metadata,experiment metadata,Price2018:Keio,"one study, data and metadata",grouped
14,Bernstein fit_organism_Keio + mapped media/carbon tables,curated fitness + media mapping,Price2018:Keio,"one study, data and metadata",grouped
15,STRING v12 511145 protein.links,PPI network,STRING:511145,same network version/organism,grouped
16,STRING v12 511145 protein.links.detailed,PPI evidence channels,STRING:511145,same network version/organism,grouped
17,STRING v12 511145 protein.info,protein annotation,STRING:511145,same network version/organism,grouped
18,UniProt UP000000625,proteome,UniProt:UP000000625,"same proteome, several cross-reference columns",grouped
19,KEGG eco gene-pathway links,pathway map,KEGG:eco,same organism pathway endpoint,grouped
20,KEGG eco pathway list,pathway names,KEGG:eco,same organism pathway endpoint,grouped
21,PaxDb 511145 WHOLE_ORGANISM integrated,protein abundance,,"integrated PaxDb output, derived",excluded_derived
22,Gene Ontology go-basic.obo (current release),ontology,unverified:21,provider accession and usage not individually verified,provisional
23,GO Consortium EcoCyc GAF (taxon 83333),GO annotations,unverified:22,provider accession and usage not individually verified,provisional
24,iMR1_799 S. oneidensis GEM (Pinchuk 2010; zhanglab/psamm-model-collection),metabolic model,unverified:23,provider accession and usage not individually verified,provisional
25,Price 2018 RB-TnSeq S. oneidensis MR-1 fitness matrix (genomics.lbl.gov/supplemental/bigfit/html/MR1),mutant fitness,Price2018:MR1,same organism fitness study,grouped
26,KEGG link/pathway/son,gene-pathway map,unverified:25,provider accession and usage not individually verified,provisional
27,iJN1463 P. putida KT2440 GEM (BiGG),metabolic model,unverified:26,provider accession and usage not individually verified,provisional
28,"Fitness Browser Feb 2024 release, db.StrainFitness.Putida (figshare 10.6084/m9.figshare.25236931)",mutant fitness,figshare:25236931,same deposit accession (multiple organism-specific files),grouped
29,KEGG link/pathway/ppu,gene-pathway map,unverified:28,provider accession and usage not individually verified,provisional
30,Fitness Browser Feb 2024 db.StrainFitness.Caulo (figshare 25236931),mutant fitness,figshare:25236931,same deposit accession (multiple organism-specific files),grouped
31,KEGG link/pathway/ccs,gene-pathway map,unverified:30,provider accession and usage not individually verified,provisional
32,Fitness Browser Feb 2024 db.StrainFitness.Cola (figshare 25236931),mutant fitness,figshare:25236931,same deposit accession (multiple organism-specific files),grouped
33,KEGG link/pathway/evi,gene-pathway map,unverified:32,provider accession and usage not individually verified,provisional
34,Fitness Browser Feb 2024 db.StrainFitness.PS (figshare 25236931),mutant fitness,figshare:25236931,same deposit accession (multiple organism-specific files),grouped
35,KEGG link/pathway/dsu,gene-pathway map,unverified:34,provider accession and usage not individually verified,provisional
36,Fitness Browser Feb 2024 db.StrainFitness.Ponti (figshare 25236931),mutant fitness,figshare:25236931,same deposit accession (multiple organism-specific files),grouped
37,KEGG link/pathway/pact,gene-pathway map,unverified:36,provider accession and usage not individually verified,provisional
38,Fitness Browser Feb 2024 db.StrainFitness.Smeli (figshare 25236931),mutant fitness,figshare:25236931,same deposit accession (multiple organism-specific files),grouped
39,KEGG link/pathway/sme,gene-pathway map,unverified:38,provider accession and usage not individually verified,provisional
40,Fitness Browser Feb 2024 db.StrainFitness.SyringaeB728a (figshare 25236931),mutant fitness,figshare:25236931,same deposit accession (multiple organism-specific files),grouped
41,KEGG link/pathway/psb,gene-pathway map,unverified:40,provider accession and usage not individually verified,provisional
42,"Fitness Browser Feb 2024 aaseqs (protein sequences, figshare 25236931)",protein sequences for CarveMe,figshare:25236931,same deposit accession (multiple organism-specific files),grouped
43,"Rousset et al. 2018 PLoS Genet S12 genome-wide CRISPRi gene table (doi:10.1371/journal.pgen.1007749.s012, PMC6242692)",external essentiality benchmark,unverified:42,provider accession and usage not individually verified,provisional
44,AlphaFold DB predictions AF-<UniProt>-F1 for E. coli K-12 model genes (data/external/alphafold/af_metrics.tsv),structure confidence,unverified:43,provider accession and usage not individually verified,provisional
45,UniProt UP000000625 Pfam cross-references (data/external/uniprot_ecoli_pfam.tsv),protein families,UniProt:UP000000625,"same proteome, several cross-reference columns",grouped
46,OMA Browser genome ECOLI (E. coli K-12 MG1655) proteins + per-protein HOG levels (data/external/oma/),orthology / conservation,unverified:45,provider accession and usage not individually verified,provisional
47,NCBI COG 2020 cog-20.cog.csv (all 1187 genomes; K-12 GCF_000005845.2 rows + per-COG genome spread) and cog-20.def.tab,orthologous groups,unverified:46,provider accession and usage not individually verified,provisional
48,UniProt UP000000625 PDB cross-references (data/external/uniprot_ecoli_pdb.tsv),structure coverage,UniProt:UP000000625,"same proteome, several cross-reference columns",grouped
49,"PRECISE-1K release (github.com/SBRG/precise1k commit 4829b83): log_tpm_qc (1035 RNA-seq samples), M matrix, iModulon thresholds",transcriptome compendium,unverified:48,provider accession and usage not individually verified,provisional
50,"TCDB getSubstrates.py table (TC -> ChEBI substrates, retrieved 2026-09-25)",transporter substrates,unverified:49,provider accession and usage not individually verified,provisional
51,UniProt UP000000625 TCDB cross-references (data/external/uniprot_ecoli_tcdb.tsv),transporter assignments,UniProt:UP000000625,"same proteome, several cross-reference columns",grouped
52,"Fitness Browser Feb 2024 db.StrainFitness.ANA3 (figshare 25236931, file 44580469)",mutant fitness (xs5 amendment 5),figshare:25236931,same deposit accession (multiple organism-specific files),grouped
53,"Fitness Browser Feb 2024 db.StrainFitness.BFirm (figshare 25236931, file 44580472)",mutant fitness (xs5 amendment 5),figshare:25236931,same deposit accession (multiple organism-specific files),grouped
54,"Fitness Browser Feb 2024 db.StrainFitness.Btheta (figshare 25236931, file 44580583)",mutant fitness (xs5 amendment 5),figshare:25236931,same deposit accession (multiple organism-specific files),grouped
55,"Fitness Browser Feb 2024 db.StrainFitness.Burk376 (figshare 25236931, file 44580448)",mutant fitness (xs5 amendment 5),figshare:25236931,same deposit accession (multiple organism-specific files),grouped
56,"Fitness Browser Feb 2024 db.StrainFitness.Cup4G11 (figshare 25236931, file 44580511)",mutant fitness (xs5 amendment 5),figshare:25236931,same deposit accession (multiple organism-specific files),grouped
57,"Fitness Browser Feb 2024 db.StrainFitness.Dda3937 (figshare 25236931, file 44580505)",mutant fitness (xs5 amendment 5),figshare:25236931,same deposit accession (multiple organism-specific files),grouped
58,"Fitness Browser Feb 2024 db.StrainFitness.Ddia6719 (figshare 25236931, file 44580478)",mutant fitness (xs5 amendment 5),figshare:25236931,same deposit accession (multiple organism-specific files),grouped
59,"Fitness Browser Feb 2024 db.StrainFitness.DdiaME23 (figshare 25236931, file 44580541)",mutant fitness (xs5 amendment 5),figshare:25236931,same deposit accession (multiple organism-specific files),grouped
60,"Fitness Browser Feb 2024 db.StrainFitness.Dino (figshare 25236931, file 44580517)",mutant fitness (xs5 amendment 5),figshare:25236931,same deposit accession (multiple organism-specific files),grouped
61,"Fitness Browser Feb 2024 db.StrainFitness.DvH (figshare 25236931, file 44580571)",mutant fitness (xs5 amendment 5),figshare:25236931,same deposit accession (multiple organism-specific files),grouped
62,"Fitness Browser Feb 2024 db.StrainFitness.Dyella79 (figshare 25236931, file 44580493)",mutant fitness (xs5 amendment 5),figshare:25236931,same deposit accession (multiple organism-specific files),grouped
63,"Fitness Browser Feb 2024 db.StrainFitness.HerbieS (figshare 25236931, file 44580481)",mutant fitness (xs5 amendment 5),figshare:25236931,same deposit accession (multiple organism-specific files),grouped
64,"Fitness Browser Feb 2024 db.StrainFitness.Kang (figshare 25236931, file 44580490)",mutant fitness (xs5 amendment 5),figshare:25236931,same deposit accession (multiple organism-specific files),grouped
65,"Fitness Browser Feb 2024 db.StrainFitness.Korea (figshare 25236931, file 44580562)",mutant fitness (xs5 amendment 5),figshare:25236931,same deposit accession (multiple organism-specific files),grouped
66,"Fitness Browser Feb 2024 db.StrainFitness.Koxy (figshare 25236931, file 44580535)",mutant fitness (xs5 amendment 5),figshare:25236931,same deposit accession (multiple organism-specific files),grouped
67,"Fitness Browser Feb 2024 db.StrainFitness.MR1 (figshare 25236931, file 44580547)",mutant fitness (xs5 amendment 5),figshare:25236931,same deposit accession (multiple organism-specific files),grouped
68,"Fitness Browser Feb 2024 db.StrainFitness.Magneto (figshare 25236931, file 44580451)",mutant fitness (xs5 amendment 5),figshare:25236931,same deposit accession (multiple organism-specific files),grouped
69,"Fitness Browser Feb 2024 db.StrainFitness.Marino (figshare 25236931, file 44580520)",mutant fitness (xs5 amendment 5),figshare:25236931,same deposit accession (multiple organism-specific files),grouped
70,"Fitness Browser Feb 2024 db.StrainFitness.Miya (figshare 25236931, file 44580454)",mutant fitness (xs5 amendment 5),figshare:25236931,same deposit accession (multiple organism-specific files),grouped
71,"Fitness Browser Feb 2024 db.StrainFitness.PV4 (figshare 25236931, file 44580484)",mutant fitness (xs5 amendment 5),figshare:25236931,same deposit accession (multiple organism-specific files),grouped
72,"Fitness Browser Feb 2024 db.StrainFitness.Pedo557 (figshare 25236931, file 44580556)",mutant fitness (xs5 amendment 5),figshare:25236931,same deposit accession (multiple organism-specific files),grouped
73,"Fitness Browser Feb 2024 db.StrainFitness.Phaeo (figshare 25236931, file 44580580)",mutant fitness (xs5 amendment 5),figshare:25236931,same deposit accession (multiple organism-specific files),grouped
74,"Fitness Browser Feb 2024 db.StrainFitness.RalstoniaBSBF1503 (figshare 25236931, file 44580457)",mutant fitness (xs5 amendment 5),figshare:25236931,same deposit accession (multiple organism-specific files),grouped
75,"Fitness Browser Feb 2024 db.StrainFitness.RalstoniaGMI1000 (figshare 25236931, file 44580460)",mutant fitness (xs5 amendment 5),figshare:25236931,same deposit accession (multiple organism-specific files),grouped
76,"Fitness Browser Feb 2024 db.StrainFitness.RalstoniaPSI07 (figshare 25236931, file 44580463)",mutant fitness (xs5 amendment 5),figshare:25236931,same deposit accession (multiple organism-specific files),grouped
77,"Fitness Browser Feb 2024 db.StrainFitness.RalstoniaUW163 (figshare 25236931, file 44580466)",mutant fitness (xs5 amendment 5),figshare:25236931,same deposit accession (multiple organism-specific files),grouped
78,"Fitness Browser Feb 2024 db.StrainFitness.SB2B (figshare 25236931, file 44580589)",mutant fitness (xs5 amendment 5),figshare:25236931,same deposit accession (multiple organism-specific files),grouped
79,"Fitness Browser Feb 2024 db.StrainFitness.SynE (figshare 25236931, file 44580526)",mutant fitness (xs5 amendment 5),figshare:25236931,same deposit accession (multiple organism-specific files),grouped
80,"Fitness Browser Feb 2024 db.StrainFitness.WCS417 (figshare 25236931, file 44580538)",mutant fitness (xs5 amendment 5),figshare:25236931,same deposit accession (multiple organism-specific files),grouped
81,"Fitness Browser Feb 2024 db.StrainFitness.acidovorax_3H11 (figshare 25236931, file 44580532)",mutant fitness (xs5 amendment 5),figshare:25236931,same deposit accession (multiple organism-specific files),grouped
82,"Fitness Browser Feb 2024 db.StrainFitness.azobra (figshare 25236931, file 44580475)",mutant fitness (xs5 amendment 5),figshare:25236931,same deposit accession (multiple organism-specific files),grouped
83,"Fitness Browser Feb 2024 db.StrainFitness.psRCH2 (figshare 25236931, file 44580586)",mutant fitness (xs5 amendment 5),figshare:25236931,same deposit accession (multiple organism-specific files),grouped
84,"Fitness Browser Feb 2024 db.StrainFitness.pseudo13_GW456_L13 (figshare 25236931, file 44580550)",mutant fitness (xs5 amendment 5),figshare:25236931,same deposit accession (multiple organism-specific files),grouped
85,"Fitness Browser Feb 2024 db.StrainFitness.pseudo1_N1B4 (figshare 25236931, file 44580559)",mutant fitness (xs5 amendment 5),figshare:25236931,same deposit accession (multiple organism-specific files),grouped
86,"Fitness Browser Feb 2024 db.StrainFitness.pseudo3_N2E3 (figshare 25236931, file 44580592)",mutant fitness (xs5 amendment 5),figshare:25236931,same deposit accession (multiple organism-specific files),grouped
87,"Fitness Browser Feb 2024 db.StrainFitness.pseudo5_N2C3_1 (figshare 25236931, file 44580574)",mutant fitness (xs5 amendment 5),figshare:25236931,same deposit accession (multiple organism-specific files),grouped
88,"Fitness Browser Feb 2024 db.StrainFitness.pseudo6_N2E2 (figshare 25236931, file 44580568)",mutant fitness (xs5 amendment 5),figshare:25236931,same deposit accession (multiple organism-specific files),grouped
89,"PaxDb v5 dataset 1651745281 (511145-E_coli_Wisniewski_2014_cpc.txt): E.coli str. K-12 substr. MG1655 - Whole organism, Cpc (Wisniewski,J_Proteomics,2014)",protein abundance (per-dataset robustness),unverified:88,provider accession and usage not individually verified,provisional
90,"PaxDb v5 dataset 4057863993 (511145-Ecoli_APEX_arike_2012.txt): E.coli str. K-12 substr. MG1655 - Whole organism, Apex (Arike, J_Proteomics,2012)",protein abundance (per-dataset robustness),unverified:89,provider accession and usage not individually verified,provisional
91,"PaxDb v5 dataset 936332856 (511145-Ecoli_Krug_2013.txt): E.coli str. K-12 substr. MG1655 - Whole organism, SC (Krug,MCP,2013)",protein abundance (per-dataset robustness),unverified:90,provider accession and usage not individually verified,provisional
92,"PaxDb v5 dataset 4291339386 (511145-Ecoli_Krug_2013_emPAI.txt): E.coli str. K-12 substr. MG1655 - Whole organism, Empai (Krug,MCP,2013)",protein abundance (per-dataset robustness),unverified:91,provider accession and usage not individually verified,provisional
93,"PaxDb v5 dataset 40289017 (511145-Ecoli_emPAI_arike_2012.txt): E.coli str. K-12 substr. MG1655 - Whole organism, Empai (Arike, J_Proteomics,2012)",protein abundance (per-dataset robustness),unverified:92,provider accession and usage not individually verified,provisional
94,"PaxDb v5 dataset 61742278 (511145-Ecoli_iBAQ_arike_2012.txt): E.coli str. K-12 substr. MG1655 - Whole organism, Ibaq (Arike, J_Proteomics,2012)",protein abundance (per-dataset robustness),unverified:93,provider accession and usage not individually verified,provisional
95,"PaxDb v5 dataset 3128119420 (511145-Ecoli_strainK12_PRIDE.txt): E.coli str. K-12 substr. MG1655 - Whole organism, SC (Wright, MCP,2012)",protein abundance (per-dataset robustness),unverified:94,provider accession and usage not individually verified,provisional
96,"PaxDb v5 dataset 121480451 (511145-Escherichia_coli_SC_biomart_12189_E__2reps.txt): E.coli str. K-12 substr. MG1655 - Whole organism, SC (Valgepea,BMC_Syst_Biol,2010)",protein abundance (per-dataset robustness),unverified:95,provider accession and usage not individually verified,provisional
97,"PaxDb v5 dataset 2121262705 (511145-Escherichia_coli_SC_biomart_17112_E__2reps.txt): E.coli str. K-12 substr. MG1655 - Whole organism, SC (PRIDE,PRD000418,2011)",protein abundance (per-dataset robustness),unverified:96,provider accession and usage not individually verified,provisional
98,"PaxDb v5 dataset 4122816359 (511145-Escherichia_coli_SC_biomart_18119_E__5reps.txt): E.coli str. K-12 substr. MG1655 - Whole organism, SC (PRIDE,PRD000485,2012)",protein abundance (per-dataset robustness),unverified:97,provider accession and usage not individually verified,provisional
99,"PaxDb v5 dataset 748372494 (511145-Escherichia_coli_SC_biomart_29780_E_BTO0000214cellculture_2reps.txt): E.coli str. K-12 substr. MG1655 - Whole organism, SC (Arike, J_Proteomics,2012)",protein abundance (per-dataset robustness),unverified:98,provider accession and usage not individually verified,provisional
100,"PaxDb v5 dataset 2424694404 (511145-GPM_201408.txt): E.coli str. K-12 substr. MG1655 - Whole organism, SC (GPM,Aug,2014)",protein abundance (per-dataset robustness),unverified:99,provider accession and usage not individually verified,provisional
101,"PaxDb v5 dataset 4198203700 (511145-Lu_ecoli_2007.txt): E.coli str. K-12 substr. MG1655 - Whole organism, APEX (Lu, Nat_Biotechnol,2007)",protein abundance (per-dataset robustness),unverified:100,provider accession and usage not individually verified,provisional
102,"PaxDb v5 dataset 2230462687 (511145-PXD014877_Mueller_Nature_2020_Escherichia_coli.txt): E.coli str. K-12 substr. MG1655 - Whole organism, Escherichia coli, NSAF (Müller JB,Nature,2020)",protein abundance (per-dataset robustness),unverified:101,provider accession and usage not individually verified,provisional
103,"PaxDb v5 dataset 3375035034 (511145-PXD020761_Midha_Sci_Data_2020_Ecoli_DIA-SWATH.txt): E.coli str. K-12 substr. MG1655 - Whole organism, Ecoli dia-swath, DIA, SWATHMS (Midha et al, Sci Data 2020)",protein abundance (per-dataset robustness),unverified:102,provider accession and usage not individually verified,provisional
104,"PaxDb v5 dataset 3381792233 (511145-Taniguchi_2010_Table_S6.txt): E.coli str. K-12 substr. MG1655 - Whole organism, Yfp fusion library, YFP normalized data (Taniguchi,Science,2010)",protein abundance (per-dataset robustness),unverified:103,provider accession and usage not individually verified,provisional
105,"PaxDb v5 dataset 4073365 (511145-WT-lewis-peptide_count.txt): E.coli str. K-12 substr. MG1655 - Whole organism, Gly and lac substrate, SC (Lewis,Mol_Syst_Biol,2010)",protein abundance (per-dataset robustness),unverified:104,provider accession and usage not individually verified,provisional
106,"PaxDb v5 dataset 3677031225 (511145-ecoli1_HCD_CID_PRIDE.txt): E.coli str. K-12 substr. MG1655 - Whole organism, Hcd,cid, SC (Mancuso,J-Proteomics,2012)",protein abundance (per-dataset robustness),unverified:105,provider accession and usage not individually verified,provisional
107,"PaxDb v5 dataset 3321265269 (511145-ecoli2_resolutionCombination_PRIDE.txt): E.coli str. K-12 substr. MG1655 - Whole organism, SC (PRIDE,PRD000485,2012)",protein abundance (per-dataset robustness),unverified:106,provider accession and usage not individually verified,provisional
108,PaxDb v5 dataset 160488-PXD003826_Lidbury_Environ_Microbiol_2016_P_putida.txt (Putida),protein abundance vs RB-TnSeq putative essentiality (cross-species),unverified:107,provider accession and usage not individually verified,provisional
109,PaxDb v5 dataset 1140-PXD000510_Guerreiro_Mol_Cell_Proteomics_2014_Synechococcus_elongatus.txt (SynE),protein abundance vs RB-TnSeq putative essentiality (cross-species),unverified:108,provider accession and usage not individually verified,provisional
110,PaxDb v5 dataset 211586-GPM_201408.txt (MR1),protein abundance vs RB-TnSeq putative essentiality (cross-species),unverified:109,provider accession and usage not individually verified,provisional
111,PaxDb v5 dataset 226186-GPM_201408.txt (Btheta),protein abundance vs RB-TnSeq putative essentiality (cross-species),unverified:110,provider accession and usage not individually verified,provisional
112,PaxDb v5 dataset 226186-PXD014877_Mueller_Nature_2020_Bacteroides_thetaiotaomicron.txt (Btheta),protein abundance vs RB-TnSeq putative essentiality (cross-species),unverified:111,provider accession and usage not individually verified,provisional
113,PaxDb v5 dataset 882-Desulfo_Form_Exp_SC_zhang_2006.txt (DvH),protein abundance vs RB-TnSeq putative essentiality (cross-species),unverified:112,provider accession and usage not individually verified,provisional
114,PaxDb v5 dataset 882-Desulfo_Form_Stat_SC_zhang_2006.txt (DvH),protein abundance vs RB-TnSeq putative essentiality (cross-species),unverified:113,provider accession and usage not individually verified,provisional
115,PaxDb v5 dataset 882-Desulfo_Lac_Exp_SC_zhang_2006.txt (DvH),protein abundance vs RB-TnSeq putative essentiality (cross-species),unverified:114,provider accession and usage not individually verified,provisional
116,PaxDb v5 dataset 882-Desulfo_Lac_Stat_SC_zhang_2006.txt (DvH),protein abundance vs RB-TnSeq putative essentiality (cross-species),unverified:115,provider accession and usage not individually verified,provisional
117,PaxDb v5 dataset 83332-GPM_201408.txt (M. tuberculosis H37Rv),protein abundance vs DeJesus 2017 Tn-seq essentiality,unverified:116,provider accession and usage not individually verified,provisional
118,PaxDb v5 dataset 83332-M.tuberculosis_atlas_build_330.txt (M. tuberculosis H37Rv),protein abundance vs DeJesus 2017 Tn-seq essentiality,unverified:117,provider accession and usage not individually verified,provisional
119,PaxDb v5 dataset 83332-Mtuberculosis_Albrethsen_2013.txt (M. tuberculosis H37Rv),protein abundance vs DeJesus 2017 Tn-seq essentiality,unverified:118,provider accession and usage not individually verified,provisional
120,PaxDb v5 dataset 83332-My_PXD000483_Cortes_2013.txt (M. tuberculosis H37Rv),protein abundance vs DeJesus 2017 Tn-seq essentiality,unverified:119,provider accession and usage not individually verified,provisional
121,PaxDb v5 dataset 83332-MycobacteriumTuberculosis.txt (M. tuberculosis H37Rv),protein abundance vs DeJesus 2017 Tn-seq essentiality,unverified:120,provider accession and usage not individually verified,provisional
122,PaxDb v5 dataset 83332-PXD000111_Albrethsen_Mol_Cell_Proteomics_2013_M-tuberculosis_log_phase.txt (M. tuberculosis H37Rv),protein abundance vs DeJesus 2017 Tn-seq essentiality,unverified:121,provider accession and usage not individually verified,provisional
123,PaxDb v5 dataset 83332-PXD000111_Albrethsen_Mol_Cell_Proteomics_2013_M-tuberculosis_starvation_phase.txt (M. tuberculosis H37Rv),protein abundance vs DeJesus 2017 Tn-seq essentiality,unverified:122,provider accession and usage not individually verified,provisional
124,PaxDb v5 dataset 83332-PXD000259_Schubert_Cell_Host_Microbe_2014_Mtuberculosis_complete_proteome.txt (M. tuberculosis H37Rv),protein abundance vs DeJesus 2017 Tn-seq essentiality,unverified:123,provider accession and usage not individually verified,provisional
125,PaxDb v5 dataset 83332-PXD009676_late_exponential_Mtb_culture.txt (M. tuberculosis H37Rv),protein abundance vs DeJesus 2017 Tn-seq essentiality,unverified:124,provider accession and usage not individually verified,provisional
126,PaxDb v5 dataset 83332-PXD011081_whole_cell_lysate.txt (M. tuberculosis H37Rv),protein abundance vs DeJesus 2017 Tn-seq essentiality,unverified:125,provider accession and usage not individually verified,provisional
127,PaxDb v5 dataset 83332-PXD013677_Mtb_H37Rv_control.txt (M. tuberculosis H37Rv),protein abundance vs DeJesus 2017 Tn-seq essentiality,unverified:126,provider accession and usage not individually verified,provisional
128,PaxDb v5 dataset 83332-PXD013677_Mtb_SAMMtb_control.txt (M. tuberculosis H37Rv),protein abundance vs DeJesus 2017 Tn-seq essentiality,unverified:127,provider accession and usage not individually verified,provisional
129,PaxDb v5 dataset 83332-PXD016006_ctrl.txt (M. tuberculosis H37Rv),protein abundance vs DeJesus 2017 Tn-seq essentiality,unverified:128,provider accession and usage not individually verified,provisional
130,PaxDb v5 dataset 83332-PXD020383_mtbc_lineage_pool.txt (M. tuberculosis H37Rv),protein abundance vs DeJesus 2017 Tn-seq essentiality,unverified:129,provider accession and usage not individually verified,provisional
131,DeJesus et al. 2017 mBio Table S3 (M. tuberculosis H37Rv HMM essentiality calls; mirror github.com/ajinich/mtb_tn_db),"essentiality labels, Mtb",unverified:130,provider accession and usage not individually verified,provisional
132,PaxDb v5 dataset 224308-BacillusSubtilisSubsp_PRIDE.txt (B. subtilis 168),protein abundance vs SubtiWiki essentiality,unverified:131,provider accession and usage not individually verified,provisional
133,PaxDb v5 dataset 224308-GPM_201408.txt (B. subtilis 168),protein abundance vs SubtiWiki essentiality,unverified:132,provider accession and usage not individually verified,provisional
134,PaxDb v5 dataset 224308-MSV000096603_Bacillus_subtilis-DSMZ10.txt (B. subtilis 168),protein abundance vs SubtiWiki essentiality,unverified:133,provider accession and usage not individually verified,provisional
135,PaxDb v5 dataset 224308-PXD006444_control.txt (B. subtilis 168),protein abundance vs SubtiWiki essentiality,unverified:134,provider accession and usage not individually verified,provisional
136,PaxDb v5 dataset 224308-PXD014877_Mueller_Nature_2020_Bacillus_subtilis.txt (B. subtilis 168),protein abundance vs SubtiWiki essentiality,unverified:135,provider accession and usage not individually verified,provisional
137,"SubtiWiki Essential genes page (retrieved 2026-09-25; Koo et al. 2017 based), 260 gene names","essentiality labels, B. subtilis",unverified:136,provider accession and usage not individually verified,provisional
138,PaxDb v5 dataset 208964-GPM_201408.txt (P. aeruginosa PAO1),protein abundance vs Poulsen 2019 core essentiality,unverified:137,provider accession and usage not individually verified,provisional
139,PaxDb v5 dataset 208964-MSV000096603_Pseudomonas_aeruginosa-DSMZ50071.txt (P. aeruginosa PAO1),protein abundance vs Poulsen 2019 core essentiality,unverified:138,provider accession and usage not individually verified,provisional
140,PaxDb v5 dataset 208964-PXD004560_WT.txt (P. aeruginosa PAO1),protein abundance vs Poulsen 2019 core essentiality,unverified:139,provider accession and usage not individually verified,provisional
141,PaxDb v5 dataset 208964-PXD009705_Pa.txt (P. aeruginosa PAO1),protein abundance vs Poulsen 2019 core essentiality,unverified:140,provider accession and usage not individually verified,provisional
142,PaxDb v5 dataset 208964-PXD009705_neg.txt (P. aeruginosa PAO1),protein abundance vs Poulsen 2019 core essentiality,unverified:141,provider accession and usage not individually verified,provisional
143,PaxDb v5 dataset 208964-PXD009705_pos.txt (P. aeruginosa PAO1),protein abundance vs Poulsen 2019 core essentiality,unverified:142,provider accession and usage not individually verified,provisional
144,PaxDb v5 dataset 208964-PXD021907_wt.txt (P. aeruginosa PAO1),protein abundance vs Poulsen 2019 core essentiality,unverified:143,provider accession and usage not individually verified,provisional
145,PaxDb v5 dataset 208964-PXD025827_PAO1.txt (P. aeruginosa PAO1),protein abundance vs Poulsen 2019 core essentiality,unverified:144,provider accession and usage not individually verified,provisional
146,PaxDb v5 dataset 208964-Pseudomonas-aeruginosa_PA_2021-1.txt (P. aeruginosa PAO1),protein abundance vs Poulsen 2019 core essentiality,unverified:145,provider accession and usage not individually verified,provisional
147,PaxDb v5 dataset 208964-Pseudomonas_aeruginosa_SC_biomart_22024_E__1reps.txt (P. aeruginosa PAO1),protein abundance vs Poulsen 2019 core essentiality,unverified:146,provider accession and usage not individually verified,provisional
148,Poulsen et al. 2019 PNAS Dataset S5 Essential Genes (doi:10.1073/pnas.1900570116; Europe PMC PMC6525520 supplementary),"essentiality labels, P. aeruginosa",unverified:147,provider accession and usage not individually verified,provisional
149,Griffin et al. 2011 PLoS Pathog Table 2 (M. tuberculosis H37Rv Tn-seq essentiality; mirror github.com/ajinich/mtb_tn_db data/SI_datasets/2011_Griffin_Sassetti),"essentiality labels, Mtb (label replication)",unverified:148,provider accession and usage not individually verified,provisional
150,"Turner K.H. et al. 2015 (PNAS, PA14 Tn-seq) essential calls, via Poulsen 2019 PNAS Dataset S6 compilation","essentiality labels, P. aeruginosa (label replication)",unverified:149,provider accession and usage not individually verified,provisional
151,"Lee S.A. et al. 2015 (Genome Res, PAO1 Tn-seq) essential calls, via Poulsen 2019 PNAS Dataset S6 compilation","essentiality labels, P. aeruginosa (label replication)",unverified:150,provider accession and usage not individually verified,provisional
152,"Skurnik D. et al. 2013 (PNAS, PA14 Tn-seq) essential calls, via Poulsen 2019 PNAS Dataset S6 compilation","essentiality labels, P. aeruginosa (label replication)",unverified:151,provider accession and usage not individually verified,provisional
153,"Liberati N.T. et al. 2006 (PNAS, PA14 transposon library) essential calls, via Poulsen 2019 PNAS Dataset S6 compilation","essentiality labels, P. aeruginosa (label replication)",unverified:152,provider accession and usage not individually verified,provisional
