time,biomass,growth,conc_EX_glc__D_e,conc_EX_ac_e
0.0,0.01,1.1000045414807555,10.0,2.0
0.1,0.011162785774145239,1.0999935797733296,9.988853933325865,1.9889203118867045
0.2,0.01246076496481246,1.0999812159223883,9.976411852307832,1.9765528198296836
0.30000000000000004,0.013909652543338527,1.0999672526211823,9.962523082177434,1.96274793216432
0.4,0.015526989254928103,1.0999514599501568,9.947019435874148,1.9473387055600493
0.5,0.01733235347399243,1.0999335686560485,9.929713180050715,1.930138839562033
0.6,0.01934759756334163,1.0999132616734688,9.9103947652258,1.9109404416123885
0.7,0.021597111545477984,1.0998901633181808,9.888830292852953,1.8895115370717497
0.7999999999999999,0.02410811720645707,1.0998638253573196,9.864758688969868,1.8655932962462216
0.8999999999999999,0.026910996095597325,1.0998337088335672,9.837888550647637,1.8388969478058295
0.9999999999999999,0.030039655258634963,1.0997991600307904,9.807894627645748,1.8091003453389976
1.0999999999999999,0.033531934947317606,1.0997593782246389,9.774413897464772,1.7758441512660759
1.2,0.03743006298208756,1.0997133717067473,9.737041187348812,1.7387276001796685
1.3,0.041781160899351875,1.0996598967365168,9.695324291704441,1.69730380231288
1.4000000000000001,0.04663780747623438,1.09959737108381,9.64875852786868,1.6510745479866173
1.5000000000000002,0.052058665665392995,1.0995237488079108,9.596780667200921,1.5994845768258759
1.6000000000000003,0.05810917933713405,1.0994363342202291,9.538762172172994,1.5419152835319834
1.7000000000000004,0.06486234641485557,1.0993314973339423,9.474001663670649,1.4776778492151166
1.8000000000000005,0.07239957480875281,1.099204223746381,9.401716536478265,1.4060058216280917
1.9000000000000006,0.08081162661632896,1.0990473740302757,9.321033635665092,1.3260472347254608
2.0000000000000004,0.09019965356738138,1.0988504068419562,9.230978903898157,1.2368564902915355
2.1000000000000005,0.10067632089401074,1.0985970494320974,9.130465912904539,1.1373864936248796
2.2000000000000006,0.11236700358741991,1.0982607404934932,9.018283208845416,1.0264821113569005
2.3000000000000007,0.12541100782208636,1.0977948875114687,8.893080449239823,0.902877342064327
2.400000000000001,0.13996269107503137,1.0971094480440067,8.753353436364836,0.7652019286787131
2.500000000000001,0.15619212805755847,1.096004646317796,8.597428505784874,0.6120127179874717
2.600000000000001,0.17428420071443243,1.0939305555482792,8.423447850465212,0.4418979111875798
2.700000000000001,0.19443158629395416,1.0886299068403043,8.229361881498768,0.2538495315640802
2.800000000000001,0.21679308004571363,1.0477881342531974,8.012963240252251,0.049152050799374125
2.9000000000000012,0.24074111966544093,0.8721559328577181,7.772671937892509,0.0
3.0000000000000013,0.26268031412240644,0.8720944235345514,7.510497577891342,0.0
3.1000000000000014,0.2866171059787557,0.8720222316635247,7.224451763916229,0.0
3.2000000000000015,0.3127328847028025,0.8719366673832002,6.91236685552759,0.0
3.3000000000000016,0.34122534316152525,0.8718340678210378,6.5718803761008955,0.0
3.4000000000000017,0.3723098717846616,0.8717093128432146,6.200418348478856,0.0
3.5000000000000018,0.4062210329050537,0.871555019618781,5.795177670419116,0.0
3.600000000000002,0.44321409133021494,0.8713601366623097,5.353107814557602,0.0
3.700000000000002,0.48356654782280156,0.8711073410833398,4.870892487400986,0.0
3.800000000000002,0.5275795592603117,0.8707678545796489,4.344932630868335,0.0
3.900000000000002,0.5755789838834137,0.8702901019232907,3.771333880508973,0.0
4.000000000000002,0.6279154181168605,0.8695715794917793,3.145906022012842,0.0
4.100000000000001,0.6849614989836342,0.8683754680289932,2.4641949905892053,0.0
4.200000000000001,0.7471008461961614,0.8660039679803275,1.7216143667779233,0.0
4.300000000000001,0.8146842170542206,0.8591204298265488,0.9139669815555654,0.0
4.4,0.887769926287005,0.6263210305642315,0.0405318477409542,0.0
4.5,0.9451510164178287,0.0,0.0,0.0
4.6,0.9451510164178287,0.0,0.0,0.0
4.699999999999999,0.9451510164178287,0.0,0.0,0.0
4.799999999999999,0.9451510164178287,0.0,0.0,0.0
4.899999999999999,0.9451510164178287,0.0,0.0,0.0
4.999999999999998,0.9451510164178287,0.0,0.0,0.0
5.099999999999998,0.9451510164178287,0.0,0.0,0.0
5.1999999999999975,0.9451510164178287,0.0,0.0,0.0
5.299999999999997,0.9451510164178287,0.0,0.0,0.0
5.399999999999997,0.9451510164178287,0.0,0.0,0.0
5.4999999999999964,0.9451510164178287,0.0,0.0,0.0
5.599999999999996,0.9451510164178287,0.0,0.0,0.0
5.699999999999996,0.9451510164178287,0.0,0.0,0.0
5.799999999999995,0.9451510164178287,0.0,0.0,0.0
5.899999999999995,0.9451510164178287,0.0,0.0,0.0
5.999999999999995,0.9451510164178287,0.0,0.0,0.0
6.099999999999994,0.9451510164178287,0.0,0.0,0.0
6.199999999999994,0.9451510164178287,0.0,0.0,0.0
6.299999999999994,0.9451510164178287,0.0,0.0,0.0
6.399999999999993,0.9451510164178287,0.0,0.0,0.0
6.499999999999993,0.9451510164178287,0.0,0.0,0.0
6.5999999999999925,0.9451510164178287,0.0,0.0,0.0
6.699999999999992,0.9451510164178287,0.0,0.0,0.0
6.799999999999992,0.9451510164178287,0.0,0.0,0.0
6.8999999999999915,0.9451510164178287,0.0,0.0,0.0
6.999999999999991,0.9451510164178287,0.0,0.0,0.0
7.099999999999991,0.9451510164178287,0.0,0.0,0.0
7.19999999999999,0.9451510164178287,0.0,0.0,0.0
7.29999999999999,0.9451510164178287,0.0,0.0,0.0
7.39999999999999,0.9451510164178287,0.0,0.0,0.0
7.499999999999989,0.9451510164178287,0.0,0.0,0.0
7.599999999999989,0.9451510164178287,0.0,0.0,0.0
7.699999999999989,0.9451510164178287,0.0,0.0,0.0
7.799999999999988,0.9451510164178287,0.0,0.0,0.0
7.899999999999988,0.9451510164178287,0.0,0.0,0.0
7.999999999999988,0.9451510164178287,0.0,0.0,0.0
8.099999999999987,0.9451510164178287,0.0,0.0,0.0
8.199999999999987,0.9451510164178287,0.0,0.0,0.0
8.299999999999986,0.9451510164178287,0.0,0.0,0.0
8.399999999999986,0.9451510164178287,0.0,0.0,0.0
8.499999999999986,0.9451510164178287,0.0,0.0,0.0
8.599999999999985,0.9451510164178287,0.0,0.0,0.0
8.699999999999985,0.9451510164178287,0.0,0.0,0.0
8.799999999999985,0.9451510164178287,0.0,0.0,0.0
8.899999999999984,0.9451510164178287,0.0,0.0,0.0
8.999999999999984,0.9451510164178287,0.0,0.0,0.0
9.099999999999984,0.9451510164178287,0.0,0.0,0.0
9.199999999999983,0.9451510164178287,0.0,0.0,0.0
9.299999999999983,0.9451510164178287,0.0,0.0,0.0
9.399999999999983,0.9451510164178287,0.0,0.0,0.0
9.499999999999982,0.9451510164178287,0.0,0.0,0.0
9.599999999999982,0.9451510164178287,0.0,0.0,0.0
9.699999999999982,0.9451510164178287,0.0,0.0,0.0
9.799999999999981,0.9451510164178287,0.0,0.0,0.0
9.89999999999998,0.9451510164178287,0.0,0.0,0.0
9.99999999999998,0.9451510164178287,0.0,0.0,0.0
10.09999999999998,0.9451510164178287,0.0,0.0,0.0
10.19999999999998,0.9451510164178287,0.0,0.0,0.0
10.29999999999998,0.9451510164178287,0.0,0.0,0.0
10.399999999999979,0.9451510164178287,0.0,0.0,0.0
10.499999999999979,0.9451510164178287,0.0,0.0,0.0
10.599999999999978,0.9451510164178287,0.0,0.0,0.0
10.699999999999978,0.9451510164178287,0.0,0.0,0.0
10.799999999999978,0.9451510164178287,0.0,0.0,0.0
10.899999999999977,0.9451510164178287,0.0,0.0,0.0
10.999999999999977,0.9451510164178287,0.0,0.0,0.0
11.099999999999977,0.9451510164178287,0.0,0.0,0.0
11.199999999999976,0.9451510164178287,0.0,0.0,0.0
11.299999999999976,0.9451510164178287,0.0,0.0,0.0
11.399999999999975,0.9451510164178287,0.0,0.0,0.0
11.499999999999975,0.9451510164178287,0.0,0.0,0.0
11.599999999999975,0.9451510164178287,0.0,0.0,0.0
11.699999999999974,0.9451510164178287,0.0,0.0,0.0
11.799999999999974,0.9451510164178287,0.0,0.0,0.0
11.899999999999974,0.9451510164178287,0.0,0.0,0.0
11.999999999999973,0.9451510164178287,0.0,0.0,0.0
12.099999999999973,0.9451510164178287,0.0,0.0,0.0
12.199999999999973,0.9451510164178287,0.0,0.0,0.0
12.299999999999972,0.9451510164178287,0.0,0.0,0.0
12.399999999999972,0.9451510164178287,0.0,0.0,0.0
12.499999999999972,0.9451510164178287,0.0,0.0,0.0
12.599999999999971,0.9451510164178287,0.0,0.0,0.0
12.69999999999997,0.9451510164178287,0.0,0.0,0.0
12.79999999999997,0.9451510164178287,0.0,0.0,0.0
12.89999999999997,0.9451510164178287,0.0,0.0,0.0
12.99999999999997,0.9451510164178287,0.0,0.0,0.0
13.09999999999997,0.9451510164178287,0.0,0.0,0.0
13.199999999999969,0.9451510164178287,0.0,0.0,0.0
13.299999999999969,0.9451510164178287,0.0,0.0,0.0
13.399999999999968,0.9451510164178287,0.0,0.0,0.0
13.499999999999968,0.9451510164178287,0.0,0.0,0.0
13.599999999999968,0.9451510164178287,0.0,0.0,0.0
13.699999999999967,0.9451510164178287,0.0,0.0,0.0
13.799999999999967,0.9451510164178287,0.0,0.0,0.0
13.899999999999967,0.9451510164178287,0.0,0.0,0.0
13.999999999999966,0.9451510164178287,0.0,0.0,0.0
