bnumber,gene_name,essential,gnn,fba_min_frac,fba_rich_frac,fba_min,fba_rich,cnn,kmer,ensemble,description,consensus
b3793,wzyE,1,0.40707716,0.999999999999998,1.0000000000000009,1.9984014443252818e-15,-8.881784197001252e-16,0.27096,0.4874627154859167,0.2920245311513986,Putative ECA polymerase,0.19957354074866102
b4054,tyrB,1,0.30739033,1.0,1.000000000000001,0.0,-1.1102230246251563e-15,0.28655145,0.4945355138920032,0.2733712326624252,Aromatic-amino-acid aminotransferase (EC 2.6.1.57),0.2018937858078218
b1900,araG,1,0.32853448,0.9999999999999996,1.000000000000001,4.440892098500626e-16,-1.1102230246251563e-15,0.29481566,0.4933519345827411,0.2819275174736112,L-arabinose transport ATP-binding protein araG,0.20634608335995974
b1485,yddQ,1,0.408254,1.000000000000007,1.000000000000001,-7.105427357601002e-15,-1.1102230246251563e-15,0.35306105,0.4792459140863578,0.33295863331366,Hypothetical ABC transporter permease protein yddQ,0.21007845796739896
b2923,yggA,1,0.25742513,1.000000000000004,1.0000000000000009,-3.996802888650564e-15,-8.881784197001252e-16,0.5112445,0.4690117164273001,0.3759839699688295,Hypothetical protein yggA,0.21271673188105983
b0886,cydC,1,0.39977452,0.9999999999999974,1.0,2.55351295663786e-15,0.0,0.29734114,0.4910030425154986,0.3039644019704528,Transport ATP-binding protein cydC,0.2160579337983501
b1442,ydcU,1,0.46665657,0.9999999999999956,1.0000000000000018,4.440892098500626e-15,-1.7763568394002505e-15,0.42166454,0.4705431720024747,0.4017439384332707,Hypothetical ABC transporter permease protein ydcU,0.22608011917902154
b0635,mrdA,1,0.30460426,0.9999999999999976,0.9999999999999998,2.4424906541753444e-15,2.220446049250313e-16,0.31105825,0.5017295487903768,0.3019184265442395,Penicillin-binding protein 2,0.22727490608208117
b0972,hyaA,1,0.44843802,1.0000000000000029,1.000000000000003,-2.886579864025407e-15,-3.1086244689504387e-15,0.34155375,0.4868321259392104,0.3621115815133375,Hydrogenase-1 small chain precursor (EC 1.18.99.1),0.2320035769328173
b0887,cydD,1,0.43627757,1.0000000000000016,1.0000000000000018,-1.5543122344752194e-15,-1.7763568394002505e-15,0.3647809,0.4845275803804069,0.3491502447289802,Transport ATP-binding protein cydD,0.2325035153488754
