bnumber,essential,v2_lr,false_priority_top100,umap_x,umap_y,cluster,pyod_score
b0002,0,0.0574632960286659,False,-1.724372,2.4380379,6,5.210018581563291
b0004,0,0.4866392871134136,False,-1.9937496,-0.08050758,1,3.506571563543586
b0007,0,0.1242406359640677,False,1.7319504,8.113115,3,3.2570685177475864
b0008,0,0.8207972535140535,True,-2.8021824,3.0661316,6,3.4284431460175586
b0009,1,0.9558495716289338,False,8.8912525,-0.3643332,0,3.8622449842205198
b0019,0,0.1459551818263968,False,1.7017307,7.417824,3,1.8366527940873338
b0025,1,0.8545929369021293,False,8.743027,0.026651759,0,4.0829509999222715
b0026,1,0.519892762920151,False,-3.069815,2.2592502,6,3.7908331221037934
b0029,1,0.891790971733889,False,9.048331,0.062763736,0,3.556631208867534
b0030,0,0.2650341896430638,False,-3.576319,5.487416,6,3.4516412691386447
b0031,1,0.6953144577537922,False,-1.0530267,0.111437835,1,3.1858231964521315
b0032,0,0.3216559072740823,False,-2.4715872,3.7918272,6,2.907943552677956
b0033,0,0.2273733698621891,False,-1.8602371,3.1564236,6,3.5295579246698425
b0036,0,0.2823598002971608,False,-4.7526546,6.2909307,9,2.282062302836674
b0037,0,0.1219450732421415,False,-4.5256004,6.75221,9,2.8054246054837138
b0038,0,0.3211578320602508,False,-4.6595535,3.2564244,6,2.975227326712831
b0040,0,0.1162658363701547,False,0.7084174,8.405079,3,2.769815863785744
b0047,0,0.2357406075041493,False,1.1502202,7.1408634,3,2.8483632009853297
b0048,1,0.6941335324852852,False,-3.1502683,4.6540947,6,3.2255331973650456
b0049,0,0.689518497561758,True,-2.9921696,4.807346,6,3.119999074422515
b0052,0,0.5868758404098007,False,-1.3718042,-0.049466923,1,3.5594594219628424
b0061,0,0.2331348589569174,False,-6.167065,4.9370594,7,2.4844192624871915
b0062,0,0.1151021885899271,False,-7.3644094,4.777343,7,2.0205004538653144
b0063,0,0.1175571931476308,False,-4.490285,6.579504,9,2.4996848295115153
b0066,0,0.3822126828414513,False,-1.974055,7.8615155,4,3.074443100961506
b0067,0,0.2133336994793249,False,0.7628204,7.238585,3,2.981822319114107
b0068,0,0.6218280759308341,False,-4.2713523,7.4824395,8,3.0563650350415514
b0070,0,0.1513175076593281,False,1.7742763,7.8858852,3,2.3955416488739587
b0071,0,0.5846034585740776,False,-1.523396,-0.58610106,1,3.725179342005783
b0072,0,0.2505738404548804,False,-2.0734537,-0.13153788,1,3.5267791088865876
b0073,0,0.6376958519035755,False,-1.4119245,0.06279212,1,3.545016974690004
b0074,0,0.4481224019009567,False,-1.7942064,0.21720533,1,4.158774961906108
b0077,0,0.2441192293072539,False,-2.2111163,4.077006,6,3.0059024868120927
b0078,0,0.5413156541270755,False,-3.1165223,4.4566846,6,3.6541669235156844
b0084,1,0.2568397268612756,False,-1.2534857,4.6890955,-1,3.7057371915623145
b0085,1,0.6524504557816698,False,-1.7506351,0.015730035,1,3.526420682144066
b0086,0,0.9310096011649605,True,8.529713,0.089873455,0,4.7078967760741275
b0087,0,0.8328201954058279,True,9.007478,0.1456688,0,4.636435898034384
b0088,1,0.671386519535273,False,-1.6035882,0.05538256,1,3.3317222386413294
b0090,1,0.9455549739996248,False,8.433488,0.07212809,0,4.418531271653519
b0091,1,0.6081407260733388,False,-1.6217815,-0.008840051,1,3.6744933455642004
b0092,1,0.4945930774732062,False,-3.7672467,2.6366951,6,3.4561214761254697
b0099,0,0.601683862716791,False,-5.5969777,4.867104,-1,3.3368893551355847
b0103,1,0.9732765597227804,False,8.709805,-0.25380728,0,4.061781191223122
b0104,0,0.5612796725115874,False,-2.6825802,4.763832,6,2.8548737156460637
b0109,0,0.5488923816672441,False,-1.6279299,-0.6817403,1,3.060830037411007
b0110,0,0.2981780739069511,False,-5.240785,3.3893576,6,3.430327062634294
b0112,0,0.1647775799548527,False,1.3467722,7.527589,3,1.895004734476743
b0114,0,0.4093620733565517,False,-1.9795015,3.1990228,6,3.473074449657597
b0115,1,0.5366422813476841,False,-1.979355,3.142481,6,3.604011892878107
b0116,1,0.7878968810118578,False,-2.2928612,2.9148011,6,5.443893127170151
b0118,0,0.43927988857431,False,-2.0936556,3.4701254,6,3.8241106095339714
b0120,0,0.3174487062566414,False,-6.4593563,4.9012175,7,2.198039903630158
b0121,0,0.3517655588219059,False,-4.345851,4.177713,-1,4.671630220841546
b0123,0,0.1920331623641176,False,-5.21765,2.818786,6,2.8836163606058545
b0124,0,0.2905960575167714,False,-1.4073827,5.232563,6,3.2774595146925947
b0125,0,0.758435352916344,True,-3.0626073,3.3031538,6,3.4590326044213975
b0126,1,0.3254686263990177,False,-5.9644084,5.0763,7,2.5415511476903268
b0131,0,0.845635159634796,True,-1.3693122,-0.18892014,1,4.073624595240593
b0133,0,0.8043475615896881,True,-1.1976833,-0.15026149,1,3.2060565163543013
b0134,0,0.7332303121450869,True,-1.4772327,-0.26058397,1,3.5114396327797377
b0142,1,0.974962140166274,False,8.943989,-0.3500015,0,3.840669207915428
b0149,0,0.1665335406486928,False,-1.3018007,4.7337317,6,4.040204424899399
b0150,0,0.1749889605868382,False,0.94395113,7.374055,3,3.848191388218485
b0151,0,0.3768920620503521,False,0.59814227,3.2691,2,3.4501379759293154
b0152,0,0.4676519449612371,False,-4.022161,7.5851417,8,2.7264752245213146
b0153,0,0.2572527948104085,False,0.819166,3.4294474,2,4.296976776997674
b0154,1,0.9455868816808904,False,8.678302,0.0018483766,0,3.636986243684718
b0155,0,0.1159758213255389,False,1.927565,7.4745336,3,2.07492764767618
b0158,0,0.5310576698875589,False,-3.994883,7.5957,8,2.722024809451412
b0159,1,0.9280190185451156,False,8.992043,-0.13000958,0,3.860581215874952
b0160,0,0.3887189862377351,False,-2.1810224,4.5633416,6,2.8475389121692136
b0166,1,0.858275853244364,False,-1.0841657,0.0063130343,1,3.3187461735360646
b0171,1,0.928148939599164,False,-2.5530822,3.2141142,6,4.282043108598629
b0173,1,0.7141931595385315,False,9.020532,0.10299085,0,3.6390752612494772
b0174,1,0.957768942877851,False,8.753451,0.09782269,0,3.556631208867534
b0175,1,0.7481150930039391,False,9.110172,-0.033835284,0,4.895256815481156
b0180,1,0.963590330418762,False,-1.2226338,-0.4043183,1,4.28975261698172
b0181,1,0.8365053698269725,False,-1.2332009,-0.38646805,1,3.3317222386413294
b0182,1,0.571256995522854,False,-1.6024479,-0.6487193,1,3.244488603580153
b0185,1,0.8143553246339047,False,-1.4870276,-0.11898769,1,4.142964178442472
b0186,0,0.060156777419805,False,-7.3450117,5.132148,7,2.506498812267945
b0194,1,0.8356333471261657,False,-3.1958795,2.2124288,6,3.5979091870478177
b0197,0,0.698278436665938,True,0.45937845,3.1756015,2,3.8489413985958425
b0198,0,0.3906233641506415,False,0.7915291,3.424073,2,3.3810206778424234
b0199,0,0.5372708386972731,False,0.51501936,3.2125967,2,3.5182817014532497
b0200,0,0.5032969956253188,False,-5.263842,3.5822709,6,2.9905273196544195
b0207,0,0.7633932767068626,True,-4.774128,4.2590623,6,4.539276823527778
b0212,0,0.214190305017945,False,-6.4794617,5.0448184,7,2.050412758735175
b0221,0,0.1153661628638619,False,-7.4983387,4.5253825,7,2.783587391355745
b0222,0,0.5792192777317279,False,-5.2340703,3.5776682,6,3.0515142967050792
b0237,0,0.118031692472212,False,-7.409243,4.5116267,7,2.732200456169382
b0241,0,0.2642285151142954,False,-1.6213635,7.631788,4,4.288411684919662
b0242,0,0.6011431363414284,False,-4.5016565,3.2123775,6,3.1926631818378253
b0243,0,0.657652159684021,False,-4.2672925,2.8845673,6,3.1470678160754892
b0260,0,0.119317501745486,False,0.6585146,8.396576,3,2.698434175727764
b0261,0,0.2589658750785314,False,-2.4740338,4.435338,6,2.755978448534123
b0273,0,0.3984941612610402,False,-4.3722644,3.1673694,6,2.9247169672983055
b0306,0,0.2531905764121243,False,-5.5178723,6.249623,9,3.722051252782601
b0307,0,0.1602960692511489,False,-5.1612887,6.8019733,9,3.8868730060180416
b0308,0,0.3017803315514689,False,-5.382884,5.99548,9,3.506349827100981
b0311,0,0.1664651464879447,False,-1.6823592,5.0233083,6,3.578020349603038
b0312,0,0.1563063847106358,False,-2.0771194,4.5926957,6,2.911662320110447
b0314,0,0.0970016908046805,False,1.0195236,7.9465075,3,2.2731950757659813
b0323,0,0.4059751829165158,False,-3.323196,5.4207444,6,4.050373210543199
b0331,0,0.2684464891332107,False,-6.8908076,4.1869683,7,3.008329522874133
b0333,0,0.4207517690100795,False,-2.485886,3.7669914,6,3.638516083584588
b0334,0,0.21347186035803,False,-4.3730917,6.090529,9,2.7900246160736804
b0336,0,0.0950514911082738,False,0.3256444,8.494691,3,2.8729093413450055
b0337,0,0.1514508281585836,False,-2.1220086,4.428366,6,2.8091671010855452
b0339,0,0.2041276538573583,False,-6.0539336,5.1482115,7,2.6708736533055495
b0340,1,0.3412649868501184,False,-5.048978,5.5785875,9,2.817998054895917
b0341,0,0.1023362498506407,False,0.84404904,8.252614,3,2.7049150291327275
b0343,0,0.0816395485684095,False,1.5126029,7.277597,3,2.5767872414518074
b0344,0,0.1493679837165518,False,-1.7319177,2.2807508,6,5.309012177237712
b0347,0,0.1272048086723287,False,-7.2729354,5.1530147,7,2.433394662100391
b0348,0,0.1488559743088606,False,-4.6077933,6.2452865,9,2.2874834488452644
b0349,0,0.2227900222931962,False,-4.673559,6.343182,9,2.4036350730559968
b0350,0,0.1869863983611314,False,-6.4313064,4.7543025,7,2.6229350203998743
b0351,0,0.1359125893030479,False,-3.78708,6.107649,9,3.6332641543862065
b0352,0,0.2604592395577742,False,-4.3088784,6.3498797,9,2.657446217697858
b0353,0,0.1535677841867899,False,1.8609499,7.5314045,3,2.045258606895837
b0355,0,0.2013264462227199,False,-4.9531083,6.3649287,9,2.4020934732530512
b0356,0,0.3748172556665629,False,-3.6011627,2.8882258,6,4.859069100595293
b0365,0,0.5513252717060865,False,-4.3913918,7.777562,8,2.8886352755530873
b0366,0,0.4474698192329849,False,-2.0992854,7.7534604,4,2.8269929344444678
b0367,0,0.2672204377546746,False,-0.61978817,8.151347,5,2.544528894571359
b0368,0,0.1597017156706522,False,-6.3724046,4.9850497,7,2.2393877056379643
b0369,1,0.9351927157718828,False,8.841991,0.026743643,0,3.199255696855566
b0381,0,0.4031823608419351,False,-3.8829763,2.6668026,6,3.5444926783120634
b0383,0,0.2248475741905917,False,-2.0061762,4.052871,6,2.864823269709116
b0386,1,0.8075146102037135,False,-1.0390699,0.10255148,1,3.8351364165846045
b0388,0,0.5523326867363425,False,-5.1287518,3.4740434,6,3.091076944546489
b0394,0,0.1882157848100557,False,-4.3735113,6.300352,9,2.495936649624166
b0401,0,0.1456377558007799,False,1.8750163,7.4254284,3,2.0033341914833844
b0403,0,0.2490817496311527,False,-4.7806144,3.0971763,6,3.200270243138615
b0404,0,0.5317280061822833,False,-3.560113,5.0639954,6,3.4405524909991687
b0411,0,0.4814149734133118,False,-2.0494006,7.875234,4,2.8008291404894496
b0414,1,0.8930471177983389,False,8.646209,0.07828615,0,6.246984047142651
b0415,1,0.9619563276648369,False,8.868479,-0.42220783,0,4.092761930843999
b0417,1,0.8815049247730783,False,8.977593,-0.10685472,0,3.3577077164527496
b0418,1,0.2425825472411759,False,-5.985697,4.47128,-1,3.5792086961893133
b0420,1,0.8159113822916191,False,8.849738,0.18897262,0,3.529020383379094
b0421,1,0.93289243070469,False,8.773909,-0.04982029,0,4.0103779740220675
b0423,0,0.8271169315729328,True,-1.1863754,-0.30852586,1,4.192356873583925
b0425,0,0.7189938631468622,True,-3.8659565,3.3638086,6,3.0078887673546295
b0428,0,0.6041171209114458,False,-1.9837681,6.1205063,6,4.027855491298328
b0429,1,0.6908836852905494,False,-2.0617576,5.5729322,6,3.832920073663863
b0430,0,0.5602033483475233,False,-1.9938476,5.551619,6,3.4162411548183402
b0431,0,0.1816426354729046,False,-1.0334865,5.5855117,6,4.019524284422294
b0432,0,0.5770959986955144,False,-1.8675163,5.5833426,6,3.218288523518644
b0433,0,0.0926079275655691,False,1.2927935,7.2354007,3,2.4569818419514093
b0444,0,0.4967277521089268,False,-3.4674475,4.7514772,6,3.1018085150091332
b0446,0,0.2158637158549033,False,-6.4948297,5.166129,7,3.24889648116432
b0451,0,0.2321732715804222,False,0.4271563,7.557048,-1,2.535210346756792
b0452,0,0.3211115189723744,False,-4.768756,6.2319217,9,2.15232777631465
b0459,0,0.2886148017842717,False,-5.955553,5.485789,7,3.5770785884202825
b0462,0,0.159776151323083,False,0.8994936,7.578827,3,3.087713643710845
b0463,0,0.3353556883191627,False,-1.3453125,7.114622,4,3.135981978575874
b0469,1,0.82114237234564,False,-3.3857098,3.403242,6,3.6497594442048538
b0474,1,0.9679563010167196,False,-1.2121226,2.8325882,6,6.307694029705895
b0475,1,0.9264392118126668,False,8.737344,-0.2786481,0,4.246849008906333
b0477,0,0.3173205746309366,False,-2.1263454,4.4521394,6,2.5979503306046654
b0480,0,0.1288026743715685,False,-1.951698,3.4740312,6,3.1000734482464263
b0484,0,0.3509015227905707,False,0.594771,6.8440685,-1,5.2282336966283065
b0485,0,0.154385950019318,False,-3.8608012,6.1908145,9,2.989255668806396
b0494,0,0.0811420056993681,False,-4.507533,5.1414037,-1,5.925735426190553
b0505,1,0.3623011273339888,False,-3.5760176,4.555848,6,2.9766688739939497
b0507,0,0.1405647377932372,False,-7.3612647,4.5839014,7,2.1341969535783587
b0508,0,0.2079948543494512,False,-4.7014837,6.1677136,9,2.0952546812382016
b0509,0,0.180544419028122,False,-4.989817,6.4418316,9,2.0848879047952127
b0511,0,0.0939789028753519,False,1.1197497,8.140701,3,2.46515862676296
b0512,0,0.3198386745124453,False,-1.9148691,4.3589487,6,2.8032168878823085
b0514,0,0.0917834742237546,False,-7.0932636,4.849334,7,2.524681385618616
b0516,0,0.563449964430266,False,-3.7380347,2.581174,6,3.118532462673133
b0517,0,0.5768667268018364,False,-3.8957312,3.2588918,6,3.351170966389283
b0521,1,0.629246544627347,False,-3.8138053,3.382863,6,3.5108221408300215
b0522,0,0.5933515912357168,False,-1.6540769,-0.6925498,1,3.3015668403005702
b0523,0,0.7120762541205192,True,-1.5167848,-0.65103185,1,3.4464310676441907
b0524,1,0.7971836787114648,False,-1.4748749,-0.17727628,1,3.8605273896922787
b0526,1,0.745439522998253,False,-3.3561525,2.3493125,6,3.310934510313826
b0529,0,0.639355968084088,False,-2.75332,4.319246,6,3.573589333569764
b0572,0,0.1942752663365749,False,-1.3533717,7.1666617,4,2.9022955309147287
b0573,0,0.387666226680132,False,-5.0615973,5.394363,9,3.6692894209490823
b0574,0,0.2552855263576392,False,-4.6737595,6.833856,9,2.494561412981542
b0575,0,0.0913996364948307,False,0.938876,7.6553984,3,2.4965129405353204
b0576,0,0.2785167446033014,False,1.9791505,7.5712547,3,2.1187400639439478
b0578,0,0.4260021910322732,False,-5.559217,4.927237,-1,4.388602248585776
b0583,0,0.4461100053643476,False,-2.3532417,4.941613,6,3.707637275075386
b0584,0,0.2521785442339732,False,-1.4177715,7.1429873,4,3.0506281400499846
b0585,0,0.2950805891350289,False,-4.457532,3.0623899,6,2.937140074767798
b0586,0,0.3784908857308787,False,-2.7785625,2.3750303,6,4.847713065311056
b0588,0,0.4686465960820727,False,-1.9269145,7.674396,4,2.6054880026518044
b0590,0,0.2858057716934508,False,-0.6333207,8.10196,5,2.228660604266847
b0592,1,0.3165591306492321,False,-4.0704613,7.7484403,8,2.9751886376804184
b0593,0,0.203536513808711,False,-2.1102517,3.8838894,6,2.841092317352198
b0594,0,0.1755306502964702,False,-1.8897862,6.841305,4,3.1147154359338307
b0595,0,0.3959917580384812,False,-4.67133,2.7687082,6,3.3576956696756928
b0596,0,0.2625756195515212,False,-4.5809,6.0722947,9,2.5528236467623096
b0604,0,0.5043912544635961,False,-5.028104,6.651681,9,3.5071975480137
b0612,0,0.0615258366950749,False,0.92077637,8.176072,3,3.205961070710463
b0613,0,0.0922828025766546,False,-5.5534463,6.3214574,9,3.186558857336031
b0614,0,0.1349925127585245,False,-5.542622,6.2608137,9,3.5271619470616944
b0615,0,0.3298416429471899,False,-4.8464303,3.1421483,6,3.916732922994206
b0616,0,0.3343328027708249,False,-5.3375015,3.095546,6,3.292741468658291
b0617,0,0.420265015522029,False,-4.982453,4.1488333,6,4.026842945392298
b0621,0,0.0918439884971494,False,1.5542021,7.703953,3,2.0367799877845
b0622,0,0.6037253988108113,False,-2.0853693,5.5871983,6,3.2238229757588224
b0628,0,0.6287145228375736,False,-5.1202955,3.2209873,6,2.832177865980892
b0630,0,0.6153222205677591,False,-4.7839103,3.7529926,6,2.8764787941334475
b0632,0,0.5905378630501273,False,-3.5579355,2.9558399,6,3.8017355689872723
b0635,1,0.3198118708658988,False,-1.2871058,4.802291,6,3.419613704631016
b0638,0,0.4627052708740636,False,-3.5464487,5.080015,6,3.1195599944199093
b0639,0,0.6524256106157519,False,-1.5602134,-0.59424776,1,3.423474693561518
b0642,1,0.6561844181631225,False,-3.145136,2.196225,6,4.122885209857387
b0650,0,0.5648097269995564,False,-4.8013067,2.8078222,6,3.8148049290899695
b0651,0,0.3666238813168216,False,-3.5966537,5.537366,6,3.3069945468271196
b0652,1,0.5509814081272866,False,-2.007041,7.79417,4,3.6419729284594484
b0653,1,0.4771455142117901,False,-1.2048465,7.991905,5,3.307939078096902
b0654,0,0.5521035927163818,False,-0.8785337,8.074465,5,2.837754910338916
b0655,0,0.7000196112074688,True,-3.973135,7.8494606,8,2.6051961208693037
b0662,0,0.4158476467008636,False,-3.71995,2.6936376,6,3.1920658218933875
b0674,0,0.2814256040511708,False,-4.3349433,6.817966,9,2.8829954485252367
b0677,0,0.1341940264558156,False,-7.2683597,4.732493,7,2.096225115731528
b0678,0,0.3935458308971568,False,-4.6912007,6.284907,9,2.4678851720746855
b0679,0,0.1191199870063456,False,0.5364278,6.826747,-1,4.532598224812298
b0680,1,0.8515908420359515,False,-1.0374726,2.7437313,-1,4.726041255010389
b0684,0,0.6846914939905608,True,-5.403687,5.3481765,-1,3.8030012853599824
b0688,0,0.3433713756604029,False,-2.2968495,2.8414617,6,3.93301395156394
b0692,0,0.1961948751769669,False,1.3154256,7.533845,3,1.9225359068986336
b0693,0,0.0650375847308336,False,-7.373337,5.194558,7,2.642938145126423
b0697,0,0.2465157601615024,False,0.7655059,3.3744404,2,4.17684236231786
b0698,0,0.2735589178349193,False,0.8454684,3.396624,2,3.90199464265108
b0709,0,0.1958694953825968,False,1.7952031,8.080462,3,2.7880387352443536
b0720,0,0.3567964916063489,False,-1.573854,2.553243,6,5.201957306108221
b0721,0,0.6033122756090659,False,-2.8904674,4.060444,6,4.550586351934706
b0722,0,0.5294413338197581,False,-3.0098217,4.2588043,6,4.4723396739795565
b0723,0,0.4723532609763302,False,-2.348973,2.7294981,6,3.843980633796002
b0724,0,0.4651058504433074,False,-2.6599348,3.7371325,6,3.817916998886885
b0726,1,0.2390693426311024,False,-1.8032656,2.9801688,6,3.353101763273745
b0727,1,0.6537523944518058,False,-2.0480475,3.2076316,6,3.3227946383093703
b0728,0,0.4673500518324961,False,-1.820913,2.9522524,6,3.481514906420213
b0729,0,0.6757241959508751,True,-2.4444206,3.5849388,6,3.5137449347345826
b0731,0,0.1646241554025342,False,0.55934066,6.8651266,-1,2.9439237976998425
b0732,0,0.163099825979166,False,-7.3918204,5.2724795,7,3.4446504702693157
b0733,1,0.3214651980995031,False,-1.3229915,5.3678746,6,3.3165294985449907
b0734,1,0.3184295424216212,False,-1.3533094,5.3802524,6,3.2586704181460546
b0736,1,0.8756226277796444,False,-4.8417177,4.095283,6,3.9067204926583385
b0750,0,0.7164384591847625,True,-1.7234209,-0.060920622,1,3.5359411071982767
b0751,0,0.1520646670406731,False,-0.17273927,8.307724,5,3.031828515465741
b0752,0,0.1461951415950921,False,0.046432786,7.8455963,3,2.902556535266908
b0754,0,0.5051979779690917,False,-4.4521623,3.282053,6,2.9899507549879125
b0755,0,0.8767722162988002,True,-2.4884717,3.5178506,6,4.375110660749018
b0756,0,0.5455318724113288,False,-3.80445,3.3300729,6,3.230679626182388
b0757,0,0.6301490277573124,False,-4.446926,3.151317,6,2.9112716997389305
b0758,0,0.1885998790888962,False,-6.954284,4.8556876,7,2.3283403712285122
b0759,0,0.4071727174148987,False,-6.826762,4.5731735,7,2.502125142687013
b0763,0,0.5727270956195022,False,-3.9938076,7.650185,8,2.599042292216676
b0764,0,0.3427389295264552,False,-1.1641546,8.258688,5,3.0317716056334456
b0765,0,0.5074856059495328,False,-2.0574648,7.6566224,4,2.791654670714022
b0766,1,0.1846727312460621,False,-6.144463,4.9462895,7,3.2318524682201715
b0767,0,0.3860997256852679,False,-3.0514133,5.231853,6,3.0677590282634037
b0774,0,0.5469962290168954,False,-1.7635779,-0.04619116,1,4.042581678967063
b0775,0,0.4454474605868409,False,-1.8515233,-0.56228304,1,3.420603409039584
b0776,0,0.2971546351698057,False,-1.9846113,-0.40426233,1,3.8020527980380394
b0777,0,0.5523312979576851,False,-1.7055871,-0.6821818,1,3.7985015595657297
b0778,0,0.7131172215790557,True,-1.4358661,-0.2020049,1,3.5593030191336634
b0781,0,0.8648985582996933,True,8.936472,0.122515544,0,3.4067143021487145
b0783,0,0.959766606301167,True,8.929721,-0.33488256,0,3.486849267329642
b0784,0,0.9693108798342772,True,8.999682,-0.39703336,0,5.145072003356568
b0785,0,0.968518202154274,True,8.998436,-0.3113573,0,3.9565487676519306
b0789,0,0.1834985745628672,False,-1.6469141,6.8310223,4,2.542441265039744
b0805,0,0.1770802344609573,False,-1.3337446,7.1571565,4,3.019594026317442
b0809,0,0.6412039252911552,False,-2.1139574,7.9143558,4,3.0874889870108304
b0810,1,0.4007938553379064,False,-1.0080206,8.246555,5,2.4815213319784064
b0811,0,0.6858189740462216,True,-3.962333,7.838927,8,2.880007930077689
b0813,0,0.1869916330316761,False,1.2602723,7.850879,3,2.2516115890670627
b0822,0,0.2248662616770246,False,-6.516607,5.250696,7,3.1485024036740117
b0825,0,0.6194068683449165,False,-4.8257933,3.6849222,6,3.062760786932319
b0826,0,0.8385515323427813,True,9.087968,-0.07601058,0,3.5932171270689808
b0827,0,0.6877093165405387,True,8.838303,0.26466534,0,3.584106427909705
b0828,0,0.2155072566602972,False,-4.21933,6.2635455,9,2.3281058363990534
b0829,0,0.2740427343034308,False,-1.7899456,7.3583164,4,3.0791043070552697
b0830,0,0.4504170652879168,False,-4.2339907,7.84126,8,2.5273161876511483
b0831,0,0.2297828849307875,False,-0.7761151,8.269234,5,2.4583384604058063
b0832,0,0.162536163215693,False,-1.0441895,8.275062,5,3.0523717795374914
b0837,0,0.1139272925329017,False,-6.7162857,4.888425,7,3.4730582676232697
b0839,0,0.3039889156135759,False,-1.7751362,5.7815423,6,2.991948094891446
b0841,0,0.3897660894908694,False,-2.0306575,6.0574446,6,3.5163986913288405
b0842,0,0.2397007683809991,False,1.1521475,7.1722374,3,2.582130801801776
b0854,0,0.5319303700947511,False,-4.21851,7.557264,8,2.249603808904073
b0855,0,0.3601035768180713,False,0.616385,3.293861,2,3.255985470062289
b0856,0,0.4427923027467897,False,0.77749175,3.3988369,2,3.2356119027782113
b0857,0,0.3932715028560641,False,0.81441057,3.4689238,2,3.1583612519159265
b0860,0,0.5264289504644073,False,-4.0887814,7.8947053,8,2.2744696388743777
b0861,0,0.3855039238219278,False,-0.6644752,8.161718,5,2.627048544449738
b0862,0,0.3369142625159152,False,-0.6152327,8.142763,5,2.4954734421348954
b0863,0,0.6177472805229999,False,-4.200301,7.899067,8,3.0387493846500453
b0864,0,0.5337635722697844,False,-1.9160863,7.8367214,4,2.6870495952382734
b0870,0,0.2046415626895324,False,-7.212093,5.1697288,7,2.6103898925646805
b0871,0,0.4522473044643386,False,-2.8390598,2.4596004,6,3.9974735654969353
b0875,0,0.4467686622004206,False,1.7022082,7.559449,3,3.922940371197707
b0886,1,0.2735165607035988,False,0.74280494,3.320197,2,3.337725289751967
b0887,1,0.2060652178625959,False,0.6659034,3.2920182,2,3.279437564660279
b0888,0,0.4717809541359099,False,-4.5405526,2.4441693,-1,4.49115269125468
b0893,1,0.8671285421150183,False,-3.2043695,2.253979,6,3.4506164781342865
b0894,0,0.2748047596511847,False,-5.4080606,2.607973,6,3.2139760379565874
b0895,0,0.3423093395023038,False,-6.135345,5.1162376,7,2.7580951493506833
b0896,0,0.2457275477567823,False,-0.42954051,7.9388213,5,2.529850515414581
b0902,0,0.5605777195577913,False,-5.321005,3.2994025,6,3.290432034995356
b0903,0,0.2503732598788889,False,-2.3046603,2.8214023,6,4.803307124553796
b0904,0,0.2647476800139557,False,0.0383876,7.715906,-1,2.469283140865368
b0907,0,0.7926008582163276,True,-1.5640695,0.18302168,1,3.994156668784546
b0908,0,0.8954964447814383,True,8.530489,0.08999767,0,4.330736863221358
b0910,1,0.850029318862632,False,-3.583451,3.6767232,6,3.5209761515360727
b0914,1,0.8813180722088153,False,0.8046496,3.017464,2,6.115635896140103
b0915,1,0.5283362873346326,False,-1.6087177,-0.6798104,1,3.1397702804548824
b0918,1,0.7127616836265399,False,-1.2466534,0.04074141,1,3.8873040628932753
b0928,0,0.2536931828412943,False,-2.0004873,2.578014,6,5.117663710310959
b0929,0,0.0673389994954603,False,0.15827258,6.667057,-1,6.319218198566875
b0930,1,0.7660016473678897,False,-3.3070586,2.3093846,6,3.3423797923836758
b0931,0,0.3540206569143584,False,-2.7075744,5.0069785,6,2.7023700091181504
b0932,0,0.4626985226632903,False,-5.3342175,2.5117886,6,3.595733781907147
b0933,0,0.3782150183731408,False,-2.0805478,7.767855,4,2.795623100596979
b0934,0,0.2826208604840594,False,-0.545242,8.227644,5,2.637529048936804
b0935,0,0.2124578057347203,False,-4.39668,6.3359914,9,2.077198043618501
b0936,0,0.3935904794861505,False,-4.358302,7.7112412,8,2.7977699419439364
b0937,0,0.4491934419519048,False,-3.549681,4.922418,6,2.899253621814354
b0945,0,0.4575673371930239,False,-1.9413098,4.7754,6,3.204075261009336
b0954,1,0.8946470973110104,False,-3.7505927,3.71622,6,4.076568899681276
b0957,0,0.7318472722525384,True,-0.61853564,2.8607416,-1,8.73804065714041
b0963,1,0.7348465093826356,False,-4.820919,3.9097238,6,3.3229711290821107
b0968,0,0.6427241380488584,False,-5.012119,5.3662467,9,3.6035154027813068
b0972,1,0.1810513443462411,False,-6.3610907,3.9161465,7,2.7900537071133487
b0973,0,0.1078528689962412,False,-6.468894,3.77256,7,2.911058262913925
b0974,1,0.2905658347349375,False,-0.40928033,7.618065,5,2.8504845582995877
b0978,0,0.157228823695019,False,-1.2916769,5.401138,6,3.318983984063325
b0979,0,0.1644671688492154,False,-1.290936,5.40001,6,3.455034595637705
b0980,0,0.3132761945072256,False,-2.7444034,4.959861,6,2.873480467372103
b0996,0,0.3874127056476161,False,-1.153188,7.072704,4,3.0138561065800467
b0997,0,0.150447153081868,False,-7.4664226,4.4578996,7,2.409137365037702
b1002,0,0.3288261840067922,False,-2.7068024,5.0866704,6,2.8399151833899676
b1006,0,0.1016165738272663,False,1.1149857,7.6224456,3,2.0436367819927406
b1007,0,0.4469250026609414,False,-3.449424,5.018908,6,3.1117718301940953
b1008,0,0.3989977394946663,False,-3.4534132,4.7202907,6,3.183713827975106
b1009,0,0.501409609775181,False,-3.388881,5.1573887,6,2.8292193452095242
b1010,1,0.4511097943078341,False,-3.7227516,4.8987126,6,3.7409849018133365
b1011,1,0.328118976848625,False,-3.5094469,5.015451,6,3.0528891019024758
b1012,0,0.3076523225472038,False,-2.645149,5.0925307,6,2.606482655677948
b1014,0,0.1209162182042692,False,-2.2514927,2.2409823,6,4.7359592403372295
b1015,0,0.1402235118506245,False,1.1978102,7.2160273,3,2.3315757779330393
b1033,1,0.2730187185325226,False,-4.0667577,2.9159098,6,3.49361586133096
b1054,0,0.5059097167427219,False,-1.9541591,5.7342286,6,3.2505166068810545
b1059,0,0.1590558869952446,False,-6.7738876,5.066349,7,3.003067748384979
b1062,0,0.5620262178773443,False,-1.9616072,-0.44054192,1,3.073919334401572
b1064,0,0.588566141445159,False,-5.40146,6.2586865,9,3.3346670558662486
b1069,1,0.6363645345780846,False,9.191865,0.006645532,0,5.6088338697095175
b1090,0,0.8197757672504095,True,-2.0248957,7.668351,4,4.150094146249694
b1091,1,0.9087547578223522,False,-1.2265784,-0.3883819,1,3.4558246092906897
b1092,1,0.8387271786507898,False,-1.4706408,-0.6282663,1,3.6419145357764307
b1093,1,0.8380304836702059,False,-1.5112659,-0.6571013,1,3.8592113854853607
b1095,0,0.6811427015324079,True,-2.6190412,4.7201376,6,3.4338539214985544
b1096,0,0.9305880086494208,True,8.950955,-0.005755951,0,3.1293421354505253
b1098,1,0.8969685116748841,False,8.9453745,-0.24325116,0,3.414046026972733
b1101,0,0.19603751897555,False,-1.0616971,5.027656,6,4.099362309801975
b1102,0,0.2102584864448398,False,-1.4173774,7.1846876,4,2.9785409254815685
b1106,0,0.2688161941479887,False,-3.4254608,5.342843,6,3.149730866087829
b1107,0,0.3322701364250423,False,-4.4888916,3.0848308,6,2.7756323835914363
b1109,0,0.6086357407037634,False,-3.5442998,2.585509,6,3.906598326681869
b1119,0,0.1951238642552782,False,-4.6014633,6.1644206,9,2.344525302743234
b1123,1,0.3886734065526003,False,-5.128932,6.729862,9,3.0864465872469182
b1124,1,0.5553883857752093,False,0.7748068,3.4217448,2,3.063989090105152
b1125,0,0.5450105098780053,False,0.766231,3.4523156,2,3.2227277031334443
b1126,0,0.5223151914955466,False,0.5279526,3.225898,2,3.7411113377393996
b1131,0,0.6557055684657583,False,-1.764297,0.62571836,1,4.022346428134568
b1134,0,0.5574212493974786,False,-3.819987,4.653741,6,3.3822465950675986
b1136,0,0.4650115110552582,False,-1.7423041,2.6346896,6,4.446394594763544
b1185,0,0.5508526901124582,False,-0.52963424,7.7390184,5,3.264407778062432
b1186,0,0.1227112330716704,False,0.73673666,8.40614,3,2.8569058321753005
b1189,1,0.2012046819144335,False,-6.4725924,3.9779031,7,2.782490341593911
b1190,0,0.1025546925808666,False,-7.2283173,5.269428,7,3.1783316779846285
b1193,0,0.3564617463519004,False,-1.7506127,7.057624,4,3.14816090240187
b1192,0,0.3913562871274282,False,-4.7518125,3.2395926,6,2.9941892573124282
b1197,0,0.1710189809752425,False,-4.6210265,6.806794,9,2.6950435828586072
b1198,0,0.3816089723834198,False,-3.6447637,6.8902597,9,3.2289879194309297
b1199,1,0.488109603013168,False,-5.28173,3.6273842,6,3.0895417453742176
b1200,0,0.3302289835538978,False,-4.6746936,6.230377,9,2.4106681382824515
b1206,0,0.2315486260455925,False,1.4470159,7.310083,3,2.113946833963326
b1207,1,0.8203731030840204,False,-2.0481772,2.513874,6,3.861140853555387
b1208,1,0.9100397860321428,False,9.042884,-0.27637976,0,3.7202036401082803
b1216,0,0.1045848031749618,False,1.4067181,7.671595,3,2.147545120435721
b1223,0,0.1425765450578245,False,0.7384185,7.7374954,3,2.2975637183826683
b1224,0,0.1057382483048735,False,-6.588628,3.7165747,7,3.1808954386084523
b1225,0,0.2774700165137638,False,-6.5166507,3.845163,7,3.1868500475474795
b1226,0,0.5644010922453575,False,-4.8134303,3.8892057,6,2.942112763825515
b1227,0,0.2431115685499602,False,-6.2075906,4.1167264,7,3.3083070735900018
b1232,1,0.4004638516975436,False,-2.9108975,4.7013583,6,2.7733413042432025
b1236,1,0.2893577685143516,False,-7.1164846,3.9736047,7,3.1208303942770774
b1238,1,0.7588099945451576,False,-3.6527324,3.7009518,6,3.3247704922339736
b1241,0,0.5567534153954781,False,-1.7155666,2.5537517,6,4.94109899189746
b1243,0,0.4912680392683003,False,-3.9682524,7.5636654,8,2.8885278550623044
b1244,0,0.2041338625533972,False,-0.7132283,8.300575,5,2.9814378817602263
b1245,1,0.299834990752585,False,-1.1416943,8.209232,5,2.6017736941952636
b1246,1,0.2778628620207901,False,-1.7876034,7.4411044,4,2.7414567974474404
b1247,0,0.3819706858209645,False,-1.7544842,7.30676,4,2.820030538117306
b1249,0,0.1921660321682684,False,-1.67222,6.7697315,4,2.9740742389027854
b1250,0,0.1491302715201462,False,1.616486,7.4314976,3,2.270729947878956
b1252,1,0.5676058123140877,False,-2.2421463,7.9349074,4,2.992437917782889
b1260,0,0.2558871112086811,False,-1.7170079,-0.26852024,1,3.8724215136425744
b1261,0,0.2355552907784192,False,-2.0190482,-0.08082221,1,3.269831641732433
b1262,0,0.4807760081241969,False,-1.643358,1.2235346,-1,4.894975885168606
b1263,0,0.273768832803967,False,-1.7177188,0.24136491,1,3.88620752268418
b1264,0,0.1938572936009673,False,-2.0269525,-0.103504695,1,3.4032908970729325
b1270,1,0.7166885123500093,False,-3.7478886,4.8227615,6,3.6298943273541466
b1276,0,0.4240171829940393,False,-1.9529656,3.5278692,6,3.7427038471283636
b1277,1,0.9352736453997682,False,8.854697,-0.21456279,0,3.63521157606374
b1278,0,0.3209773158936715,False,-4.374575,5.242422,-1,5.041535509621358
b1281,1,0.65408365402585,False,-1.5535115,-0.60792804,1,3.419515605653859
b1288,1,0.7592065507298699,False,-1.4000546,-0.70486915,1,3.435564671881931
b1291,0,0.2755563566132994,False,-1.6266092,7.708578,4,3.27119007070731
b1296,0,0.122215301920593,False,1.0800072,7.745125,3,1.819868392396871
b1297,0,0.1044707295892437,False,-7.234411,4.767944,7,2.459733484442484
b1298,0,0.2408217194589801,False,-4.664261,6.318585,9,2.333941273293607
b1300,0,0.0978578155749457,False,-4.2645345,5.749925,9,3.4989489272396517
b1301,0,0.1646634451545978,False,-5.1500096,6.68737,9,2.692914871684942
b1302,0,0.1676762935241504,False,-7.073104,4.499596,7,2.1480454132488203
b1308,1,0.5451528049627474,False,-5.0295033,5.3593707,9,3.537625012078831
b1319,0,0.393769272678421,False,0.75852275,7.358075,3,3.2209501445436257
b1325,0,0.1429058544195401,False,-7.01293,5.3390613,7,2.5115527763656957
b1326,1,0.3408830189107597,False,-5.335952,3.079224,6,3.45518004809011
b1329,0,0.3393267531162751,False,-4.077853,7.5913906,8,2.912069385743701
b1363,0,0.0799964501158179,False,1.680769,7.7739644,3,2.6690391524831156
b1377,0,0.1517011085565473,False,-1.5345795,7.5304627,4,4.165313877524693
b1378,0,0.0861171445732073,False,-1.6317062,2.37317,6,12.56898709251961
b1380,0,0.4574218733861158,False,-3.9032905,7.191742,8,2.8665204748333966
b1385,0,0.2442703090966646,False,-4.436434,6.25916,9,2.523406026613234
b1386,0,0.2705151380552934,False,-7.492043,4.476582,7,2.5966509036319003
b1387,0,0.3769766421107546,False,-3.4225843,6.769149,-1,4.598032446666074
b1388,0,0.2280560846990003,False,-6.4541454,4.5807285,7,2.815309074081983
b1390,1,0.1941740682792068,False,-5.4666543,6.4011307,9,3.2156392937077656
b1391,0,0.2325830317858555,False,-5.613317,6.365076,9,3.63660858056226
b1392,0,0.1920468993943173,False,-6.507415,4.7141957,7,2.5756140748791285
b1393,0,0.3329441662323026,False,-3.9038324,6.0898175,9,4.781886711014734
b1394,0,0.2626350112449123,False,-4.7524924,6.2989573,9,2.465346195528489
b1395,0,0.2421499783331932,False,-4.120416,6.214495,9,2.8085097499175204
b1397,0,0.2053643121462495,False,-4.3972287,6.0414157,9,2.7704272085664923
b1398,0,0.2782395217906552,False,-5.0507255,6.503653,9,2.7138208376324795
b1415,0,0.5099127185670087,False,8.890992,0.18715519,0,5.256089005465701
b1440,0,0.4409484932147116,False,-4.0239105,6.860105,9,2.6728588403994102
b1441,1,0.39963640817826,False,-4.3264666,7.7789035,8,2.8732746074781756
b1442,1,0.2572235574864577,False,-0.5581099,8.223401,5,2.5902674856645844
b1443,1,0.4190983647621105,False,-0.5985789,7.998504,5,2.30213889597001
b1444,0,0.1718902752424545,False,-4.084038,6.0866017,9,2.7870767243346943
b1453,0,0.1378500935200802,False,1.7623953,8.066338,3,3.4958731813530703
b1463,1,0.3659396592533962,False,-4.9099345,3.7730775,6,3.8962835987146596
b1465,0,0.1980945646820224,False,-6.2516193,4.146999,7,3.458266321474269
b1466,0,0.5803630553298272,False,-4.920105,4.194021,6,3.439862543859582
b1467,0,0.1929984863053528,False,-6.4771476,3.80868,7,2.9291089997968593
b1468,0,0.1117528372300279,False,-6.569986,3.7425005,7,3.613402732550573
b1469,0,0.1048419554425028,False,0.7301073,8.082095,3,2.586693807157354
b1473,0,0.1424271780976683,False,1.5448923,7.423857,3,1.991720209858478
b1474,0,0.1317419124496901,False,-7.5277877,4.44925,7,2.7041397148329107
b1475,0,0.4522192869551198,False,-6.281679,4.1133533,7,3.144728149176795
b1476,0,0.3933272390278745,False,-6.1546865,4.20534,7,3.37124877975364
b1478,0,0.3727893974314263,False,-2.4490955,4.290408,6,3.517163176143238
b1479,0,0.2087902278074041,False,-7.380347,3.938076,7,3.016953330847712
b1483,0,0.3202007878706053,False,-1.1492337,8.131514,5,2.7406675362705295
b1484,0,0.3158058648315068,False,-1.4137162,8.127758,5,2.659266744226535
b1485,1,0.0787181594510068,False,-1.1069697,8.288498,5,3.496385343543431
b1486,0,0.2493019850684566,False,-0.71645784,8.352641,5,2.492908105826478
b1487,0,0.3230525379053602,False,-4.278273,7.8556433,8,3.067932859601628
b1488,0,0.3808013934889301,False,-5.25847,3.3143475,6,3.678686909696384
b1489,0,0.2367099600821835,False,-7.4632835,4.5505815,7,2.9898796918691106
b1492,0,0.1045531224756948,False,0.9982973,7.544081,3,2.245081044099093
b1493,0,0.1406552835844365,False,-2.4033391,2.622718,6,4.114541696381403
b1519,0,0.5703856589903236,False,-4.6989017,3.6733735,6,2.9408893041523156
b1521,0,0.2011957138592067,False,-5.1107855,6.742388,9,2.737743773970078
b1524,0,0.0847173524623039,False,-4.028726,6.267557,9,3.39395902327187
b1525,0,0.4380603889650966,False,-2.6086476,4.976736,6,2.5308496853013556
b1528,0,0.1984986172228961,False,1.7890303,8.036289,3,2.9256462051166543
b1533,0,0.1129545494315653,False,1.6694772,7.9858017,3,2.622663993492403
b1539,0,0.4529859067360136,False,-3.8870478,5.0036526,6,3.885097985753858
b1584,0,0.5387808212367,False,-4.7941184,3.5816092,6,2.78309327045904
b1587,0,0.3897493559017186,False,-5.4681244,2.6911728,6,3.427958116487283
b1588,0,0.3464036257649568,False,-5.461913,2.666026,6,3.362923385072609
b1589,1,0.2158990323813047,False,-5.8514295,5.5954924,-1,3.264881956502774
b1590,0,0.1838758698955869,False,-0.16021444,8.291823,-1,2.6406684278072943
b1592,0,0.1843207951383811,False,1.7526195,8.061618,3,2.4575548508828606
b1599,1,0.4326898564960519,False,0.23860483,7.5581055,-1,4.1964407959056675
b1600,0,0.2800738212343372,False,0.30069798,7.611346,-1,4.293010914414067
b1602,0,0.1849240164721236,False,-1.4224566,5.990544,-1,3.646815322422283
b1603,0,0.4204059514249139,False,-1.7618166,5.803509,6,3.145026034342855
b1605,0,0.1112389688313073,False,0.84684336,8.334494,3,3.0915486123185985
b1606,0,0.4610315848752902,False,-3.0405319,4.760089,6,2.8920844112156114
b1611,0,0.6469757338983938,False,-2.483103,2.9103656,6,3.3711172576811737
b1612,0,0.2393720603928354,False,-1.9437503,3.3784063,6,3.101384210828962
b1613,0,0.3728516825531064,False,-4.7063155,2.7154975,6,2.7811998361867882
b1621,0,0.2181683634835633,False,-0.89809346,5.6502085,6,3.728283602873548
b1622,0,0.1303607141050446,False,-7.07623,4.1179295,7,2.3211049638153805
b1623,0,0.4215601754226779,False,-2.3505735,4.510534,6,2.8040878203478115
b1634,1,0.190486931282075,False,1.9891964,7.741671,3,2.610794941425328
b1636,0,0.1771049949343377,False,-6.3594794,4.965342,7,2.3250507388507886
b1637,1,0.8090616198349854,False,-3.2381244,2.2439175,6,3.5689674820658
b1638,0,0.3071346420432294,False,-6.095005,5.0066814,7,2.365512061465794
b1640,0,0.1232543480384084,False,-4.7157164,6.545657,9,2.4429197680918815
b1646,0,0.5016617994157712,False,-5.781608,4.8736863,7,2.8590731008014276
b1654,1,0.9053802846190062,False,-4.861991,4.221506,6,3.8290578915613698
b1656,0,0.5612501666036182,False,-5.799854,4.8212185,7,3.375282403403239
b1661,0,0.6783640896306798,True,-4.9446225,3.4370852,6,3.9228111909983547
b1662,1,0.887798086887008,False,8.926096,-0.390131,0,3.433805363002849
b1676,0,0.4942387525269184,False,-1.597735,2.8619173,6,5.765206756473417
b1679,0,0.5892115287954292,False,-4.974458,4.020884,6,3.7332971903031043
b1680,0,0.2180996765943083,False,-5.465626,3.0927188,6,3.8985470089504215
b1681,0,0.3932834238320555,False,-5.3197427,6.694985,9,3.190146935687658
b1682,0,0.7126248289721665,True,-4.8903747,3.873419,6,3.2185926639330518
b1683,0,0.2391111555204486,False,-5.1768923,6.8074155,9,3.3569471126331294
b1684,1,0.5356206498853353,False,-5.0335197,5.3679986,9,3.449526699935361
b1692,0,0.2278544439638551,False,-4.4273167,6.3660703,9,2.3810184576684055
b1693,0,0.4853933527629196,False,-1.501294,-0.51549006,1,3.313616812950136
b1701,0,0.1600698461391099,False,-6.6937127,4.1358223,7,2.9376973284713377
b1704,1,0.373996422242107,False,-4.5649576,3.4273427,6,3.099975390908384
b1709,0,0.5747136960061667,False,0.5218345,3.2147396,2,3.458279894716368
b1710,1,0.4724760767219231,False,-4.7401443,5.7555623,9,2.863719314686685
b1711,0,0.2698376047686832,False,0.8082437,3.4332168,2,3.7734734016789067
b1719,1,0.8113713368158445,False,-1.2818518,2.7157798,6,4.707436760063247
b1723,0,0.2280774535439423,False,-2.1944647,3.277168,6,3.367799952952665
b1732,0,0.4062912821230937,False,-4.6282825,2.4731655,6,3.6502601023095966
b1734,0,0.2156738359217482,False,-2.0639489,4.4798317,6,2.46499748195001
b1740,1,0.6181328945280302,False,-1.557187,-0.6012489,1,2.9454445455741545
b1745,1,0.1749563855637643,False,-4.676338,6.681798,9,3.011395145062457
b1746,0,0.265500352891361,False,-4.35068,6.4164176,9,2.7365385136886093
b1747,1,0.1730713948558686,False,-5.0164924,6.7159796,9,2.4393158702828965
b1748,0,0.2387908511161177,False,-6.9233403,4.8985896,7,2.2104752919010826
b1759,0,0.7237834106347005,True,-3.914298,4.633508,6,4.411347944624351
b1761,0,0.2225968398746141,False,-3.6837416,6.481542,9,3.2585192530601166
b1764,1,0.3261574187888781,False,-6.619376,4.936523,7,2.3723572834666875
b1767,0,0.4769929419620793,False,-4.416232,3.2865813,6,2.9475037314425268
b1768,0,0.3869314045284042,False,-3.2858279,4.9025645,6,3.0817843925171795
b1773,0,0.1504358271597678,False,-6.184742,5.1036196,7,2.6771256077327243
b1779,1,0.9655703733022344,False,-2.0684838,2.5192423,6,5.03772217832501
b1781,0,0.3569425695097557,False,-4.91279,5.5984735,9,3.7465119048295086
b1805,0,0.3471153300286842,False,-1.6396407,4.968153,6,3.2030796323837856
b1812,0,0.7709064857901456,True,8.845871,0.16977738,0,3.886404398337277
b1814,0,0.1958797485582671,False,-6.898916,4.3180914,7,2.552822763701862
b1817,0,0.7458300750117896,True,-4.437116,3.163476,6,3.4158577807521833
b1818,0,0.2760587911005704,False,-0.4862914,7.3816686,-1,2.870648925464484
b1819,0,0.3371565630717519,False,-0.59360224,7.2709117,-1,3.038622753483915
b1849,0,0.3563840954038991,False,-2.6057923,5.052688,6,2.630257742969567
b1850,0,0.5735705437918351,False,-3.306542,3.3797426,6,4.69829626204387
b1851,0,0.3047369461950902,False,-2.0500817,4.4123845,6,2.794245344209524
b1852,1,0.4028819361358483,False,-2.165054,3.2415764,6,3.3154843122692306
b1854,0,0.3772793493837502,False,-1.5633458,2.785524,6,5.226226125371717
b1855,0,0.5367173742383813,False,-2.1815252,5.468617,6,3.2924721547344933
b1857,0,0.4237451630164398,False,-4.1321898,7.4902306,8,2.5944584491073446
b1858,0,0.4226857402915921,False,-2.0919738,7.747488,4,3.0283695166151094
b1859,0,0.2429704509463838,False,-0.52716315,8.199074,5,2.9708240047471866
b1865,1,0.812356540572646,False,-3.8377056,4.5255637,6,3.4429483074212643
b1866,1,0.8599271649206659,False,-3.1611636,2.1935556,6,3.648620978371211
b1872,0,0.118174045423872,False,-7.2050667,5.271575,7,3.42152550486522
b1873,0,0.2410190904106445,False,-1.2414469,7.1637187,4,2.8963928622779154
b1876,1,0.7636221895716278,False,-3.1967082,2.1179576,6,4.2641459642305
b1896,0,0.1775280236467694,False,-4.0127363,6.438372,9,2.349414514110414
b1897,0,0.1666365841251181,False,-6.804059,4.4969416,7,2.4470978081781656
b1900,1,0.2771290329354575,False,-1.7447995,7.331587,4,2.8479700807771464
b1901,1,0.5016728012609936,False,-4.260187,7.794564,8,2.3887645524854304
b1907,0,0.1234070226653672,False,0.75456834,8.31201,3,2.3230152455839748
b1912,1,0.3582471628806369,False,-1.7678219,7.590936,4,3.417087693641954
b1927,0,0.2865157275531936,False,-5.262594,2.996343,6,3.4038545829908706
b1981,0,0.1609371525524772,False,1.9635286,7.7706194,3,2.3156934701614857
b1982,0,0.2697856530634848,False,-2.6426868,5.1916122,6,2.8893313163032035
b1991,0,0.2107391513201647,False,-3.2239885,5.237692,6,3.1723290199910026
b1992,0,0.2067745091599996,False,-2.0551023,6.025107,6,4.188167048220373
b1993,0,0.3230491500133556,False,-3.4958122,5.05921,6,3.483091399681805
b2010,0,0.2553061600429425,False,-1.7300867,5.8240685,6,3.254865409134946
b2020,0,0.3161482293662577,False,-1.9607973,-0.24882154,1,3.139844884399432
b2021,0,0.3135238162148469,False,-2.019339,-0.09927034,1,3.577789641513374
b2022,0,0.6560710337878713,False,-1.3373781,0.17773937,1,4.198012597034055
b2023,0,0.7388062673240905,True,-1.076307,0.029465487,1,4.004463472736403
b2024,0,0.775485965352024,True,-1.0442122,0.108758315,1,4.015746666102773
b2025,0,0.7342686620289255,True,-1.0130987,0.0620463,1,3.3292797462225585
b2026,0,0.931621581293918,True,-1.1546587,0.011007618,1,5.305226074113293
b2027,0,0.2964572193983004,False,-1.083253,7.3971996,4,3.04682981957571
b2028,0,0.0944607721825092,False,-3.8094015,6.170842,9,3.2656232465583734
b2029,0,0.4306255587529417,False,-2.3796465,3.743648,6,3.0249359838421737
b2032,0,0.1855725348412382,False,-1.0479835,7.441602,-1,3.9913255303639206
b2033,0,0.3461016264014883,False,-5.578177,6.2439146,9,3.805997100295132
b2034,0,0.4576093482496215,False,-4.5339427,3.8170972,6,3.931522270597859
b2035,0,0.0395509303309479,False,0.46880928,8.229257,3,3.8337463945748254
b2037,0,0.0599813033766491,False,0.43627122,8.122408,3,3.2154118447780777
b2038,0,0.3025901633877949,False,-4.5287657,5.9441724,9,3.0641159280208945
b2039,0,0.1647281410735629,False,-6.8665633,4.3774185,7,2.7105620593464947
b2040,0,0.1742819536842688,False,-6.839075,4.4000564,7,2.6194524509593697
b2041,0,0.0930961339866404,False,-6.8850775,4.3957314,7,2.7774595364468415
b2045,0,0.1639965271135074,False,-4.90854,6.9594865,9,3.2508272539964502
b2048,0,0.1723091339816581,False,-7.198162,4.5673614,7,3.0718959021186736
b2049,0,0.3770803586004353,False,-3.7305162,6.8957734,9,3.797952030410835
b2051,0,0.263060517010485,False,-5.8463426,4.749563,7,3.1594015624897125
b2052,0,0.5102854460703027,False,-4.3376813,3.0904648,6,2.7690095586819212
b2053,0,0.2250232636613408,False,-6.705539,4.583573,7,2.4140822509759405
b2065,0,0.6463370233369231,False,-3.6091487,4.791488,6,3.1497514219091225
b2066,0,0.8288152774030672,True,-3.6845963,3.6602602,6,3.3045673739836934
b2091,1,0.1759327274007102,False,-6.2952385,4.9218163,7,3.350041549444145
b2093,0,0.594971135957788,False,-4.9628263,3.9788394,6,3.742989332361865
b2094,0,0.762719131724377,True,-4.9141006,4.041072,6,3.454395760512932
b2095,0,0.1590479562943615,False,-5.193065,6.7897863,9,2.8534379124076397
b2096,0,0.2058583065517068,False,-6.3316717,5.094909,7,2.536708408152896
b2097,0,0.4233457933671093,False,-2.5232477,2.9137046,6,3.8945334084744667
b2103,0,0.5599314961210988,False,-1.595255,-0.7283501,1,3.4688316399638968
b2104,0,0.2343674651591253,False,-3.3714504,4.784483,6,2.9687827349679505
b2114,1,0.7828926127107847,False,-1.8569924,2.1627746,6,5.415841548262783
b2128,0,0.3187194376678131,False,-0.28637305,7.828676,5,2.5952577310032865
b2129,0,0.3475020641282124,False,-4.508002,6.684357,9,2.8663969989293587
b2130,0,0.2054469566434524,False,1.1039746,7.3329372,3,2.312368362202962
b2131,0,0.3672569904678318,False,-4.465474,7.6887527,8,3.231172871664454
b2132,0,0.1358783187992185,False,-4.789781,6.78635,9,3.296850039926626
b2133,0,0.3653780457062179,False,-5.569472,2.6429305,6,3.4934442856782546
b2134,0,0.2496384612133423,False,-5.0147367,6.4646716,9,2.3069645958953497
b2143,0,0.3847822532183858,False,-2.226116,4.3341594,6,2.67212946610185
b2146,0,0.2537119165806624,False,-2.766992,5.0189276,6,2.5780193905455087
b2147,0,0.3605852235742057,False,-2.0066535,3.7567217,6,3.5705699198886105
b2149,0,0.3302285342613634,False,-1.7270658,7.3097215,4,2.7124430749206883
b2150,1,0.5644819351606736,False,-3.8688962,7.728057,8,2.7666368601172806
b2153,1,0.9119632577942514,False,8.840889,-0.115347445,0,3.6427749499796516
b2154,0,0.2032358943043792,False,-4.640524,6.21192,9,2.525945366706786
b2155,0,0.3431872534672031,False,-1.3332381,7.16609,4,2.9608417959418394
b2156,0,0.207375133823798,False,1.4214329,7.4180045,3,2.0371614289402102
b2162,0,0.1629499554388532,False,-2.2085235,4.4783163,6,2.891710927959003
b2167,0,0.1947890548988856,False,0.4424547,6.908939,3,3.1213615867504547
b2168,0,0.2011927481601286,False,-6.8626604,4.2880564,7,2.6082946561937774
b2169,0,0.5771496843232086,False,-4.5164576,3.1277719,6,3.1205699046835593
b2170,0,0.222518046587624,False,1.7937318,7.811656,3,2.466254730519677
b2174,0,0.393748331107981,False,-1.8193337,5.8291845,6,3.2800468190025622
b2197,1,0.7668436980530419,False,-2.2480657,7.942139,4,3.8829574372225153
b2198,0,0.8649959900384869,True,-1.6570222,7.87679,4,5.02145188476079
b2199,0,0.3806958821126375,False,-0.8779977,7.996655,5,3.2572162520971717
b2200,0,0.399375351003974,False,-1.1383351,8.040016,5,3.1459591763636805
b2201,0,0.5382496057262619,False,-1.9272261,7.748912,4,3.532783073828947
b2202,0,0.4357075432912974,False,-0.9896065,7.6534343,-1,3.2201853451853566
b2203,0,0.3353012485064519,False,-4.709119,5.8725996,9,3.46469946133794
b2204,0,0.1725689611762384,False,-6.1061525,4.1269283,7,3.127444491323985
b2205,0,0.2584539669998463,False,-6.0187097,5.351142,7,2.97483726642713
b2206,0,0.1605697761615073,False,-7.4919786,4.1257486,7,2.728171787529515
b2210,0,0.2566156495973322,False,-2.0630352,4.1894383,6,2.877972682702527
b2215,0,0.1099311382690669,False,0.16698845,6.663874,-1,5.833266454869646
b2221,0,0.5864703157895905,False,-4.545148,3.3937783,6,3.7678836790917205
b2222,0,0.4440210075880753,False,-4.5569515,3.4205284,6,3.9053922620746753
b2223,0,0.1058130197935497,False,0.3720277,8.581296,3,3.6219228647667476
b2224,0,0.2708138798842058,False,-2.9050915,2.8919423,6,5.585588996403815
b2232,1,0.5626544030606146,False,-3.7678602,3.4948878,6,3.2694746652323246
b2234,1,0.5183457626404746,False,-2.4828615,4.7934217,6,3.1845560238324806
b2235,1,0.4966879979251722,False,-2.2316022,4.5107884,6,2.9750065058470496
b2239,0,0.1497414514441144,False,-7.144707,4.7988963,7,2.353184058911031
b2240,0,0.1839175070744631,False,0.82936966,7.6344833,3,2.596329269437028
b2241,0,0.1513199571353774,False,-6.4264617,3.800942,7,2.7268625854899424
b2242,0,0.1677059292867831,False,-6.2995267,3.9023113,7,2.8613090005479247
b2243,0,0.318212955198539,False,-1.2514076,7.1417327,4,2.7505991690432037
b2251,0,0.5637418277443503,False,-5.181338,4.9818144,-1,5.657965266728927
b2254,0,0.2933209619200408,False,-1.9739145,6.9943404,4,3.078540158445532
b2255,0,0.3392962065931818,False,-1.9567317,2.122672,6,4.881237225320258
b2256,0,0.3248369641322461,False,-5.020534,6.4348164,9,2.6413107581419144
b2257,0,0.2163255741817459,False,-0.7943131,5.7600827,-1,3.5502392336074897
b2258,0,0.1853389456933737,False,-0.5078441,7.818962,5,4.400760263643967
b2260,1,0.3615167388474076,False,-2.6541927,5.1418157,6,2.8089675191787298
b2265,0,0.2023723978975287,False,-2.0574253,4.2163467,6,2.7174727756319146
b2276,0,0.257694875834546,False,-0.9138761,5.6504254,6,3.5327238568559403
b2277,0,0.1644191814843756,False,-0.88458043,5.6945977,6,3.6113132406800523
b2278,0,0.3202174896777067,False,-0.97396016,5.6620135,6,3.36664469836266
b2280,0,0.5219522168480899,False,-2.0484328,5.56647,6,3.72035498005026
b2281,0,0.6601697067988312,False,-2.170293,4.9815965,6,3.6461062484187265
b2282,0,0.2916950364130993,False,-1.1543981,5.5971203,6,3.2495386870411553
b2283,0,0.5573284330924642,False,-2.919836,2.3897977,6,3.7316098559701203
b2284,0,0.3128861134782046,False,-2.0168986,3.6087193,6,3.1458243886781485
b2286,0,0.1207045299517433,False,-1.5068451,2.64609,6,8.820309404232365
b2287,0,0.6468444980036497,False,-3.118357,3.295506,6,3.849405354587234
b2288,0,0.6634561097798859,False,-2.1356554,5.431532,6,3.693657021622257
b2291,0,0.8064154560842011,True,-4.037447,3.6852498,6,3.2513721303173186
b2296,1,0.5744311940904235,False,-2.7742703,2.7503288,6,3.5244052664736647
b2297,0,0.448406089186415,False,-1.8158276,2.6548467,6,4.658220648170131
b2303,0,0.82047520227534,True,-3.9220345,4.907789,6,3.3989152247659224
b2306,0,0.4468242265054912,False,-1.9842844,7.927977,4,2.9502739809979763
b2307,0,0.3307099766881131,False,-0.6971852,8.2443905,5,2.4121753338752763
b2308,0,0.3450842007983792,False,-0.5835426,8.115806,5,2.6346132932325097
b2309,0,0.5719143153976732,False,-4.072066,7.8857217,8,2.52757171549294
b2310,0,0.4749350806932625,False,-3.974174,7.8642573,8,2.484146264455837
b2311,1,0.7290345088245715,False,8.878116,-0.36830574,0,4.633252928054452
b2312,0,0.2844538240926014,False,-1.9701498,-0.152637,1,3.4547017505007993
b2320,0,0.7865280997749146,True,-1.0701957,0.1771433,1,3.6238837254659435
b2323,1,0.8836968020515238,False,-1.2168531,-0.42825246,1,3.6528332005122266
b2328,0,0.1792381148957952,False,-6.6024585,5.253464,7,2.318165358651135
b2329,0,0.6464193903616117,False,8.902162,0.1846696,0,4.023637162749934
b2341,0,0.2641613194590683,False,-2.1422322,2.7032647,6,5.848307466448621
b2342,0,0.3860858281929371,False,-3.3894563,2.920861,6,3.668165920383225
b2344,0,0.4156050939298815,False,-1.3250184,7.149933,4,2.8690958919126754
b2373,0,0.1020082043240092,False,-7.262303,4.9781485,7,2.6085633651505495
b2374,0,0.113897277902448,False,-4.680589,6.8111744,9,2.842552358884573
b2378,0,0.5198345856900066,False,-2.030869,5.868091,6,3.270494451932163
b2379,0,0.61754183196,False,-5.3037825,2.8430784,6,3.4510433752389793
b2388,0,0.4168272684802133,False,-2.6364038,2.9377637,6,3.9301092428626343
b2392,0,0.1919732914153424,False,1.6418658,7.375429,3,1.845047503289897
b2393,0,0.2916058306385162,False,1.6429828,7.4607882,3,2.534629256067566
b2400,1,0.976417759426933,False,-0.9662907,2.6290832,-1,6.316898730098199
b2406,0,0.1444322025051296,False,1.8409762,7.5047355,3,2.2054443222474687
b2407,0,0.2761413115790959,False,-2.9352474,4.6986423,6,2.8166474607100085
b2411,1,0.2846074535845854,False,-1.8616718,4.372026,6,2.9437754658142654
b2414,0,0.2296260802640824,False,-7.187611,3.8216848,7,3.295236478164567
b2415,0,0.7098969463710841,True,-3.5701692,7.710822,-1,6.248279413295023
b2416,0,0.6258893607982718,False,-5.117834,2.6310055,6,3.2102995847522906
b2417,0,0.8737712209221878,True,-2.7098837,3.267619,6,4.86066532566376
b2418,0,0.1822519788138575,False,-6.397181,4.979446,7,2.319379980608109
b2421,0,0.2242436016448967,False,-6.854304,4.673656,7,2.34696618115121
b2422,0,0.2355398986100455,False,-1.8495744,7.5670066,4,2.868667631412193
b2423,1,0.3337391545305648,False,-1.1022388,8.330143,5,2.569029385967189
b2424,0,0.3226604465460768,False,-1.0180303,8.270323,5,2.602366349859638
b2425,0,0.5338200093840112,False,-4.2665086,7.8899465,8,2.4879882627453975
b2428,0,0.2415361275156889,False,-4.7373013,6.244083,9,1.9914068116959054
b2429,0,0.1268951524325104,False,0.5854125,7.004651,3,2.751479476791338
b2435,0,0.4657919271978848,False,-4.91266,6.3024864,9,2.8573345834180652
b2436,0,0.4987794935951088,False,-3.7516186,2.6688464,6,3.1315118104182975
b2440,0,0.2606716830525809,False,-6.500803,4.5064483,7,2.938513107248804
b2441,0,0.1390516511851367,False,-6.772428,4.6789136,7,2.642560798442872
b2458,0,0.5616637461663501,False,-4.3090234,3.0643916,6,3.3666097271669804
b2463,0,0.3813101835704031,False,-1.7310524,2.3108952,6,4.595666518458527
b2464,0,0.4734538196416412,False,-2.56243,2.9519231,6,4.427195240294677
b2465,0,0.1711903155790072,False,-1.7755781,2.9961376,6,3.3378061893121074
b2467,0,0.5875593324967603,False,-5.974012,5.164224,7,3.4588771764236506
b2470,0,0.0710690996441548,False,0.8921404,7.493862,3,3.04804371520053
b2472,1,0.2257521469579575,False,-1.9590704,-0.27483258,1,3.2439652536550905
b2476,0,0.9072592606293008,True,-1.3609248,-0.7885343,1,4.208056110679483
b2478,1,0.7914278386436691,False,-1.1352481,0.107636206,1,3.173303451021292
b2480,0,0.6949106033763177,True,-4.9973364,5.4320383,9,3.1245437239832095
b2481,0,0.165535207663784,False,-5.708282,5.7504897,7,3.535678511452962
b2482,0,0.071366960065,False,0.60639596,7.9491735,3,3.030079137628138
b2483,0,0.0925079685745439,False,-0.25130406,8.196601,5,3.096740751075862
b2484,0,0.097874426198431,False,0.47352204,8.020623,3,3.2826807051912175
b2485,0,0.2139800493822269,False,-0.65249056,7.905747,5,3.357946208448739
b2486,0,0.0678758942947786,False,0.4835506,8.099812,3,2.979162348608254
b2487,0,0.1172447319523733,False,-7.1766186,5.260167,7,3.0436740948268413
b2489,0,0.0985004870465188,False,-5.841475,5.7643604,-1,3.7196765509655574
b2490,0,0.3313704039564428,False,-5.544418,5.8707886,9,4.380906978185551
b2492,0,0.1736600897614055,False,-0.29957044,7.9798493,5,2.7469770253018364
b2497,0,0.1425937789766031,False,0.9352178,7.6014514,3,1.9365110195226367
b2498,0,0.7232512037057927,True,-2.8151534,3.562256,6,3.614134059345617
b2499,0,0.7933618516753823,True,-1.537569,-0.08471104,1,3.395247210714639
b2500,0,0.4679641004515079,False,-2.9755251,4.584101,6,2.8225784345492593
b2501,0,0.3867987616516705,False,-1.5986918,5.120081,6,3.4354104597775215
b2502,0,0.3295922266529197,False,-1.6231554,5.1292534,6,3.139685213420191
b2507,0,0.772591484420263,True,-1.5547723,2.2362003,6,7.7830128526169435
b2508,0,0.5111914397018257,False,-2.0164359,3.7554746,6,3.142941390316109
b2514,1,0.7472719624548002,False,-3.1994843,2.1784198,6,3.648885179014442
b2515,1,0.8882404557981153,False,8.999167,0.15182523,0,3.8359956173785243
b2518,1,0.966398065961225,False,-1.30949,2.8529902,6,5.839784006590304
b2519,0,0.2266276342348183,False,-1.7049719,5.8237023,6,3.1523060787456934
b2521,0,0.5784198979013184,False,-4.402392,3.3315048,6,2.76027703650154
b2523,0,0.3515124996758142,False,-5.1916227,2.8080742,6,2.7357085275052575
b2529,1,0.7412081210676629,False,-3.6881077,7.7068467,8,4.543223819380733
b2530,1,0.934254449631513,False,8.648276,0.12861192,0,4.006247041643661
b2533,1,0.6294064695545489,False,-5.219751,3.3661435,6,3.6352036341655967
b2536,0,0.1063361249808794,False,0.46080273,8.576736,3,2.985928073145394
b2538,0,0.0948329827006928,False,-7.192749,5.026828,7,2.2241403693212827
b2539,1,0.3306185185825268,False,-5.097392,5.7648106,9,2.828758263061022
b2540,1,0.4477607737028516,False,-5.031988,5.614786,9,3.5653966007620603
b2541,0,0.1612093998415535,False,-4.730881,6.2185965,9,2.549131663789877
b2542,0,0.1799894602457606,False,-7.1637006,4.57295,7,2.9745327719847676
b2551,1,0.7763705188135623,False,-1.9236407,2.54358,6,4.715676404159916
b2552,0,0.2962528058347026,False,-5.131572,2.6334455,6,3.0098047150788094
b2557,0,0.7896854290168253,True,-1.7190939,1.717412,-1,5.390432685796702
b2558,0,0.14148384287069,False,-1.667672,6.9732995,4,3.1175710566083903
b2563,1,0.8257580353511901,False,-4.0201125,4.199381,6,3.5706740274524456
b2564,1,0.8058030165600655,False,-1.0688226,-0.034810275,1,3.227920982259376
b2574,0,0.329480766650403,False,-1.6549966,-0.053472936,1,4.062626993023502
b2578,0,0.3172422306406195,False,1.363529,7.8337374,3,3.247394766007332
b2579,1,0.7847883967617554,False,-5.188803,5.7248793,9,4.300594303079679
b2582,1,0.8028680663353222,False,-4.8963256,4.0137672,6,3.484948975038799
b2585,1,0.9296567776478872,False,8.538263,0.089587905,0,5.043477540090328
b2587,0,0.2155475736406745,False,1.8519474,8.031811,3,3.0150158647641536
b2599,0,0.4399936714692972,False,-1.6627487,1.6207827,-1,5.378204358307796
b2600,0,0.7765664158782976,True,-1.6333227,1.382292,1,5.397662273388989
b2601,0,0.3400819011624049,False,-5.1606326,3.26396,6,3.042156021669513
b2615,1,0.9482617889249876,False,8.644592,-0.12265246,0,3.649178779712877
b2661,0,0.3821688373927703,False,-2.4955833,3.8780723,6,3.138111754301448
b2662,0,0.1275801574376263,False,-7.126173,3.8844543,7,2.997173547385944
b2663,0,0.0713754469316417,False,0.74767053,8.43728,3,2.916503879059645
b2675,0,0.3532349574100338,False,-2.6544273,5.012014,6,3.105553660182831
b2676,0,0.4248647260371342,False,-2.4987333,4.5382395,6,3.0027531174891933
b2677,0,0.4219084446622533,False,0.72905976,3.3910022,2,3.027455370381414
b2678,0,0.2363920037994369,False,0.8591306,3.3766892,2,3.3482668203532366
b2679,0,0.4476134563028639,False,-4.391385,7.49657,8,2.792720544567283
b2682,0,0.1943592027213123,False,1.5041037,8.105252,3,3.582067919578931
b2683,0,0.3213813783092436,False,-5.3504615,5.7257347,9,4.743822453565399
b2688,0,0.1738769732132357,False,-3.9483078,6.2587333,9,2.885666243434162
b2690,0,0.2840768697284719,False,-6.3358707,5.3758025,7,3.108194681240151
b2697,1,0.6268957942950888,False,-3.0884798,2.2631266,6,3.819053864309071
b2701,0,0.2967596298993518,False,-1.7094735,6.916033,4,2.894688114404762
b2702,0,0.2604751006233213,False,-0.6175,7.8187814,5,3.1168762256865534
b2703,0,0.1910901171665222,False,-1.5399554,6.834387,4,2.8010856197323526
b2705,0,0.2853191298015722,False,-4.5729413,6.493696,9,2.1667803672363197
b2708,0,0.6080428488020758,False,-3.6482103,7.0199914,-1,3.8117736037156096
b2710,0,0.555266540868046,False,-5.083401,2.6590908,6,3.5033015619565253
b2711,0,0.2934906080124045,False,-5.2658534,2.9014611,6,2.9159629758702836
b2715,0,0.1915759059247069,False,-0.8211384,5.9620204,-1,3.3962656573164605
b2719,0,0.2117980479818338,False,-6.203439,5.325995,7,3.09310903441529
b2720,1,0.5308160780042327,False,-3.956022,7.8785644,8,3.0981039232719385
b2721,0,0.1780314099553465,False,-7.4735427,4.21565,7,3.330848918225254
b2722,0,0.1751867515000487,False,-0.36461985,7.839212,5,2.5000072538402685
b2723,0,0.1393780940986385,False,0.6287324,7.927778,3,2.449184022782179
b2738,0,0.1225430267583051,False,-5.852539,5.5814767,-1,3.1651239279090047
b2744,0,0.264082279944479,False,-3.291338,3.2916598,6,4.868281476227295
b2746,1,0.8851221875917854,False,9.090929,-0.15759382,0,3.832528845157847
b2747,1,0.8641280304169137,False,9.06886,-0.20249964,0,3.770594959360953
b2751,0,0.3482012675621511,False,-1.5953832,-0.70028824,1,3.6072356342003102
b2752,0,0.468962629665982,False,-1.6298481,-0.65118283,1,3.464962431911006
b2762,0,0.8454061684770016,True,-1.0908476,-0.11138829,1,3.457784085678727
b2763,0,0.2929144692698549,False,-2.1329515,-0.18167046,1,3.506321354001994
b2764,0,0.2776899428348352,False,-2.0929239,-0.13936922,1,3.651742439676199
b2765,0,0.3806066056609074,False,-3.7232623,4.550431,6,3.3850073339027875
b2780,1,0.9374104796953476,False,-0.9542619,2.684302,-1,5.23256592698164
b2781,0,0.3419386806871071,False,-2.40148,3.4440126,6,3.7608858220680563
b2784,0,0.6760446213954444,True,-0.46706495,2.881818,2,5.868347940599852
b2787,0,0.1328792429669214,False,-7.1553416,4.975948,7,2.153937001213042
b2788,0,0.0872912680919465,False,-7.125125,5.219919,7,2.66524799576945
b2789,0,0.0844707825455243,False,0.71175766,8.413121,3,2.2424282519229184
b2794,0,0.8160327909476003,True,-3.7918098,3.543574,6,2.993659538240301
b2796,0,0.4135415622215493,False,1.4405744,7.398199,3,2.8890798858105335
b2797,0,0.1560672490950409,False,-6.95037,4.452752,7,3.03152999255423
b2799,0,0.1558649521115601,False,-6.9560947,4.8893023,7,2.2305591635460513
b2800,0,0.2699399042683127,False,-5.8736625,4.9444485,7,2.7344040682127804
b2801,0,0.1290375121428684,False,1.330959,7.3977776,3,2.0334372231218882
b2802,0,0.3270889534269448,False,-5.3737235,2.755965,6,3.1019343014159615
b2803,0,0.1108785345955469,False,-7.2774096,4.9318466,7,2.649118781020959
b2810,0,0.0932140802300076,False,-7.0309286,5.0331326,7,3.7099832394584387
b2813,0,0.2366455797650391,False,-1.6640949,6.8511343,4,2.8822214289831574
b2817,0,0.2860290859553336,False,-4.151312,6.6759605,9,2.3795127140579138
b2818,0,0.6760247912810059,True,-1.1810514,0.2048046,1,3.8273544281223844
b2827,1,0.8802666372817848,False,-1.2191867,-0.35873243,1,3.4048963968999026
b2835,0,0.2070902208389813,False,1.185807,7.498925,3,2.3952833592831557
b2836,0,0.5267958906831514,False,-3.2865496,6.851747,-1,4.616811451680937
b2838,0,0.2918987244179538,False,-1.9551718,-0.111998096,1,3.7483930332497817
b2841,0,0.1364931602387901,False,1.309293,7.4109645,3,1.9536081333952828
b2866,0,0.1010126093721504,False,-2.0527396,4.3758144,6,2.957324806552489
b2867,0,0.1773001567268312,False,-2.3969867,4.5731497,6,2.8623110807551213
b2868,0,0.4290729448576467,False,-3.4338953,4.5830092,6,3.813661260991399
b2871,0,0.2552844431509879,False,-7.184622,4.84234,7,2.2167707078566066
b2874,0,0.5207129446518197,False,-3.2923799,5.7085342,-1,4.128674153926702
b2877,0,0.2897755557640689,False,-3.5897427,4.658664,6,3.561128902074248
b2882,0,0.0955111340226978,False,1.2409427,7.611307,3,2.2286531032674275
b2883,0,0.2267088592562776,False,-2.0763276,4.388321,6,2.6561069739265344
b2889,0,0.4959237583205361,False,-5.244308,3.6393795,6,3.3102461527696048
b2893,0,0.5496007165105995,False,-3.8578265,7.6684146,8,2.613316494379249
b2895,0,0.6216260860274181,False,-5.4049606,5.4696827,9,4.980289232728682
b2901,0,0.2509416972963891,False,-2.7058945,5.1364326,6,3.0553482228905615
b2903,0,0.431943229155855,False,-1.8284148,2.5778737,6,4.046189525478722
b2904,0,0.8380912653569986,True,-3.3044152,4.3663497,6,4.520808410073037
b2905,0,0.419151547194623,False,-2.6621065,4.165437,6,2.946518533760295
b2907,1,0.480054702389654,False,-3.7126527,2.5979476,6,2.994185211315946
b2912,0,0.4450113383782163,False,-3.5349119,5.135189,6,3.5726908942175406
b2913,0,0.3734097556667207,False,-4.2261453,6.1079288,9,3.5266902387071712
b2917,0,0.2242316378861812,False,-7.243952,4.3105416,7,3.128444851592872
b2919,0,0.278031692545076,False,-4.5113087,6.5117726,9,2.4481661746652845
b2920,0,0.2462254847625674,False,-5.192514,6.6808214,9,2.786272888737021
b2923,1,0.1608110223732734,False,0.9051488,7.7654815,3,3.2402591846356814
b2925,1,0.6005268516641548,False,-2.1349792,3.2739763,6,3.504941606210057
b2926,1,0.9551303970960084,False,-1.8762972,2.5042074,6,4.569371032584519
b2927,0,0.6946521053697271,True,-4.2453084,2.8070402,6,3.4803562660501726
b2930,0,0.2198778735415496,False,-2.3639555,4.2096353,6,3.029457652236975
b2935,1,0.1977326282852605,False,-1.697284,2.6953478,6,4.097407772810811
b2937,0,0.160926772621132,False,-6.986163,4.71447,7,2.169463356231634
b2938,0,0.1175633178698104,False,-7.3891892,4.807775,7,2.2641487976728465
b2942,1,0.9500354229617431,False,8.53947,0.15730196,0,4.620120121973453
b2943,0,0.2309506812340097,False,1.2294964,8.039592,3,2.522482029409389
b2947,1,0.2870547539762864,False,-6.9070907,4.551625,7,2.430536783583479
b2957,1,0.3319658827298091,False,-4.491862,6.6408854,9,3.044682444575738
b2963,0,0.1598795619081452,False,-1.688204,6.9942203,4,2.9389797168685017
b2964,0,0.1335053168510038,False,0.7315797,8.441746,3,2.8235931383833157
b2965,0,0.0717625195300863,False,-7.367347,5.1152163,7,2.5292477524624957
b2975,0,0.1305794763123621,False,0.8755148,7.928876,3,2.0588908207558916
b2979,0,0.2206532097754628,False,-6.437977,3.7904255,7,2.6654405209402245
b2987,0,0.2452080731745898,False,0.7719546,7.4869742,3,2.490556970210477
b2988,0,0.2065901377272848,False,-4.2888684,6.0586176,9,2.6785828645390874
b2994,0,0.2161526349862992,False,-6.5340514,3.7309394,7,2.8103989692698024
b2995,0,0.2387734127556637,False,0.517479,7.9364624,3,2.8801524664145197
b2996,0,0.3086259893769709,False,-6.424979,5.3740997,7,2.83700422417692
b2997,0,0.1813287432962719,False,-6.43543,3.793981,7,2.750406177502904
b3001,0,0.2417770585612445,False,-4.7793355,5.605543,9,3.094303518542471
b3005,0,0.7017126846256161,True,-2.4559944,7.915457,-1,3.609550833657599
b3006,0,0.3592777817146625,False,-1.9092509,7.9567785,4,2.832175670360254
b3008,0,0.2776092007049204,False,-4.535853,2.6791275,6,3.2761488158387135
b3012,0,0.6350575867686576,False,-4.4230337,4.0686336,6,4.062110389745651
b3018,1,0.8773925564433117,False,9.046934,-0.22601804,0,4.3843506575929565
b3028,0,0.5043257885821066,False,-5.2824116,3.3741438,6,2.9807599239102918
b3029,0,0.6158320281526962,False,-5.1397805,5.578763,9,3.8272522292640323
b3034,0,0.4056908914672898,False,-3.6768296,4.5246553,6,2.7803419094656836
b3035,0,0.2620345821134579,False,-1.1645051,4.4069505,-1,4.794366967422517
b3040,0,0.7732990904335715,True,9.127418,-0.056794293,0,5.424236074397181
b3041,1,0.9619720092724158,False,8.98229,-0.08502307,0,4.373926375230156
b3052,0,0.3977103495515532,False,-4.328241,6.143971,9,3.2012425952699903
b3057,0,0.4017775274182724,False,-1.8452803,6.080414,6,3.4497347668218015
b3058,0,0.971272648357618,True,8.960851,-0.35705298,0,4.199854612948739
b3059,0,0.5768532799137388,False,-1.9872353,7.3659635,4,3.9722279469846917
b3062,0,0.4206184147972809,False,-5.156579,6.3240647,9,3.3208798238373083
b3063,0,0.0886564966454934,False,0.7936846,8.522997,3,2.788449208198344
b3073,0,0.1818127595647058,False,-7.355475,4.686832,7,2.568454665891921
b3089,0,0.2235450847173208,False,1.7175072,7.352433,3,2.173701260932622
b3091,0,0.1047676366416665,False,-7.2838945,5.101696,7,2.315664076436008
b3093,0,0.1717631684637528,False,0.7986051,8.23304,3,2.210344357798863
b3114,0,0.1744807623557124,False,-2.4981444,2.812647,6,4.71131756619471
b3115,0,0.1043774987799347,False,-7.216745,5.199606,7,2.271078827856202
b3117,0,0.0457643267663575,False,-7.191912,3.8080447,7,3.301532391725582
b3125,0,0.1990868987007095,False,-5.086681,6.493129,9,2.2188918147197754
b3126,0,0.1362787495168952,False,-6.532088,5.2211165,7,2.3111777334360486
b3127,0,0.0913715035899771,False,1.1446594,7.9281845,3,2.0308678234082604
b3128,0,0.0967405491733913,False,-7.3088446,5.2498894,7,2.5099604622254788
b3132,0,0.3156528291779153,False,-5.172698,6.730741,9,2.808510865318281
b3137,0,0.2817002414867657,False,-6.5174813,4.7872314,7,2.1823478790806163
b3172,0,0.7181571766957658,True,-1.2763532,0.25872192,1,3.3324941116358437
b3176,0,0.836501183528593,True,9.004852,0.19277167,0,3.893863871664956
b3177,0,0.9590256049225876,True,8.900939,0.07134946,0,3.468120511471893
b3182,0,0.1157400482388766,False,-2.7444336,4.9517365,6,3.272305986913103
b3187,1,0.9041142622720434,False,9.134751,0.009731825,0,3.9074660629820364
b3189,0,0.9617207769081793,True,8.492856,0.15418895,0,4.622079135414397
b3196,0,0.5978479004126088,False,0.29533318,8.608486,-1,6.115428480024701
b3197,0,0.4366774203440028,False,-3.6150393,6.8581314,-1,3.224741528070043
b3201,1,0.8258279041279194,False,0.458529,3.1764944,2,5.008824526171515
b3212,0,0.106544022051383,False,-1.6187534,2.2932892,6,7.444274164787549
b3213,0,0.1319773528533626,False,-7.3502584,4.011127,7,2.7331512054935003
b3222,0,0.1976702828210059,False,-4.7173796,6.1916504,9,2.55578428566596
b3223,0,0.2280973579825969,False,-4.797887,6.097436,9,2.1717430537175377
b3224,0,0.1416530957320916,False,0.80668384,7.701998,3,2.1148669262912887
b3225,0,0.4777172879758082,False,-4.5273457,3.2286992,6,2.663799491614921
b3236,0,0.5901419762521641,False,-1.6810157,2.5894973,6,5.518179168849498
b3258,0,0.1358003020183578,False,0.80684566,8.319534,3,2.2037992780083036
b3265,0,0.3402126143534627,False,-1.2769148,7.213541,4,2.9634702508765325
b3266,0,0.0771077556052271,False,0.64163285,7.913427,3,3.263832594098874
b3281,0,0.2061333040515082,False,-3.8072443,6.4115677,9,2.690489466484756
b3288,1,0.6010207390951334,False,-2.7950418,4.583801,6,3.0584071112633096
b3290,0,0.4248902930955815,False,-0.16931395,7.513178,-1,3.9203735969717703
b3350,0,0.1085690866609307,False,1.0938253,7.1177406,3,2.618502811156985
b3360,0,0.8685813073552038,True,9.060436,-0.18531653,0,3.9677623685476413
b3365,0,0.1459865188891011,False,-7.4522467,4.2329965,7,2.5965205812004926
b3366,0,0.7504007218062894,True,-4.9763756,4.2383275,6,3.9752562733941907
b3370,0,0.0943737557813843,False,0.4546402,8.552028,3,2.886828356997998
b3371,0,0.1841620474810089,False,-4.7197165,6.657412,9,2.4111037429725184
b3374,1,0.1978358419916952,False,-5.1301794,6.32586,9,2.51957788659312
b3380,0,0.1424278745175745,False,-2.8988101,5.076108,6,4.204979588091189
b3384,1,0.8083350376487493,False,-3.162434,2.2097745,6,3.446027651822436
b3385,0,0.3069586714391407,False,-6.780851,4.6469665,7,2.4122562235391674
b3386,1,0.6326592348558694,False,-2.4804385,3.5841277,6,3.5177953342938393
b3389,0,0.6307710786983892,False,-1.4506729,0.15948537,1,3.415552887162356
b3390,1,0.7986582523422965,False,-5.159625,3.5100346,6,3.788304084596596
b3396,0,0.1410218873993544,False,-1.3387592,4.749916,6,3.8967113979260755
b3397,0,0.5731220406423692,False,-3.5180311,4.6607337,6,3.3640778273920238
b3403,0,0.3977748516327353,False,-2.2448204,2.8596299,6,3.511529399978949
b3409,0,0.2883450178622591,False,1.0199479,7.226985,3,2.520306042157061
b3412,0,0.8168995989871012,True,-1.2231112,-0.23452815,1,3.292388174972738
b3415,0,0.1117631443606417,False,0.6632429,8.483573,3,2.7494212337199198
b3416,0,0.3054991977708422,False,-4.8042,3.0830662,6,3.3488701506707304
b3417,0,0.1429306635466251,False,-7.4912853,4.4493876,7,2.247722032181948
b3426,0,0.3082559846348116,False,-4.923352,2.5855782,6,2.726057814446786
b3428,0,0.0974172529908322,False,-7.5337405,4.807843,7,2.464308395720817
b3429,0,0.1173475785449587,False,-4.753144,6.8395433,9,2.603963212388367
b3430,0,0.346073246317161,False,-3.9742203,6.5332704,9,2.69219997672947
b3431,0,0.0860710800970295,False,-4.549521,6.7943306,9,2.8175850119852544
b3432,0,0.1740663025853051,False,-4.621495,6.796835,9,2.6063394797279864
b3433,1,0.41509945306148,False,-1.5979574,-0.33244732,1,3.81624817499743
b3447,0,0.1637991226097023,False,-4.085171,6.061759,9,2.8457035039389487
b3449,0,0.4069246436536646,False,-5.276423,3.1694953,6,2.9934800846549887
b3451,0,0.4418123269185282,False,0.793356,3.3902647,2,3.061308379223826
b3452,0,0.360622309187761,False,0.7666863,3.4251242,2,3.0910300046888564
b3453,0,0.489577048958478,False,-4.139878,7.501133,8,2.3852165682640205
b3454,0,0.4542684741701708,False,-4.568503,7.252795,-1,3.314031832323295
b3455,0,0.4663758451245318,False,-4.482296,7.380744,8,2.8506808775714685
b3456,0,0.1857874938166936,False,1.1565552,7.0851884,3,3.0134466035463396
b3458,0,0.4018071165284039,False,-4.4471145,7.6015434,8,2.4883433336771392
b3460,0,0.4709933961829394,False,-4.3132977,7.658437,8,2.735035442592811
b3469,0,0.1419802517820059,False,-4.0614386,5.76496,-1,4.482864678012663
b3476,0,0.4117704487025612,False,-4.230516,7.8420124,8,2.372058709934869
b3477,0,0.2634889538525495,False,-0.8432215,8.255196,5,2.271168701440174
b3478,0,0.1901964388909254,False,-1.0935074,8.339985,5,2.7806987143254
b3479,0,0.2866727131766047,False,-1.8420941,7.98937,4,3.3751377130052536
b3480,0,0.5690469138274045,False,-1.7958986,7.6201353,4,2.9028765506880605
b3493,0,0.4814387316362582,False,1.8240933,7.5729513,3,2.729264105961273
b3496,0,0.2000767002751578,False,2.0152411,7.561897,3,2.0841827405776
b3500,1,0.3441436579707413,False,-4.8541923,2.5312471,6,2.993724229264326
b3502,0,0.078946034825542,False,0.4758946,8.504331,3,3.0784690819044864
b3503,0,0.2514457488650939,False,-5.5255427,6.2424736,9,3.7186303218616508
b3526,0,0.4304182466994111,False,-2.927468,4.974582,6,2.7558355784154545
b3528,0,0.2850664683602346,False,1.5585786,7.232919,3,2.1371192418103417
b3540,0,0.3663396146758187,False,-1.796711,7.3545012,4,2.985021462227915
b3541,0,0.3136968181001278,False,-1.7601292,7.5075283,4,2.807505257887778
b3542,0,0.2667612529154312,False,-1.1698389,8.278326,5,2.7474320274988013
b3543,0,0.2524224586201919,False,-0.9049073,8.204456,5,2.4541949546463426
b3544,0,0.4366473907039969,False,-3.8322062,7.5570445,8,2.975827001851578
b3546,0,0.2289288018889472,False,-1.4485612,5.279658,6,3.29451828009175
b3551,0,0.1797970020291933,False,-2.0611372,4.532133,6,3.6196082036937782
b3553,0,0.3095842505383713,False,-3.3440304,3.3401024,6,4.184853735955785
b3559,1,0.6534871978135873,False,-3.9622815,3.023686,6,3.940399682196128
b3560,1,0.7210748575181501,False,-3.9340692,3.3182018,6,3.778360912565129
b3565,0,0.3337104951081556,False,-5.2181754,2.700356,6,3.0353233916092286
b3566,0,0.4378877907300203,False,-4.0875063,7.915265,8,2.2697385945127087
b3567,0,0.294648419265507,False,-1.7564638,7.3242846,4,2.9355990066002917
b3568,0,0.2044459736909584,False,-0.59527767,8.308985,5,2.529944354415291
b3571,0,0.1472160468830092,False,-7.422782,4.8030005,7,2.226454422945582
b3572,0,0.4146508215981938,False,-5.287172,2.8205197,6,2.8006588667009384
b3575,0,0.4316884241432184,False,-4.478728,3.289469,6,2.6868554767884336
b3577,0,0.242686132417618,False,-0.44615227,7.9131613,5,3.22013484758397
b3579,0,0.2408468424372861,False,-5.371856,6.5881915,9,2.692914871684942
b3580,0,0.1471055854706849,False,-4.3017564,5.967289,9,2.601742043930087
b3583,0,0.1316836786510152,False,-6.1030817,5.0379486,7,2.723690041044544
b3591,0,0.5079004628696332,False,-3.7033746,2.5695949,6,3.3221002182310198
b3599,0,0.161552605852402,False,-0.8084553,6.996056,-1,3.2674534901802654
b3600,0,0.2923544370942106,False,-5.0764785,6.8378353,9,2.852654364016638
b3603,0,0.1780876602954962,False,1.3590205,7.505415,3,1.855666034508088
b3605,0,0.2665178032804312,False,-6.3377557,3.7073858,7,3.0779476512092185
b3607,1,0.65213000681494,False,-1.0756402,0.25156394,1,3.3980699855237826
b3608,0,0.7280830136074664,True,-1.1290109,0.15149057,1,3.1471667163173147
b3610,0,0.7866578201609343,True,-5.0912986,5.394466,9,3.8690781384634114
b3612,0,0.5815707208951969,False,-2.1091433,3.5721388,6,3.1655900910670507
b3616,0,0.4419165956640879,False,-5.2865148,3.0587776,6,2.814713443795831
b3617,0,0.1530382267076432,False,-7.0677524,5.01707,7,2.019116671610562
b3619,0,0.4080939112257128,False,-6.7350216,4.4793634,7,2.5568905052109607
b3620,0,0.4114134003539477,False,-2.7370563,5.1075144,6,2.577344213756963
b3621,1,0.6808917557114024,False,-3.6137862,3.3661563,6,3.3423797923836758
b3622,0,0.0485319702722594,False,-0.7718007,5.702688,-1,4.690273839894158
b3623,0,0.1895745060593646,False,-2.8601587,5.244139,6,3.5416383478032696
b3624,0,0.6499830109859557,False,-3.717217,3.4301505,6,3.9093013452507757
b3629,0,0.1697531293757126,False,-5.5532866,6.344788,9,3.930571523155436
b3630,0,0.313524374180316,False,-2.6832085,4.6981525,6,3.1240138761913885
b3631,0,0.6243980625885067,False,-3.6544302,3.4359922,6,3.5977270056155533
b3632,0,0.2625866195367749,False,-2.7875695,5.1977086,6,3.0328003465402453
b3633,1,0.5681579815095208,False,-1.5312659,-0.20518872,1,4.07280792884744
b3634,1,0.9683640070460634,False,8.7485485,-0.3482927,0,4.199731354682295
b3639,1,0.8786273824724828,False,8.851196,0.2141278,0,3.610974169057182
b3640,1,0.8335773161472441,False,-3.8649082,3.9067554,6,3.5272577219225996
b3642,0,0.6138309001178353,False,-1.7264878,-0.68412614,1,3.6550956228323703
b3648,1,0.9633058933878902,False,8.509829,0.035039425,0,5.260006293138238
b3653,0,0.3005063366420166,False,1.9132183,7.710812,3,2.0796375190378953
b3654,0,0.1587623566356426,False,0.804496,7.8408284,3,2.1313498298493743
b3665,0,0.1833930194933007,False,-2.0980647,4.4608746,6,2.775016892486123
b3666,0,0.1980747579652967,False,1.348263,7.465417,3,1.7958343733993882
b3671,0,0.1915343316485317,False,-2.2157385,4.218646,6,3.1699054027707745
b3679,0,0.0791302867259525,False,1.699795,8.115702,3,3.240914280378055
b3691,0,0.097317525738654,False,0.8120575,8.273589,3,2.1788890774081278
b3693,0,0.1396193611646751,False,-5.4567485,6.369652,9,2.9263404468610608
b3708,0,0.5629620148021889,False,-5.294022,2.7486148,6,2.783777079021041
b3709,0,0.1571440900770568,False,1.4333063,7.8351307,3,2.1201615496939805
b3714,0,0.1699248797149637,False,0.9741489,7.6859674,3,2.0552242238184193
b3722,0,0.133673675415991,False,0.55242646,6.9136863,3,3.6843574226844917
b3725,0,0.8040766167433652,True,-2.1839805,7.7672925,4,3.470875785139991
b3726,0,0.4537493128643651,False,-0.8177381,8.154896,5,2.5293758565490765
b3727,0,0.3796338474349169,False,-0.6663232,8.1676,5,2.6702339293721797
b3728,0,0.7250056308469444,True,-4.107865,7.88178,8,2.890260632242175
b3729,1,0.6332565287303774,False,-1.2804472,0.28690317,1,3.934077120849005
b3730,1,0.927469814845981,False,8.775416,0.18023817,0,4.384321316504157
b3731,1,0.9796911457571738,False,0.0776063,3.0133653,2,5.186928700510314
b3732,0,0.956509978773821,True,-0.28518748,2.9335177,-1,5.329476593815122
b3733,0,0.9234344044493032,True,-0.12322208,2.9966273,-1,5.555305315956052
b3734,0,0.8887461043571493,True,-0.4646544,2.8911576,-1,6.492326198805538
b3736,1,0.9954267141661156,False,-0.047168158,2.9784677,2,7.119569904847568
b3737,0,0.9852580556470628,True,0.06969853,3.027352,2,6.656715750638582
b3738,0,0.92114896743736,True,0.31911868,3.137748,2,4.481928651580561
b3739,0,0.5311077083755091,False,-2.436401,7.2119293,-1,4.702615402664903
b3744,0,0.4583495304679199,False,-4.4846096,3.2906349,6,3.0728624589244657
b3747,0,0.1450738729664736,False,1.1778466,7.550637,3,1.8660795286432994
b3748,0,0.7025691842749445,True,-4.8559093,3.8885002,6,3.009667762492207
b3749,0,0.3206120905588305,False,0.47775695,3.1741636,2,3.820847579721566
b3750,0,0.4419650149162167,False,0.74946755,3.3769412,2,3.192226697021845
b3751,0,0.5530995596431411,False,-3.8072329,7.730844,8,2.540738710055965
b3752,0,0.604570280177026,False,-3.64167,2.481911,6,3.0020985559056674
b3770,0,0.5668055193316561,False,-2.0795782,-0.278895,1,3.8499725979500354
b3771,0,0.593156921994722,False,-1.9907024,-0.4560181,1,3.3315838038396914
b3772,0,0.0973713449490814,False,-7.3719053,3.850751,7,2.887266539294715
b3774,0,0.8475429002386544,True,-1.6996883,0.1357904,1,3.719919665888473
b3779,0,0.4413111342476205,False,-2.6288493,5.0360546,6,2.955941751763353
b3781,0,0.8221291187096673,True,-3.6590455,7.6624327,8,3.852078826167446
b3784,0,0.1015559733235297,False,0.2801334,6.745852,-1,3.7356583955359355
b3785,0,0.193690421947832,False,-1.0964298,7.344776,4,2.766361759272462
b3786,0,0.4396044639025734,False,-4.4026184,3.0526502,6,2.7895694627352516
b3787,0,0.2251463891351952,False,-4.697209,6.610515,9,2.595276321698684
b3788,0,0.2541206822402547,False,-6.755897,4.321471,7,2.56219227404329
b3789,0,0.1899230983521793,False,-6.7880635,4.4023633,7,2.6859201203599268
b3790,0,0.3566475485978676,False,-3.7752185,7.018041,-1,3.3408377737543984
b3791,0,0.2615953877850586,False,-6.5616994,4.5509367,7,2.432239623703092
b3792,0,0.1462319398114054,False,-0.49733368,8.162623,5,2.762579663665309
b3793,1,0.0782806180702363,False,0.55738795,8.07534,3,2.834346076558082
b3794,0,0.222614952006044,False,-5.564648,6.3104663,9,3.164931335256197
b3803,0,0.6456181206893412,False,-2.827672,6.212214,-1,4.226065436968781
b3804,1,0.8234670768583068,False,8.73893,-0.24107064,0,4.133891952245699
b3805,1,0.8205708946868231,False,8.982431,-0.055261064,0,3.201172626144654
b3806,0,0.627017144492699,False,-3.2232988,2.2411568,6,3.549173325331762
b3807,0,0.8986250127326815,True,8.990655,-0.305314,0,4.831665311628239
b3809,1,0.7029316488914488,False,-1.0857723,0.19997804,1,3.3686052929313437
b3816,1,0.3522567869444797,False,1.779072,7.2394657,3,3.693807775377612
b3821,0,0.2828627087218309,False,-0.1882486,6.548438,-1,4.494152971544199
b3823,0,0.3196115198103535,False,0.34570503,7.757248,3,3.298460853702023
b3824,0,0.1291394723287254,False,-0.18320684,8.291646,5,3.5227897959218635
b3825,0,0.3914467268171088,False,-2.008857,7.6056924,4,3.1111342678988274
b3826,0,0.1990018226346563,False,-6.048849,5.019167,7,2.706078438990731
b3829,0,0.1778058943972221,False,-7.5099583,4.1513867,7,2.4051828537010866
b3831,0,0.7324870643092156,True,-3.7429795,3.3853025,6,2.956153175958554
b3833,1,0.6308966532445641,False,-3.6482582,3.4898875,6,3.277086946978326
b3835,1,0.2978061489679036,False,-1.612457,6.8224735,4,2.9783110551239713
b3843,0,0.7460124675287518,True,8.916546,0.12769993,0,4.252261830089312
b3844,0,0.5985054323147817,False,-2.9971864,4.6429057,6,2.8669186103038
b3845,0,0.3024942049406893,False,-3.136747,2.8759637,6,3.7130088781086714
b3846,0,0.1203771377798801,False,-1.8815876,2.6506588,6,6.691880411275313
b3849,0,0.1235408366227925,False,1.6350807,7.7031736,3,2.1999955077449123
b3850,1,0.8711954644103489,False,8.992989,-0.096055195,0,4.344925896866918
b3856,0,0.6645114081341681,False,-5.241491,5.7385063,9,3.377136627057348
b3857,0,0.9708544502382458,True,8.757873,-0.3459335,0,4.083951967627985
b3860,1,0.5452764044473456,False,-3.7397926,7.8335557,8,3.151585123459212
b3867,0,0.5538885189904712,False,-3.6989608,2.5540886,6,2.947325359428352
b3870,0,0.3386780919512605,False,-2.087729,2.581555,6,4.115184269611339
b3875,0,0.3394228773783356,False,-2.344362,7.128473,-1,3.6625995611466013
b3882,0,0.175195488559887,False,-4.5283065,5.958614,9,2.4500307427318324
b3892,0,0.3386371671886431,False,-6.3572497,3.856623,7,3.584450450911405
b3893,0,0.429341130198883,False,-6.4434347,3.8296635,7,3.3865838911132657
b3894,0,0.1282728129373296,False,-7.4866705,3.9873617,7,3.159152363181867
b3902,1,0.4266553496231676,False,-5.073864,3.3890996,6,2.8290556164691174
b3907,0,0.161670557622476,False,0.72530586,8.348276,3,2.3562139331073535
b3908,0,0.5912326414669814,False,-5.7299066,4.86482,7,3.5992953454346144
b3909,0,0.197995317209986,False,0.69671875,7.833063,3,2.3441474397798023
b3915,0,0.1765683580469703,False,1.5182239,7.5036116,3,2.5520607215558235
b3917,0,0.6206119575648164,False,-4.167394,7.914632,8,2.604147787867546
b3918,0,0.440891299071753,False,-2.0768983,7.223786,4,3.364874720792731
b3924,0,0.6755927559946182,False,-5.2441483,3.792435,6,3.7828560524646537
b3925,0,0.5431745300787606,False,-3.548782,2.8006728,6,3.3317455816085646
b3926,0,0.339483056724347,False,-3.85884,6.91122,9,2.7657024752369583
b3927,0,0.270165405396308,False,-0.2092462,7.74883,5,2.5032432411004737
b3930,0,0.2460493089079917,False,-1.8670367,6.041141,6,3.5851552645647353
b3939,0,0.4785947782736353,False,-1.7675852,0.14510298,1,3.528782326435475
b3940,0,0.0641033643114898,False,-1.7312222,2.4097066,6,5.219185937279117
b3941,0,0.6399366178230925,False,-1.876215,-0.49799016,1,3.0588316257173265
b3942,0,0.1320761500362716,False,-7.4916644,4.249459,7,2.3623507587907335
b3945,0,0.164301992708787,False,-7.111301,4.8442245,7,2.512633246352649
b3946,0,0.6868592957303704,True,-4.81986,3.826802,6,3.1806850904076573
b3951,0,0.0407960969841292,False,-3.5260708,6.981309,-1,5.270864017097992
b3952,0,0.366075972309418,False,-5.3279476,3.101852,6,3.385416116504222
b3956,0,0.3049899349889657,False,-7.378017,3.862693,7,3.185914239711489
b3958,1,0.5179728832345823,False,-1.0801485,0.20680381,1,3.8341569582456554
b3959,0,0.78181270326602,True,-1.0392393,0.032438602,1,3.0828190322159914
b3960,0,0.3732042165373044,False,-1.61649,0.30334923,1,4.894082543183425
b3962,0,0.5909570077676547,False,-3.5849853,2.3939319,6,3.1920658218933875
b3966,0,0.2082254429698912,False,0.92957,7.35575,3,3.6813227506311734
b3967,1,0.6110837651940936,False,-1.4856713,-0.4673641,1,3.281529010175983
b3972,0,0.9318672430700664,True,8.569714,0.13734968,0,3.7837095694175376
b3974,1,0.9426008223022794,False,8.702749,-0.14385834,0,4.5791210768910435
b3992,0,0.4994276681274913,False,-1.7528322,-0.6325457,1,3.492801245305928
b3993,0,0.5528674012083383,False,-1.7848543,-0.66415673,1,3.682169791367665
b3994,0,0.3121591714219719,False,-2.0293398,-0.42066744,1,3.5125682868311423
b3996,0,0.2740400637068421,False,-2.3449414,4.443853,6,3.087276120247807
b3997,1,0.9498057548454448,False,8.649216,-0.17433996,0,3.7002002431977745
b4005,0,0.5097342202651335,False,-2.0012841,-0.39000338,1,3.285486249081804
b4006,0,0.392396322519945,False,-1.6312822,-0.47565088,1,4.187101609671111
b4013,0,0.4933108734015251,False,-1.1537672,0.16461106,1,3.4377194606921626
b4014,0,0.2817910407973665,False,-2.5822287,2.8658013,6,4.234780018493667
b4015,0,0.234412769910881,False,-7.119603,4.016091,7,2.447758301352092
b4019,0,0.1987332244198898,False,-1.7895864,2.7541363,6,4.002022429955481
b4024,0,0.3832838122900278,False,-3.8592122,6.3747725,9,3.2428607795990585
b4025,0,0.6681186768446044,False,-1.8126274,2.555077,6,4.361016769641065
b4031,0,0.1236988373229611,False,1.2418607,7.459384,3,1.983891211331123
b4033,0,0.3195900330604488,False,0.68895245,3.280196,2,3.098554918295744
b4034,0,0.4446706809821904,False,-3.723909,7.656323,8,4.503587837199536
b4035,0,0.3538758447420024,False,0.5330113,3.2366242,2,3.5786667547261266
b4036,0,0.1753565926765681,False,0.8969632,7.2063627,3,3.5968268004077584
b4039,0,0.9754054999950031,True,8.800796,-0.32535914,0,4.122996413091637
b4053,0,0.2170244140029023,False,-6.8730674,4.679662,7,2.229862030401523
b4054,1,0.1672330078347402,False,-4.4979672,2.6913855,6,3.524930309298704
b4055,0,0.1787249829412712,False,-3.0141332,4.5698752,6,3.6966889856929694
b4067,0,0.1053570288062272,False,1.1515063,7.6419697,3,2.0695472396945123
b4069,0,0.1989739108205487,False,-1.8815912,2.982841,6,3.552506193096099
b4070,0,0.1064247575803379,False,-7.402989,3.9773,7,2.7051320732426642
b4071,0,0.4958628305577988,False,-5.1083784,6.0073037,9,2.655488120837601
b4072,0,0.3623871616175433,False,-5.343276,6.0172415,9,2.8090480968413787
b4073,0,0.1992998915090031,False,-0.19389355,8.281584,5,2.9086849269023256
b4077,0,0.401560938408925,False,1.9263405,7.414515,3,2.5141226294118786
b4079,0,0.0861244426675107,False,-7.4153385,3.8504078,7,3.192015115814113
b4084,0,0.1895855438799155,False,-4.8581643,6.408217,9,1.921353482871591
b4087,0,0.346322904786917,False,-1.6865124,7.25153,4,2.94260838660029
b4088,0,0.4526445257114156,False,-4.2158847,7.85474,8,2.765209969576373
b4090,0,0.5191419706386569,False,-3.1682715,4.4759784,6,3.4300970036972718
b4111,0,0.1577540693339786,False,1.7915068,7.407123,3,2.2135391105635933
b4117,0,0.1958875158211637,False,-5.362499,2.7658122,6,3.0628890924250003
b4119,0,0.091001056691025,False,-7.2330904,5.1705575,7,2.2302417467187987
b4120,0,0.1351149190653222,False,1.3704002,7.446011,3,2.0801312632007023
b4122,0,0.3763484731862254,False,-1.9706446,3.4024367,6,3.2042377004378917
b4123,0,0.1943217396046273,False,1.5194614,7.2640243,3,2.013928847777765
b4129,0,0.6133104745544192,False,-3.3692913,2.3383393,6,3.099834428370719
b4130,0,0.1812087751679512,False,1.9353335,7.510141,3,2.3581498138771053
b4131,0,0.2303654554478274,False,-5.3869977,2.7129374,6,3.289511132090331
b4132,0,0.187229084510065,False,1.5805572,7.4172196,3,1.7540571208512192
b4136,0,0.1958658448686735,False,0.6081375,6.9411387,3,3.022148939439341
b4138,0,0.3271103068381093,False,1.8616745,7.371706,3,2.283119511833148
b4139,0,0.2823028027826271,False,-4.016311,6.7895513,9,2.9422123582376325
b4152,0,0.7716890287306933,True,-3.0353708,4.3149004,6,4.455532120858002
b4153,0,0.8096538257009119,True,-2.4983852,2.9853718,6,4.003750225525654
b4154,0,0.5040381803681762,False,-2.2925575,2.8390245,6,3.825342672065065
b4169,0,0.1720938865361084,False,-4.7318063,6.8606024,9,2.8455262354362687
b4177,0,0.856905345953665,True,-1.6786894,1.8773056,6,4.360199117596304
b4192,0,0.3821415251658971,False,-5.2110705,3.1178815,6,3.214065560600775
b4193,0,0.1557931850352708,False,0.7081789,7.4272666,3,2.484466418502039
b4195,0,0.7206730687552035,True,-4.943137,4.0654745,6,3.499979082212021
b4196,0,0.2428935780448854,False,-6.078845,4.670864,7,2.8835666419351855
b4197,0,0.2238186625872176,False,-5.16764,6.4150715,9,2.8393955723336846
b4198,0,0.2168419335577685,False,-6.1073275,5.038955,7,2.6859201203599268
b4208,0,0.2105321652295711,False,1.8912466,7.4083843,3,2.372427117820593
b4209,0,0.7623600972799993,True,-4.925704,4.1134596,6,3.6866537385946274
b4213,0,0.1548715655705682,False,-2.1381235,4.5197334,6,3.3369237174910307
b4214,0,0.8456195713656597,True,-1.298141,-0.050383836,1,4.181043111374055
b4219,0,0.3700717099797983,False,-4.82964,6.0094748,9,2.869782947743293
b4226,1,0.9841917473299914,False,-3.793625,3.780828,6,5.349673052589909
b4227,0,0.5674155114475739,False,-3.8344703,7.8582683,8,2.420402210567193
b4230,0,0.2100064917584245,False,-0.54802597,8.34442,5,2.472217884124878
b4231,0,0.2473271030087163,False,-0.49690884,8.395722,5,2.626956836242278
b4232,0,0.6666087861560793,False,-3.0117679,2.834619,6,3.453304366616908
b4233,0,0.1199636265881966,False,-7.143895,4.786325,7,2.5510735243981455
b4237,0,0.6442380815214367,False,-5.1915627,3.7442977,6,3.3383774368631345
b4238,0,0.394812001679281,False,-2.5273376,4.9199038,6,3.545250998865687
b4239,0,0.2903764139980114,False,-4.853882,3.1049223,6,2.916580899797921
b4240,0,0.2054119250144319,False,0.6962918,6.9972725,3,2.669010293650914
b4242,0,0.1236511799792311,False,0.9093652,6.951242,3,3.1284672457510405
b4244,0,0.4323710292840115,False,-3.3657703,4.4352775,6,3.706118523296004
b4245,0,0.4789303914547271,False,-1.4477794,-0.4761094,1,3.8492707967301576
b4258,1,0.719403676744141,False,-3.1440167,2.1927066,6,3.9333968423587264
b4260,0,0.1263110934995874,False,-7.3824615,4.6635275,7,2.660568262208481
b4261,1,0.7346550389822007,False,0.62126505,3.187285,2,4.41350589717287
b4262,1,0.6646805315379011,False,0.6496921,3.1684618,2,4.372224437557585
b4265,0,0.0889043624288894,False,1.2432249,7.6536126,3,2.0690593386904053
b4266,0,0.2625846259088185,False,-5.056823,6.2156835,9,2.393184091840835
b4268,0,0.2897536953515675,False,-3.5223126,5.2456026,6,3.410389093183644
b4287,0,0.4405037881507591,False,-1.8679591,7.4201193,4,2.5798813808911216
b4288,0,0.2523772019823869,False,-0.08459909,7.775936,5,2.531287196363067
b4289,0,0.3228053696808226,False,-0.10148623,7.8036337,5,2.402786345249108
b4291,0,0.3322556543560373,False,-1.3467573,7.114544,4,2.952102474222321
b4311,0,0.2400425731082253,False,0.859009,7.6740885,3,2.79638503563781
b4321,0,0.2050576954503402,False,2.0208273,7.7761445,3,2.183249126431257
b4322,0,0.2047120590613383,False,-7.365186,4.4013343,7,2.6622146196965377
b4323,0,0.217749373392387,False,-5.118234,6.763658,9,2.7898998066076532
b4356,0,0.0957272101811279,False,0.67338675,8.487068,3,2.596098870045471
b4358,0,0.1231960186835691,False,-6.8315597,5.1182413,7,2.3091539367967617
b4374,0,0.4331221739129017,False,-3.1851425,3.3069785,6,4.046450692568601
b4381,0,0.8608646087214484,True,-3.0409265,3.2888513,6,3.7845715339138684
b4382,0,0.3839497736465491,False,-2.603403,5.027519,6,2.8372749529785084
b4383,0,0.6308880247630473,False,-3.6594594,2.4981327,6,3.0869515079078496
b4384,0,0.3341564479535536,False,-2.5718033,3.9061284,6,3.416057566476076
b4386,1,0.5425794015161328,False,-4.5743165,3.348891,6,2.4908675410591954
b4388,0,0.248960874408733,False,-6.91217,4.1891484,7,2.41714326315911
b4390,0,0.4913665119737369,False,-1.3159084,4.557176,-1,4.489327368526646
b4392,0,0.1637924242369406,False,-4.125537,6.819813,-1,2.839629857879336
b4394,0,0.6797350350108432,True,-3.8287625,4.573279,6,3.430987946239469
b4395,0,0.4299689435732781,False,-3.386872,5.07135,6,3.4538620313934842
