feature,auroc,median_ess,median_non,p,q_bh
strctx_wdeg_all,0.6873172596824254,57.327,38.769000000000005,4.997936732931666e-18,5.399888091715922e-17
strctx_deg_all,0.687245288111196,279.0,187.5,5.142750563538973e-18,5.399888091715922e-17
string_deg_all,0.6764585488731951,334.0,243.0,3.584757881645063e-16,2.509330517151544e-15
up_cytoplasm,0.6238270883001215,0.0,0.0,5.200217181017304e-15,2.7301140200340846e-14
kegg_core,0.6315617830956772,1.0,0.0,4.671229494011776e-14,1.961916387484946e-13
string_wdeg_all,0.6385205343889164,102.333,70.967,1.5624525403227989e-10,5.468583891129797e-10
up_len,0.3831024245423058,5.726847747587197,5.902633333401366,6.654593768470411e-08,1.9963781305411234e-07
up_membrane,0.4315595339840763,0.0,0.0,0.00012422983461456938,0.0002979391428433874
up_tm,0.43749943772209976,0.0,0.0,0.00012768820407573744,0.0002979391428433874
string_core,0.5810602312086726,11.0,10.0,0.00017510325618923624,0.0003677168379973961
kegg_n_path,0.5777720300481309,3.0,2.0,0.0002769047533599854,0.0005286363473236085
string_deg_hi,0.5724888668975755,19.0,16.0,0.00080773501537115,0.0014135362768995124
up_n_ec,0.5558949215060052,1.0,1.0,0.002447652659846112,0.003953900450520642
strctx_deg_hi,0.5524492825333993,6.0,5.0,0.015138221818030352,0.022707332727045528
strctx_clust,0.4509693670999955,0.3333333333333333,0.4285714285714285,0.02171895314137858,0.030406534397930014
up_annot,0.5399307273626917,5.0,5.0,0.03130421115914166,0.041086777146373425
string_pagerank,0.5310422383158653,2.6593032061147004,2.5976951886210466,0.15158387185629488,0.1872506652342466
strctx_core,0.5295038459808376,4.0,4.0,0.17089481542335216,0.19937728466057753
string_clust,0.47280824074490574,0.405320813771518,0.4210526315789473,0.20906549449752165,0.2310723886551555
strctx_pagerank,0.5220840268094104,2.8186692679662824,2.8255450283282384,0.30732600059857085,0.3226923006284994
up_cofactor,0.4904592685889073,0.0,0.0,0.5939304552029752,0.5939304552029752
