organism,source_accession,source_url,local_path,sha256,bytes,use_evidence
ANA3,figshare:25236931,https://doi.org/10.6084/m9.figshare.25236931,data/cross/ANA3_gene_median_fitness.tsv,a1e276be031982bc60df45f084c7c74cf101f2b1a12a740404c75e68f8cfbdbe,107684,results/xs5/ANA3.json
BFirm,figshare:25236931,https://doi.org/10.6084/m9.figshare.25236931,data/cross/BFirm_gene_median_fitness.tsv,8bf6b0d6efee9063eda0efd4e07a59a2280de3475a7972735ae475bf0473cc5e,194069,results/xs5/BFirm.json
Btheta,figshare:25236931,https://doi.org/10.6084/m9.figshare.25236931,data/cross/Btheta_gene_median_fitness.tsv,a85763dd3f4582d80c1527c9fe04f552d6d2ddc50bbbf380657de1f6aa15b091,117026,results/xs5/Btheta.json
Burk376,figshare:25236931,https://doi.org/10.6084/m9.figshare.25236931,data/cross/Burk376_gene_median_fitness.tsv,94c1acb24722e56f7c994a1326d415f64eb1945f0bc363c1023708d67cf8e791,191707,results/xs5/Burk376.json
Caulo,figshare:25236931,https://doi.org/10.6084/m9.figshare.25236931,data/cross/Caulo_gene_median_fitness.tsv,51fa9b1e879e5503e3c5bd3cb62cae360c4ae6815cec7a6fd85b9bf3dd13dab1,111745,results/xs5/Caulo.json
Cola,figshare:25236931,https://doi.org/10.6084/m9.figshare.25236931,data/cross/Cola_gene_median_fitness.tsv,a0a46c295a7fb5ea4e62777e4ceda246fca64426575f801176550d08ded61e20,136437,results/xs5/Cola.json
Cup4G11,figshare:25236931,https://doi.org/10.6084/m9.figshare.25236931,data/cross/Cup4G11_gene_median_fitness.tsv,afd82404183b91a641d4720ac7a602c3519e67ffb45ddc8438b018f16f11ee05,228052,results/xs5/Cup4G11.json
Dda3937,figshare:25236931,https://doi.org/10.6084/m9.figshare.25236931,data/cross/Dda3937_gene_median_fitness.tsv,14dd3949a762c812058c85db681dbe690acc7c40ce59a5eecd13e6ed651a909b,142807,results/xs5/Dda3937.json
Ddia6719,figshare:25236931,https://doi.org/10.6084/m9.figshare.25236931,data/cross/Ddia6719_gene_median_fitness.tsv,121f1624d19eff3c1bf530eefd51a99720026d42afd52a6a01b73bccff870503,130986,results/xs5/Ddia6719.json
DdiaME23,figshare:25236931,https://doi.org/10.6084/m9.figshare.25236931,data/cross/DdiaME23_gene_median_fitness.tsv,0375d30915b4e5956b2d9a74738e36dde63c37e243805d5dde9df9cbc4bfa1b7,140074,results/xs5/DdiaME23.json
Dino,figshare:25236931,https://doi.org/10.6084/m9.figshare.25236931,data/cross/Dino_gene_median_fitness.tsv,b2063183ffc5f845460514d01af49f5d2061d2b98d2d6192cb0b4f052bd5d000,97696,results/xs5/Dino.json
DvH,figshare:25236931,https://doi.org/10.6084/m9.figshare.25236931,data/cross/DvH_gene_median_fitness.tsv,a1d9794407725eb415720a2247215345aad58331ceb5065ee62040fe13c3f6ed,78566,results/xs5/DvH.json
Dyella79,figshare:25236931,https://doi.org/10.6084/m9.figshare.25236931,data/cross/Dyella79_gene_median_fitness.tsv,a4f43a927140f212e89dd52e0f15e4eb4484368485746353a9f01690dce1132d,133249,results/xs5/Dyella79.json
HerbieS,figshare:25236931,https://doi.org/10.6084/m9.figshare.25236931,data/cross/HerbieS_gene_median_fitness.tsv,bd0a7201e1d1447c6559d5115d379aa169b9b5cb2bfc001e38221f26df5a55df,135056,results/xs5/HerbieS.json
Kang,figshare:25236931,https://doi.org/10.6084/m9.figshare.25236931,data/cross/Kang_gene_median_fitness.tsv,8ed0cb232cebc6cffa273558664d2f5b6bef4c550ea269f61d97dc521050067e,75558,results/xs5/Kang.json
Korea,figshare:25236931,https://doi.org/10.6084/m9.figshare.25236931,data/cross/Korea_gene_median_fitness.tsv,470c5fa7d046dbba9c53108c0d913ec035333844412e799da54182110bffa6c2,133877,results/xs5/Korea.json
Koxy,figshare:25236931,https://doi.org/10.6084/m9.figshare.25236931,data/cross/Koxy_gene_median_fitness.tsv,1dece1b989c000d873d0006371a7599f44ed877d7e39661bd0ff715a74ce53d6,165281,results/xs5/Koxy.json
MR1,figshare:25236931,https://doi.org/10.6084/m9.figshare.25236931,data/cross/MR1_gene_median_fitness.tsv,30e22df709bcfd23f0fdd27c1a93f87edb11fe97f6320b2855ee8d84b83e9100,112274,results/xs5/MR1.json
Magneto,figshare:25236931,https://doi.org/10.6084/m9.figshare.25236931,data/cross/Magneto_gene_median_fitness.tsv,a072a7277d220c735a66bfe387c30e05e9a97a669f49354ce6ced41f02b4a04d,108708,results/xs5/Magneto.json
Marino,figshare:25236931,https://doi.org/10.6084/m9.figshare.25236931,data/cross/Marino_gene_median_fitness.tsv,5096a9c3789d8268100aa0d6b987f288f4ae0db9edfd61b9df692bab341ac08e,109218,results/xs5/Marino.json
Miya,figshare:25236931,https://doi.org/10.6084/m9.figshare.25236931,data/cross/Miya_gene_median_fitness.tsv,81b8f0c3cc3356e44e6bef7c55d5fc404bd780bb650549bda9ace91087df6286,67117,results/xs5/Miya.json
PS,figshare:25236931,https://doi.org/10.6084/m9.figshare.25236931,data/cross/PS_gene_median_fitness.tsv,9993b2ebc14716acc8489d2de1190fd342c90b7c4b1494bde876c6c298e80afd,82098,results/xs5/PS.json
PV4,figshare:25236931,https://doi.org/10.6084/m9.figshare.25236931,data/cross/PV4_gene_median_fitness.tsv,3c594919bba835b7959d6c24b8d728649213f39726d821662eefa32fde0353c7,83341,results/xs5/PV4.json
Pedo557,figshare:25236931,https://doi.org/10.6084/m9.figshare.25236931,data/cross/Pedo557_gene_median_fitness.tsv,108a5bc64f479f1cb4ee1a2a630ef11d21c16d170ded8d740eb9df9d96d31516,165391,results/xs5/Pedo557.json
Phaeo,figshare:25236931,https://doi.org/10.6084/m9.figshare.25236931,data/cross/Phaeo_gene_median_fitness.tsv,91acc69e25c6c37a25529388c4a9096b0d304587066e0829b2fb9660ea13bb9f,99177,results/xs5/Phaeo.json
Ponti,figshare:25236931,https://doi.org/10.6084/m9.figshare.25236931,data/cross/Ponti_gene_median_fitness.tsv,654e423437f4c0a3b81b434b5eb1f6da326740199c9388dc15157e8a3a34ed7b,127487,results/xs5/Ponti.json
Putida,figshare:25236931,https://doi.org/10.6084/m9.figshare.25236931,data/cross/Putida_gene_median_fitness.tsv,73245a89d8f99e0fdc3f8388ac733ef50806057ca453d79ffdde2147ad974039,151485,results/xs5/Putida.json
RalstoniaBSBF1503,figshare:25236931,https://doi.org/10.6084/m9.figshare.25236931,data/cross/RalstoniaBSBF1503_gene_median_fitness.tsv,37ab2f591637e735f925590e27a7e5b50388be168d64760054dcc8d93c888864,135764,results/xs5/RalstoniaBSBF1503.json
RalstoniaGMI1000,figshare:25236931,https://doi.org/10.6084/m9.figshare.25236931,data/cross/RalstoniaGMI1000_gene_median_fitness.tsv,be1d2192a721faa5f87269298135cf26919cff6150488b8346fb71384050f9d6,119611,results/xs5/RalstoniaGMI1000.json
RalstoniaPSI07,figshare:25236931,https://doi.org/10.6084/m9.figshare.25236931,data/cross/RalstoniaPSI07_gene_median_fitness.tsv,9ad4886c21c1be4aab99439da86958596c41556b0d1d7d30baa9074b2dd06713,145024,results/xs5/RalstoniaPSI07.json
RalstoniaUW163,figshare:25236931,https://doi.org/10.6084/m9.figshare.25236931,data/cross/RalstoniaUW163_gene_median_fitness.tsv,f6dcc75a454e33bd56635192d2b24d4e206a104a821ff01483fbd701c320ee36,129961,results/xs5/RalstoniaUW163.json
SB2B,figshare:25236931,https://doi.org/10.6084/m9.figshare.25236931,data/cross/SB2B_gene_median_fitness.tsv,5c35ea83dac966f5a13a77da96849eddf36046bf4dfae85a4e4a424c1609a65b,101827,results/xs5/SB2B.json
Smeli,figshare:25236931,https://doi.org/10.6084/m9.figshare.25236931,data/cross/Smeli_gene_median_fitness.tsv,e4eafcac649e47e1200e60b75662832668fdb8307bdc133d64c67422509b93f5,155359,results/xs5/Smeli.json
SynE,figshare:25236931,https://doi.org/10.6084/m9.figshare.25236931,data/cross/SynE_gene_median_fitness.tsv,a268cadc75bf8f1d1c5f0568a4f9d0f20a17d07341901d2d1eff900031e83206,76185,results/xs5/SynE.json
SyringaeB728a,figshare:25236931,https://doi.org/10.6084/m9.figshare.25236931,data/cross/SyringaeB728a_gene_median_fitness.tsv,e6b82c2a3079e09d8d6bee32bc960fb5c5889b33ee96b8d1f1b7863ed95d6bf5,143285,results/xs5/SyringaeB728a.json
WCS417,figshare:25236931,https://doi.org/10.6084/m9.figshare.25236931,data/cross/WCS417_gene_median_fitness.tsv,c9594e42cc37b8193a99caa01bc70f0a80f4a7e8aadc0990a5a80d29ec849baf,135959,results/xs5/WCS417.json
acidovorax_3H11,figshare:25236931,https://doi.org/10.6084/m9.figshare.25236931,data/cross/acidovorax_3H11_gene_median_fitness.tsv,4db5d753e0f6b6b01a72f6ca2929646b753b55e4c6badab83f91ee70d6ebef84,138474,results/xs5/acidovorax_3H11.json
azobra,figshare:25236931,https://doi.org/10.6084/m9.figshare.25236931,data/cross/azobra_gene_median_fitness.tsv,4dba972737a79a86e32fe647f8eb3a8e5a2c760a49497f51efe6276a4c2c6d65,168132,results/xs5/azobra.json
psRCH2,figshare:25236931,https://doi.org/10.6084/m9.figshare.25236931,data/cross/psRCH2_gene_median_fitness.tsv,15310583615ed1527b889e4bce5d76124d6396730fb59f6becb3ffd672130de4,106556,results/xs5/psRCH2.json
pseudo13_GW456_L13,figshare:25236931,https://doi.org/10.6084/m9.figshare.25236931,data/cross/pseudo13_GW456_L13_gene_median_fitness.tsv,6467021571d867674475b8203c5ce6ea05d5ce734e48353bd574df36d2ecb442,173787,results/xs5/pseudo13_GW456_L13.json
pseudo1_N1B4,figshare:25236931,https://doi.org/10.6084/m9.figshare.25236931,data/cross/pseudo1_N1B4_gene_median_fitness.tsv,6108d035871db45a0aea6ee713a2544680c7cdf583cce836eb0b176e9407958c,175889,results/xs5/pseudo1_N1B4.json
pseudo3_N2E3,figshare:25236931,https://doi.org/10.6084/m9.figshare.25236931,data/cross/pseudo3_N2E3_gene_median_fitness.tsv,0dae4d94293e71c86b2c79fd7afd09780ae0c4f1ea738e100473ac94aba42882,185025,results/xs5/pseudo3_N2E3.json
pseudo5_N2C3_1,figshare:25236931,https://doi.org/10.6084/m9.figshare.25236931,data/cross/pseudo5_N2C3_1_gene_median_fitness.tsv,021823a1a21dc99cf89b0db3ab20aaeea64412660898465fc9a4c4917eb52b79,180748,results/xs5/pseudo5_N2C3_1.json
pseudo6_N2E2,figshare:25236931,https://doi.org/10.6084/m9.figshare.25236931,data/cross/pseudo6_N2E2_gene_median_fitness.tsv,5cf00eb022be3415fbc666c0d7345ddc2891a7623fa1cfa286195b31084cb9dd,183174,results/xs5/pseudo6_N2E2.json
