bnumber,leiden,louvain,priority
b0002,0,3,False
b0004,3,3,False
b0007,3,3,False
b0008,1,1,True
b0009,8,2,False
b0019,6,5,False
b0025,4,0,False
b0026,14,14,False
b0029,13,15,False
b0030,0,3,False
b0031,0,3,False
b0032,0,0,False
b0033,0,0,False
b0036,15,11,False
b0037,15,11,False
b0038,15,11,False
b0040,15,11,False
b0047,6,5,False
b0048,0,0,False
b0049,3,3,True
b0052,3,3,False
b0061,1,16,False
b0062,1,16,False
b0063,1,16,False
b0066,5,4,False
b0067,6,5,False
b0068,13,2,False
b0070,27,29,False
b0071,2,1,False
b0072,2,1,False
b0073,3,1,False
b0074,2,1,False
b0077,2,1,False
b0078,2,1,False
b0084,11,10,False
b0085,11,10,False
b0086,11,10,True
b0087,11,10,True
b0088,11,10,False
b0090,11,10,False
b0091,11,10,False
b0092,11,10,False
b0099,28,48,False
b0103,3,0,False
b0104,0,0,False
b0109,4,0,False
b0110,11,10,False
b0112,3,3,False
b0114,2,1,False
b0115,2,1,False
b0116,2,1,False
b0118,2,6,False
b0120,0,13,False
b0121,0,13,False
b0123,7,8,False
b0124,1,1,False
b0125,4,0,True
b0126,0,0,False
b0131,0,0,True
b0133,3,0,True
b0134,3,0,True
b0142,4,0,False
b0149,11,10,False
b0150,7,8,False
b0151,6,5,False
b0152,6,5,False
b0153,6,5,False
b0154,16,17,False
b0155,29,49,False
b0158,6,5,False
b0159,0,13,False
b0160,4,0,False
b0166,0,3,False
b0171,4,0,False
b0173,13,15,False
b0174,11,10,False
b0175,10,9,False
b0180,10,9,False
b0181,9,7,False
b0182,9,7,False
b0185,2,1,False
b0186,0,13,False
b0194,14,14,False
b0197,6,5,True
b0198,6,5,False
b0199,6,5,False
b0200,9,7,False
b0207,3,11,True
b0212,2,1,False
b0221,10,9,False
b0222,9,7,False
b0237,0,0,False
b0241,7,8,False
b0242,0,0,False
b0243,0,0,False
b0260,0,3,False
b0261,0,3,False
b0273,0,0,False
b0306,10,9,False
b0307,10,9,False
b0308,10,9,False
b0311,10,9,False
b0312,10,9,False
b0314,10,9,False
b0323,0,0,False
b0331,2,1,False
b0333,2,1,False
b0334,2,1,False
b0336,0,0,False
b0337,4,0,False
b0339,0,0,False
b0340,0,0,False
b0341,0,0,False
b0343,1,12,False
b0344,1,12,False
b0347,8,2,False
b0348,8,2,False
b0349,8,2,False
b0350,8,2,False
b0351,2,1,False
b0352,8,2,False
b0353,30,28,False
b0355,2,2,False
b0356,2,2,False
b0365,5,4,False
b0366,5,4,False
b0367,5,4,False
b0368,5,4,False
b0369,16,17,False
b0381,11,10,False
b0383,4,0,False
b0386,0,0,False
b0388,3,3,False
b0394,1,1,False
b0401,31,42,False
b0403,1,12,False
b0404,3,0,False
b0411,7,8,False
b0414,4,0,False
b0415,4,0,False
b0417,13,2,False
b0418,10,9,False
b0420,13,15,False
b0421,13,15,False
b0423,13,2,True
b0425,3,0,True
b0428,12,6,False
b0429,12,6,False
b0430,12,6,False
b0431,12,6,False
b0432,12,6,False
b0433,11,10,False
b0444,4,0,False
b0446,24,23,False
b0451,0,0,False
b0452,10,1,False
b0459,32,31,False
b0462,7,8,False
b0463,7,8,False
b0469,4,0,False
b0474,4,0,False
b0475,16,17,False
b0477,4,0,False
b0480,4,0,False
b0484,7,8,False
b0485,0,0,False
b0494,10,9,False
b0505,3,11,False
b0507,3,11,False
b0508,3,11,False
b0509,3,11,False
b0511,3,11,False
b0512,3,11,False
b0514,3,11,False
b0516,3,11,False
b0517,3,11,False
b0521,0,0,False
b0522,0,0,False
b0523,0,0,True
b0524,9,7,False
b0526,14,14,False
b0529,0,0,False
b0572,7,8,False
b0573,7,8,False
b0574,7,8,False
b0575,7,8,False
b0576,1,12,False
b0578,4,0,False
b0583,7,8,False
b0584,7,8,False
b0585,7,8,False
b0586,7,8,False
b0588,7,8,False
b0590,7,8,False
b0592,7,8,False
b0593,7,8,False
b0594,7,8,False
b0595,7,8,False
b0596,7,8,False
b0604,7,12,False
b0612,17,18,False
b0613,17,18,False
b0614,17,18,False
b0615,17,18,False
b0616,17,18,False
b0617,17,18,False
b0621,17,18,False
b0622,9,7,False
b0628,2,1,False
b0630,10,9,False
b0632,11,10,False
b0635,11,10,False
b0638,18,19,False
b0639,4,0,False
b0642,14,14,False
b0650,5,4,False
b0651,5,4,False
b0652,5,4,False
b0653,5,4,False
b0654,5,4,False
b0655,5,4,True
b0662,13,15,False
b0674,0,0,False
b0677,11,10,False
b0678,11,10,False
b0679,1,1,False
b0680,14,14,False
b0684,13,15,True
b0688,1,1,False
b0692,0,13,False
b0693,0,13,False
b0697,6,5,False
b0698,6,5,False
b0709,33,30,False
b0720,2,1,False
b0721,2,6,False
b0722,2,6,False
b0723,2,6,False
b0724,2,6,False
b0726,2,6,False
b0727,2,6,False
b0728,2,6,False
b0729,2,6,True
b0731,1,1,False
b0732,1,12,False
b0733,12,6,False
b0734,12,6,False
b0736,10,3,False
b0750,4,0,True
b0751,4,0,False
b0752,7,8,False
b0754,3,3,False
b0755,1,1,True
b0756,1,12,False
b0757,1,12,False
b0758,1,12,False
b0759,1,12,False
b0763,5,2,False
b0764,5,2,False
b0765,5,2,False
b0766,5,2,False
b0767,1,1,False
b0774,10,9,False
b0775,10,9,False
b0776,10,9,False
b0777,10,9,False
b0778,10,9,True
b0781,8,2,True
b0783,8,2,True
b0784,8,2,True
b0785,8,2,True
b0789,10,9,False
b0805,7,8,False
b0809,5,4,False
b0810,5,4,False
b0811,5,4,True
b0813,0,3,False
b0822,24,23,False
b0825,9,7,False
b0826,8,2,True
b0827,8,2,True
b0828,0,0,False
b0829,5,4,False
b0830,5,4,False
b0831,5,4,False
b0832,5,4,False
b0837,34,43,False
b0839,11,10,False
b0841,11,10,False
b0842,7,8,False
b0854,6,5,False
b0855,6,5,False
b0856,6,5,False
b0857,6,5,False
b0860,5,4,False
b0861,5,4,False
b0862,5,4,False
b0863,5,4,False
b0864,5,4,False
b0870,3,3,False
b0871,2,1,False
b0875,0,0,False
b0886,6,5,False
b0887,6,5,False
b0888,7,12,False
b0893,14,14,False
b0894,8,2,False
b0895,8,2,False
b0896,8,2,False
b0902,2,1,False
b0903,2,1,False
b0904,2,1,False
b0907,3,3,True
b0908,3,3,True
b0910,4,0,False
b0914,6,5,False
b0915,9,7,False
b0918,9,7,False
b0928,0,6,False
b0929,7,8,False
b0930,14,14,False
b0931,4,0,False
b0932,0,0,False
b0933,5,4,False
b0934,5,4,False
b0935,5,4,False
b0936,5,4,False
b0937,5,4,False
b0945,0,0,False
b0954,10,9,False
b0957,7,8,True
b0963,2,1,False
b0968,2,1,False
b0972,12,2,False
b0973,12,2,False
b0974,12,2,False
b0978,12,6,False
b0979,12,6,False
b0980,12,0,False
b0996,8,2,False
b0997,8,2,False
b1002,1,12,False
b1006,4,0,False
b1007,4,0,False
b1008,4,0,False
b1009,4,0,False
b1010,4,0,False
b1011,4,0,False
b1012,4,0,False
b1014,0,0,False
b1015,3,3,False
b1033,3,11,False
b1054,9,7,False
b1059,5,4,False
b1062,0,0,False
b1064,7,12,False
b1069,11,10,False
b1090,10,9,True
b1091,10,9,False
b1092,10,9,False
b1093,10,9,False
b1095,10,9,True
b1096,10,9,True
b1098,4,0,False
b1101,1,1,False
b1102,7,8,False
b1106,13,2,False
b1107,11,10,False
b1109,12,6,False
b1119,11,10,False
b1123,6,5,False
b1124,6,5,False
b1125,6,5,False
b1126,6,5,False
b1131,0,0,False
b1134,26,24,False
b1136,2,6,False
b1185,7,12,False
b1186,6,5,False
b1189,11,10,False
b1190,11,10,False
b1193,11,10,False
b1192,11,10,False
b1197,1,1,False
b1198,10,9,False
b1199,10,9,False
b1200,10,9,False
b1206,0,0,False
b1207,1,1,False
b1208,13,15,False
b1216,6,5,False
b1223,8,2,False
b1224,8,2,False
b1225,8,2,False
b1226,8,2,False
b1227,8,2,False
b1232,2,0,False
b1236,1,12,False
b1238,4,0,False
b1241,2,1,False
b1243,5,4,False
b1244,5,4,False
b1245,5,4,False
b1246,5,4,False
b1247,5,4,False
b1249,10,9,False
b1250,6,5,False
b1252,7,8,False
b1260,3,3,False
b1261,3,3,False
b1262,3,3,False
b1263,3,3,False
b1264,3,3,False
b1270,18,19,False
b1276,2,6,False
b1277,4,0,False
b1278,10,9,False
b1281,0,0,False
b1288,10,9,False
b1291,5,4,False
b1296,0,13,False
b1297,0,13,False
b1298,0,0,False
b1300,0,13,False
b1301,0,13,False
b1302,0,13,False
b1308,35,44,False
b1319,7,8,False
b1325,0,0,False
b1326,0,0,False
b1329,5,4,False
b1363,6,5,False
b1377,7,8,False
b1378,2,1,False
b1380,2,1,False
b1385,15,11,False
b1386,15,11,False
b1387,15,11,False
b1388,15,11,False
b1390,15,11,False
b1391,15,11,False
b1392,15,11,False
b1393,15,11,False
b1394,15,11,False
b1395,15,11,False
b1397,15,11,False
b1398,15,11,False
b1415,2,1,False
b1440,6,5,False
b1441,6,5,False
b1442,6,5,False
b1443,6,5,False
b1444,0,0,False
b1453,36,45,False
b1463,37,46,False
b1465,8,2,False
b1466,8,2,False
b1467,8,2,False
b1468,8,2,False
b1469,8,2,False
b1473,3,3,False
b1474,8,2,False
b1475,8,2,False
b1476,8,2,False
b1478,2,1,False
b1479,2,1,False
b1483,5,4,False
b1484,5,4,False
b1485,5,4,False
b1486,5,4,False
b1487,5,4,False
b1488,5,4,False
b1489,38,47,False
b1492,0,0,False
b1493,0,0,False
b1519,39,40,False
b1521,1,1,False
b1524,0,0,False
b1525,2,6,False
b1528,40,41,False
b1533,22,27,False
b1539,4,0,False
b1584,0,13,False
b1587,8,2,False
b1588,8,2,False
b1589,8,2,False
b1590,8,2,False
b1592,41,35,False
b1599,25,25,False
b1600,25,25,False
b1602,4,0,False
b1603,4,0,False
b1605,0,0,False
b1606,0,0,False
b1611,2,6,False
b1612,2,6,False
b1613,1,1,False
b1621,1,1,False
b1622,0,3,False
b1623,4,0,False
b1634,42,36,False
b1636,3,3,False
b1637,14,14,False
b1638,3,3,False
b1640,11,10,False
b1646,7,12,False
b1654,13,2,False
b1656,2,12,False
b1661,43,37,True
b1662,4,0,False
b1676,2,1,False
b1679,13,2,False
b1680,13,2,False
b1681,13,2,False
b1682,13,2,True
b1683,13,2,False
b1684,13,2,False
b1692,3,3,False
b1693,3,3,False
b1701,10,9,False
b1704,3,3,False
b1709,6,5,False
b1710,7,12,False
b1711,6,5,False
b1719,14,14,False
b1723,1,1,False
b1732,1,1,False
b1734,1,1,False
b1740,4,0,False
b1745,0,13,False
b1746,0,13,False
b1747,0,13,False
b1748,0,13,False
b1759,44,38,True
b1761,0,0,False
b1764,13,2,False
b1767,0,0,False
b1768,4,0,False
b1773,45,39,False
b1779,1,1,False
b1781,46,34,False
b1805,10,9,False
b1812,3,3,True
b1814,3,3,False
b1817,1,1,True
b1818,1,1,False
b1819,1,1,False
b1849,0,0,False
b1850,1,1,False
b1851,1,1,False
b1852,1,1,False
b1854,2,1,False
b1855,9,7,False
b1857,7,8,False
b1858,7,8,False
b1859,7,8,False
b1865,4,0,False
b1866,14,14,False
b1872,8,2,False
b1873,8,2,False
b1876,14,14,False
b1896,1,1,False
b1897,1,1,False
b1900,6,5,False
b1901,6,5,False
b1907,3,3,False
b1912,10,9,False
b1927,1,12,False
b1981,2,12,False
b1982,4,0,False
b1991,18,19,False
b1992,18,19,False
b1993,18,19,False
b2010,11,10,False
b2020,3,3,False
b2021,3,3,False
b2022,3,3,False
b2023,3,3,True
b2024,3,3,True
b2025,3,3,True
b2026,3,3,True
b2027,9,7,False
b2028,9,7,False
b2029,1,1,False
b2032,9,7,False
b2033,9,7,False
b2034,9,7,False
b2035,9,7,False
b2037,9,7,False
b2038,9,7,False
b2039,9,7,False
b2040,9,7,False
b2041,9,7,False
b2045,47,33,False
b2048,9,7,False
b2049,9,7,False
b2051,9,7,False
b2052,9,7,False
b2053,9,7,False
b2065,4,0,False
b2066,4,0,True
b2091,1,1,False
b2093,1,1,False
b2094,1,1,True
b2095,1,1,False
b2096,1,1,False
b2097,1,1,False
b2103,13,2,False
b2104,13,2,False
b2114,14,14,False
b2128,6,5,False
b2129,6,5,False
b2130,6,5,False
b2131,6,5,False
b2132,1,1,False
b2133,2,1,False
b2134,11,10,False
b2143,4,0,False
b2146,4,0,False
b2147,4,0,False
b2149,6,5,False
b2150,6,5,False
b2153,4,0,False
b2154,2,2,False
b2155,7,8,False
b2156,2,6,False
b2162,4,0,False
b2167,1,1,False
b2168,1,1,False
b2169,1,1,False
b2170,48,32,False
b2174,9,7,False
b2197,8,2,False
b2198,8,2,True
b2199,8,2,False
b2200,8,2,False
b2201,8,2,False
b2202,8,2,False
b2203,8,2,False
b2204,8,2,False
b2205,8,2,False
b2206,8,2,False
b2210,2,6,False
b2215,7,8,False
b2221,2,1,False
b2222,2,1,False
b2223,2,1,False
b2224,2,1,False
b2232,13,15,False
b2234,4,0,False
b2235,4,0,False
b2239,10,9,False
b2240,10,9,False
b2241,10,9,False
b2242,10,9,False
b2243,10,9,False
b2251,26,24,False
b2254,9,7,False
b2255,9,7,False
b2256,9,7,False
b2257,9,7,False
b2258,9,7,False
b2260,7,8,False
b2265,3,3,False
b2276,12,6,False
b2277,12,6,False
b2278,12,6,False
b2280,12,6,False
b2281,12,6,False
b2282,12,6,False
b2283,12,6,False
b2284,12,6,False
b2286,12,6,False
b2287,12,6,False
b2288,12,6,False
b2291,4,0,True
b2296,2,1,False
b2297,2,1,False
b2303,4,0,True
b2306,5,4,False
b2307,5,4,False
b2308,5,4,False
b2309,5,4,False
b2310,5,4,False
b2311,13,15,False
b2312,0,0,False
b2320,3,3,True
b2323,10,9,False
b2328,3,11,False
b2329,3,3,False
b2341,2,1,False
b2342,2,1,False
b2344,7,8,False
b2373,2,1,False
b2374,2,1,False
b2378,9,7,False
b2379,3,1,False
b2388,1,1,False
b2392,7,8,False
b2393,7,8,False
b2400,14,14,False
b2406,7,8,False
b2407,4,0,False
b2411,14,14,False
b2414,0,4,False
b2415,1,1,True
b2416,1,1,False
b2417,1,1,True
b2418,3,3,False
b2421,5,4,False
b2422,5,4,False
b2423,5,4,False
b2424,5,4,False
b2425,5,4,False
b2428,11,10,False
b2429,1,1,False
b2435,11,10,False
b2436,16,17,False
b2440,10,9,False
b2441,10,9,False
b2458,2,1,False
b2463,2,1,False
b2464,1,1,False
b2465,1,1,False
b2467,9,7,False
b2470,7,8,False
b2472,0,3,False
b2476,0,0,True
b2478,0,3,False
b2480,7,12,True
b2481,12,6,False
b2482,12,6,False
b2483,12,6,False
b2484,12,6,False
b2485,12,6,False
b2486,12,6,False
b2487,12,6,False
b2489,12,6,False
b2490,12,6,False
b2492,12,6,False
b2497,0,0,False
b2498,4,0,True
b2499,0,0,True
b2500,0,0,False
b2501,0,0,False
b2502,0,0,False
b2507,0,0,True
b2508,0,0,False
b2514,14,14,False
b2515,13,15,False
b2518,4,0,False
b2519,11,10,False
b2521,5,4,False
b2523,0,0,False
b2529,13,2,False
b2530,13,2,False
b2533,4,0,False
b2536,1,11,False
b2538,8,2,False
b2539,8,2,False
b2540,8,2,False
b2541,8,2,False
b2542,8,2,False
b2551,0,0,False
b2552,8,2,False
b2557,0,0,True
b2558,11,10,False
b2563,3,0,False
b2564,3,3,False
b2574,0,0,False
b2578,22,27,False
b2579,2,1,False
b2582,7,12,False
b2585,10,3,False
b2587,49,52,False
b2599,3,3,False
b2600,3,3,True
b2601,3,3,False
b2615,4,0,False
b2661,2,6,False
b2662,2,1,False
b2663,2,6,False
b2675,4,0,False
b2676,4,0,False
b2677,6,5,False
b2678,6,5,False
b2679,6,5,False
b2682,21,21,False
b2683,21,21,False
b2688,0,0,False
b2690,0,0,False
b2697,14,14,False
b2701,11,10,False
b2702,1,1,False
b2703,1,1,False
b2705,1,1,False
b2708,9,7,False
b2710,8,2,False
b2711,8,2,False
b2715,1,1,False
b2719,12,6,False
b2720,12,6,False
b2721,12,6,False
b2722,12,6,False
b2723,12,6,False
b2738,50,53,False
b2744,4,0,False
b2746,13,15,False
b2747,13,15,False
b2751,5,4,False
b2752,5,4,False
b2762,5,4,True
b2763,5,4,False
b2764,5,4,False
b2765,4,0,False
b2780,4,0,False
b2781,4,0,False
b2784,4,0,True
b2787,3,11,False
b2788,3,11,False
b2789,3,11,False
b2794,4,0,True
b2796,3,3,False
b2797,3,3,False
b2799,1,1,False
b2800,1,1,False
b2801,1,1,False
b2802,1,1,False
b2803,1,1,False
b2810,13,2,False
b2813,11,10,False
b2817,11,10,False
b2818,0,0,True
b2827,4,0,False
b2835,10,9,False
b2836,10,9,False
b2838,0,3,False
b2841,1,16,False
b2866,4,0,False
b2867,4,0,False
b2868,4,0,False
b2871,8,2,False
b2874,0,0,False
b2877,4,0,False
b2882,4,0,False
b2883,4,0,False
b2889,13,15,False
b2893,7,12,False
b2895,51,54,False
b2901,1,1,False
b2903,0,0,False
b2904,0,0,True
b2905,0,0,False
b2907,13,15,False
b2912,0,0,False
b2913,1,1,False
b2917,2,1,False
b2919,2,1,False
b2920,2,1,False
b2923,52,55,False
b2925,1,1,False
b2926,1,1,False
b2927,1,1,True
b2930,1,1,False
b2935,1,1,False
b2937,0,13,False
b2938,0,13,False
b2942,0,3,False
b2943,1,1,False
b2947,0,0,False
b2957,0,0,False
b2963,11,10,False
b2964,7,8,False
b2965,0,13,False
b2975,3,11,False
b2979,3,11,False
b2987,6,5,False
b2988,0,12,False
b2994,12,2,False
b2995,8,2,False
b2996,12,2,False
b2997,12,2,False
b3001,3,11,False
b3005,7,8,True
b3006,7,8,False
b3008,0,3,False
b3012,1,1,False
b3018,10,9,False
b3028,4,0,False
b3029,4,0,False
b3034,1,1,False
b3035,7,8,False
b3040,7,8,True
b3041,4,0,False
b3052,9,7,False
b3057,11,10,False
b3058,4,0,True
b3059,10,9,False
b3062,2,1,False
b3063,2,1,False
b3073,0,13,False
b3089,5,4,False
b3091,1,1,False
b3093,1,1,False
b3114,2,1,False
b3115,2,1,False
b3117,3,3,False
b3125,3,11,False
b3126,3,11,False
b3127,3,11,False
b3128,3,11,False
b3132,1,1,False
b3137,1,1,False
b3172,0,0,True
b3176,11,10,True
b3177,4,0,True
b3182,11,10,False
b3187,13,15,False
b3189,11,10,True
b3196,9,7,False
b3197,9,7,False
b3201,6,5,False
b3212,0,0,False
b3213,0,0,False
b3222,11,10,False
b3223,11,10,False
b3224,11,10,False
b3225,11,10,False
b3236,2,6,False
b3258,3,0,False
b3265,7,8,False
b3266,7,8,False
b3281,3,3,False
b3288,0,0,False
b3290,6,5,False
b3350,6,5,False
b3360,3,3,True
b3365,8,2,False
b3366,8,2,True
b3370,19,20,False
b3371,19,20,False
b3374,19,20,False
b3380,1,1,False
b3384,14,14,False
b3385,3,11,False
b3386,1,1,False
b3389,3,3,False
b3390,3,3,False
b3396,11,10,False
b3397,1,1,False
b3403,2,1,False
b3409,7,8,False
b3412,10,9,True
b3415,1,11,False
b3416,1,12,False
b3417,1,12,False
b3426,10,9,False
b3428,1,12,False
b3429,1,12,False
b3430,1,12,False
b3431,1,12,False
b3432,1,12,False
b3433,0,3,False
b3447,0,0,False
b3449,10,5,False
b3451,6,5,False
b3452,6,5,False
b3453,6,5,False
b3454,5,4,False
b3455,5,4,False
b3456,5,4,False
b3458,5,4,False
b3460,5,4,False
b3469,7,8,False
b3476,5,4,False
b3477,5,4,False
b3478,5,4,False
b3479,5,4,False
b3480,5,4,False
b3493,53,50,False
b3496,54,51,False
b3500,7,12,False
b3502,20,22,False
b3503,20,22,False
b3526,1,1,False
b3528,2,6,False
b3540,5,4,False
b3541,5,4,False
b3542,5,4,False
b3543,5,4,False
b3544,5,4,False
b3546,9,7,False
b3551,8,2,False
b3553,3,11,False
b3559,14,14,False
b3560,14,14,False
b3565,1,16,False
b3566,6,5,False
b3567,6,5,False
b3568,6,5,False
b3571,1,12,False
b3572,3,1,False
b3575,1,16,False
b3577,1,16,False
b3579,1,16,False
b3580,1,16,False
b3583,1,16,False
b3591,2,2,False
b3599,1,1,False
b3600,1,1,False
b3603,2,1,False
b3605,2,1,False
b3607,3,3,False
b3608,10,9,True
b3610,7,12,True
b3612,1,1,False
b3616,3,3,False
b3617,3,3,False
b3619,9,7,False
b3620,9,7,False
b3621,9,7,False
b3622,9,7,False
b3623,9,7,False
b3624,9,7,False
b3629,9,7,False
b3630,9,7,False
b3631,9,7,False
b3632,9,7,False
b3633,9,7,False
b3634,3,0,False
b3639,3,0,False
b3640,4,0,False
b3642,0,0,False
b3648,4,0,False
b3653,5,4,False
b3654,0,0,False
b3665,4,0,False
b3666,11,0,False
b3671,2,1,False
b3679,55,56,False
b3691,23,26,False
b3693,23,26,False
b3708,3,3,False
b3709,3,3,False
b3714,0,0,False
b3722,1,1,False
b3725,6,5,True
b3726,6,5,False
b3727,6,5,False
b3728,6,5,True
b3729,0,0,False
b3730,11,10,False
b3731,12,6,False
b3732,12,6,True
b3733,12,6,True
b3734,12,6,True
b3736,12,6,False
b3737,12,6,True
b3738,12,6,True
b3739,12,6,False
b3744,0,0,False
b3747,6,5,False
b3748,6,5,True
b3749,6,5,False
b3750,6,5,False
b3751,6,5,False
b3752,1,1,False
b3770,3,1,False
b3771,3,1,False
b3772,3,3,False
b3774,3,1,True
b3779,0,0,False
b3781,7,12,True
b3784,9,7,False
b3785,9,7,False
b3786,9,7,False
b3787,9,7,False
b3788,9,7,False
b3789,9,7,False
b3790,9,7,False
b3791,9,7,False
b3792,9,7,False
b3793,9,7,False
b3794,9,7,False
b3803,16,17,False
b3804,16,17,False
b3805,16,17,False
b3806,4,0,False
b3807,13,2,True
b3809,0,3,False
b3816,56,58,False
b3821,10,9,False
b3823,0,3,False
b3824,0,3,False
b3825,10,6,False
b3826,10,6,False
b3829,0,3,False
b3831,4,0,True
b3833,13,15,False
b3835,13,15,False
b3843,13,15,True
b3844,0,0,False
b3845,2,1,False
b3846,2,1,False
b3849,6,5,False
b3850,16,17,False
b3856,8,2,False
b3857,8,2,True
b3860,7,12,False
b3867,16,17,False
b3870,0,0,False
b3875,57,57,False
b3882,2,6,False
b3892,2,2,False
b3893,2,2,False
b3894,2,2,False
b3902,1,1,False
b3907,1,1,False
b3908,7,12,False
b3909,1,1,False
b3915,7,8,False
b3917,5,4,False
b3918,10,9,False
b3924,8,2,False
b3925,1,1,False
b3926,10,9,False
b3927,10,9,False
b3930,13,15,False
b3939,0,3,False
b3940,0,3,False
b3941,0,3,False
b3942,7,12,False
b3945,10,9,False
b3946,1,1,True
b3951,2,1,False
b3952,2,1,False
b3956,2,1,False
b3958,0,0,False
b3959,0,0,True
b3960,2,6,False
b3962,2,0,False
b3966,7,8,False
b3967,11,10,False
b3972,11,10,True
b3974,3,0,False
b3992,13,2,False
b3993,13,2,False
b3994,13,2,False
b3996,4,0,False
b3997,16,17,False
b4005,0,0,False
b4006,0,0,False
b4013,0,3,False
b4014,2,1,False
b4015,2,1,False
b4019,0,3,False
b4024,0,0,False
b4025,1,1,False
b4031,1,5,False
b4033,6,5,False
b4034,7,12,False
b4035,6,5,False
b4036,7,8,False
b4039,3,3,True
b4053,11,10,False
b4054,3,3,False
b4055,4,0,False
b4067,2,1,False
b4069,2,1,False
b4070,8,2,False
b4071,8,2,False
b4072,8,2,False
b4073,8,2,False
b4077,5,4,False
b4079,12,2,False
b4084,6,5,False
b4087,6,5,False
b4088,6,5,False
b4090,1,1,False
b4111,10,9,False
b4117,0,0,False
b4119,1,12,False
b4120,1,12,False
b4122,2,6,False
b4123,2,6,False
b4129,14,14,False
b4130,14,14,False
b4131,0,13,False
b4132,0,13,False
b4136,7,12,False
b4138,0,0,False
b4139,0,0,False
b4152,2,6,True
b4153,2,6,True
b4154,2,6,False
b4169,11,10,False
b4177,0,0,True
b4192,1,16,False
b4193,1,16,False
b4195,1,16,True
b4196,1,16,False
b4197,1,16,False
b4198,1,16,False
b4208,5,4,False
b4209,8,2,True
b4213,4,0,False
b4214,5,4,True
b4219,7,12,False
b4226,12,6,False
b4227,6,5,False
b4230,6,5,False
b4231,6,5,False
b4232,1,1,False
b4233,11,10,False
b4237,4,0,False
b4238,4,0,False
b4239,1,1,False
b4240,1,1,False
b4242,7,8,False
b4244,0,0,False
b4245,0,0,False
b4258,14,14,False
b4260,0,0,False
b4261,6,5,False
b4262,6,5,False
b4265,1,11,False
b4266,1,11,False
b4268,1,11,False
b4287,6,5,False
b4288,6,5,False
b4289,6,5,False
b4291,7,8,False
b4311,7,8,False
b4321,1,1,False
b4322,1,1,False
b4323,1,1,False
b4356,1,16,False
b4358,1,16,False
b4374,4,0,False
b4381,1,1,True
b4382,4,0,False
b4383,1,1,False
b4384,4,0,False
b4386,2,1,False
b4388,3,3,False
b4390,4,0,False
b4392,11,10,False
b4394,4,0,True
b4395,1,1,False
