bnumber,essential,lightgbm,catboost,imblearn_oversampled_lr
b0002,0,0.05627992698120406,0.05571730432434864,0.06297428725122875
b0004,0,0.197674370423265,0.19865253700734856,0.497567541511581
b0007,0,0.039482413621243655,0.046687866615656645,0.1266747607101068
b0008,0,0.363749837465338,0.23786639209822028,0.8323490178873573
b0009,1,0.5567724633756486,0.5924668086733829,0.9511485820270336
b0019,0,0.019123396156822455,0.0427986202604291,0.1261100461255295
b0025,1,0.6644154549750454,0.5718990701752951,0.8702553828106334
b0026,1,0.5539292934727525,0.4188044381621756,0.6052463220990814
b0029,1,0.6187696343480114,0.6643523093528211,0.8853091124085042
b0030,0,0.05059613342516612,0.07271067237130252,0.2833596772993086
b0031,1,0.5846433039559152,0.41701205367909777,0.6823686008644791
b0032,0,0.11491119188453806,0.10474035053893689,0.3264509027705436
b0033,0,0.3495320707239623,0.22501036904663635,0.25050499648572644
b0036,0,0.11245100272165481,0.0937605075631875,0.2772061362290569
b0037,0,0.026125369179256383,0.05997909536489533,0.09885284891664953
b0038,0,0.04325769192857672,0.07742282714340491,0.28894904307215824
b0040,0,0.018663684125507313,0.04203526078686362,0.11044240324974629
b0047,0,0.07398785936733068,0.07366773809334302,0.21038550689099206
b0048,1,0.18274392984111226,0.18362011224822966,0.7000426240192779
b0049,0,0.1532505704665878,0.2201699634739813,0.7168495917101386
b0052,0,0.22425603094002075,0.26388471718761164,0.5912989075778233
b0061,0,0.04589694373098869,0.10071491369599606,0.2519513239621973
b0062,0,0.046864097131874505,0.0588891976665198,0.13422024062352658
b0063,0,0.04676759563775435,0.06227832936429809,0.11453278801402979
b0066,0,0.10910601740245132,0.1980287299441018,0.39004512254724444
b0067,0,0.05199241578386358,0.0726511251174095,0.19630148217954513
b0068,0,0.13179329019661376,0.17244487517275425,0.6227691756851201
b0070,0,0.025366439339797445,0.04193350954431879,0.13863647050216854
b0071,0,0.3542307679172998,0.25223925001825626,0.5601093569014391
b0072,0,0.14153683793797625,0.15250317400325247,0.23833375136789342
b0073,0,0.3340007196406255,0.3130010457555,0.6228109883401778
b0074,0,0.16856023444265847,0.20365351637640308,0.49355908668105397
b0077,0,0.061691629779322396,0.07853130837798636,0.2656928867358945
b0078,0,0.18489953157931663,0.12808275763277274,0.5204557958392236
b0084,1,0.05984845535542792,0.10340118411654216,0.24077233257234917
b0085,1,0.34649798622727784,0.3112022656343862,0.6538341431458015
b0086,0,0.528250120396197,0.5390043526971446,0.9138568947886001
b0087,0,0.4193167160945895,0.47957029589569844,0.8174142742339043
b0088,1,0.37393031305913677,0.26409308340153437,0.6844832245773442
b0090,1,0.5790300231738912,0.6046868670715365,0.9420353842870358
b0091,1,0.23495321763840307,0.2626239324158933,0.5948245542620408
b0092,1,0.06244784642348364,0.13374350155225456,0.4540309818563118
b0099,0,0.22524201547972014,0.20740864549147078,0.6398196246607285
b0103,1,0.8158428423996081,0.8127796955857358,0.976035792752176
b0104,0,0.2135198081487704,0.20259134186544286,0.5519735542419695
b0109,0,0.12302409482441201,0.17091623885151253,0.5886844761203788
b0110,0,0.06391371892763203,0.12028944055299136,0.261398950139627
b0112,0,0.07399936425477717,0.059651138010528015,0.14645262933039907
b0114,0,0.23695685229825647,0.2303081612819357,0.4595994343894486
b0115,1,0.37026265317294205,0.24957537193125262,0.5725673827935255
b0116,1,0.5827274991728257,0.44124079507127567,0.8233945761921022
b0118,0,0.06933763520071037,0.12829297922681943,0.49445763771608614
b0120,0,0.09435239586346973,0.10204549563459685,0.3087208335404928
b0121,0,0.1102439421282034,0.14782046186914113,0.3049887488390722
b0123,0,0.055640906640267246,0.08633923498262622,0.20378031255893334
b0124,0,0.07482799499566986,0.08128771860341505,0.29985061201777174
b0125,0,0.30167747419603114,0.42419389634001675,0.799195078077703
b0126,1,0.11870182453934632,0.14435896435950266,0.335959512628752
b0131,0,0.2728838509506981,0.25358293583369956,0.8253682836137036
b0133,0,0.34453728423316127,0.3125223805769723,0.8151187333556101
b0134,0,0.20165059470615762,0.23294180953864804,0.7408590605395515
b0142,1,0.7403886073485588,0.6267359048412529,0.9704881143682561
b0149,0,0.05614335646395857,0.08367299273032827,0.14988208727549848
b0150,0,0.0373486621666741,0.053916840245012775,0.17613130246694234
b0151,0,0.12511352224529126,0.1456515858649814,0.3522898037875736
b0152,0,0.1309928839280947,0.14566378126050522,0.48438952837288957
b0153,0,0.06392203345478444,0.06898038326520065,0.26849967311052236
b0154,1,0.4918949582366375,0.5913657886499553,0.9433427056628966
b0155,0,0.02491138662332612,0.04076316606203358,0.10795849871647396
b0158,0,0.11455316871342827,0.16828586602313145,0.5894584715455005
b0159,1,0.4719756018006861,0.5012069476130324,0.9103995519574337
b0160,0,0.12400043712053681,0.1298640319432625,0.4514474566156308
b0166,1,0.513607476589465,0.46592473880363267,0.8478977696290729
b0171,1,0.5911351859145424,0.4677603515793704,0.9380387247604576
b0173,1,0.3181855587094691,0.2880502256496743,0.7255520548503978
b0174,1,0.8021252505458026,0.7311224571381094,0.9599778371601547
b0175,1,0.5272839402428348,0.4506017630603102,0.7527542646254931
b0180,1,0.7795890733258123,0.557495419391055,0.9694675495289165
b0181,1,0.6131152992469958,0.529134284855166,0.8437200005047814
b0182,1,0.11032313908128488,0.22601222293254067,0.564009916480439
b0185,1,0.31274897142446767,0.33427440135239983,0.8259734514651315
b0186,0,0.02335157345828029,0.04420908653888312,0.06754478692480707
b0194,1,0.651560706791785,0.47064108140822497,0.8488253397437622
b0197,0,0.18497978097310463,0.13993417616551254,0.6903415220705049
b0198,0,0.12001950963084014,0.11126105837226737,0.37139399942858337
b0199,0,0.09471697667212071,0.11993557968696401,0.553069123403175
b0200,0,0.09301309332951843,0.15564845719322942,0.4799843084364643
b0207,0,0.20193135042737018,0.23120638089628806,0.731041326068308
b0212,0,0.08597338344630606,0.10024208494142439,0.2208707805044985
b0221,0,0.09655176861540658,0.1665107440106982,0.12236399889628578
b0222,0,0.11618909581969486,0.15380323125982315,0.5545537902012853
b0237,0,0.06959028309037676,0.09547894986716042,0.12085731289183516
b0241,0,0.14052055593551635,0.1431066287843843,0.2415319641386863
b0242,0,0.17719060036088552,0.2011077652775126,0.6424492750157578
b0243,0,0.4138338831562229,0.3596818756723212,0.6202162309704572
b0260,0,0.02772534405873679,0.056208828635969516,0.10595602186120741
b0261,0,0.0788307068068113,0.07840775328148847,0.2797202361028038
b0273,0,0.08921215133671104,0.13623400063381738,0.39656641097861706
b0306,0,0.14157033016807793,0.09691569517886509,0.2313784918767654
b0307,0,0.021743383401004204,0.0430761503060179,0.15394156000024742
b0308,0,0.08243205443255917,0.07808142696254107,0.3344354350760015
b0311,0,0.03529516395401833,0.051328054035501634,0.1631212944690718
b0312,0,0.05328599907115335,0.07032539922851122,0.17397699130681724
b0314,0,0.03477138545616632,0.04612933173545944,0.09840826416107859
b0323,0,0.07084938671564961,0.11711755627009393,0.4202347581333602
b0331,0,0.15913848340944153,0.10501801672397842,0.2774892443034716
b0333,0,0.25575226175311105,0.19427001676386774,0.39290872598162974
b0334,0,0.08747922155038905,0.08600694370937069,0.26327752951311134
b0336,0,0.047353280826992195,0.04772334517817713,0.07675805134937373
b0337,0,0.06442208327238651,0.08303160799530299,0.1639384855456743
b0339,0,0.13825467028842003,0.15384053478486998,0.20950410016999205
b0340,1,0.24058358071661598,0.15322666768431242,0.3656485436011791
b0341,0,0.03399169770661605,0.06985511548547192,0.08046400403306146
b0343,0,0.028509813255567906,0.05072430416167557,0.06552472806634085
b0344,0,0.043279489108616016,0.09569792338158063,0.14842388750307017
b0347,0,0.0704210927891345,0.07675603306223527,0.154240674483474
b0348,0,0.05319278973782507,0.06919813626439923,0.14049237229385667
b0349,0,0.12072455502843378,0.09768181836260185,0.19188506341699993
b0350,0,0.08773418018147738,0.10510483568997747,0.2049215769493968
b0351,0,0.05125326551315556,0.058420320666247326,0.13464838040624194
b0352,0,0.036387486786039126,0.07316419897515694,0.25524473662983527
b0353,0,0.03397584454907454,0.0527527388887255,0.15335693888400218
b0355,0,0.061956898953898366,0.07409291329074566,0.20170296188216816
b0356,0,0.1565902140825417,0.09957106692050018,0.4181884351657598
b0365,0,0.1506154415269695,0.15052876848241084,0.5934855600219515
b0366,0,0.1940385657888941,0.1474541512447823,0.450293859448055
b0367,0,0.13319723136952608,0.13461912582262384,0.25492878772858024
b0368,0,0.08250167694294479,0.11161569668203829,0.15873226311494265
b0369,1,0.4708695021597396,0.6203132045834481,0.9342409181080631
b0381,0,0.06852280272085454,0.11056349744734378,0.3479674272481678
b0383,0,0.086715712892359,0.0769017155909287,0.23775738106063887
b0386,1,0.39688223055882793,0.3982512184955181,0.8071864377748962
b0388,0,0.20847878096479355,0.20401914342081373,0.5623563099421649
b0394,0,0.09750046830964157,0.09116456095990205,0.17485522392344657
b0401,0,0.031189019055767136,0.048122168536725865,0.12479568034827623
b0403,0,0.06126794724904734,0.07523534283452257,0.23860628788456925
b0404,0,0.08501656648857508,0.16196003171481138,0.5553044154031566
b0411,0,0.11917747058215238,0.13804121929683716,0.45559073289830826
b0414,1,0.6335141733239245,0.5387059599339179,0.852752417730477
b0415,1,0.8245897308111023,0.8453723178529509,0.9723342059564828
b0417,1,0.594937296136898,0.5324502105433163,0.869079502315372
b0418,1,0.2303874364548543,0.15534558869331166,0.21735817031191032
b0420,1,0.44695632509111016,0.3803721688529912,0.81684094322481
b0421,1,0.8332750794148022,0.7377141583483902,0.9270599373091217
b0423,0,0.48708820854306095,0.4624311830281087,0.846102018765536
b0425,0,0.22932782385232195,0.2230002217895857,0.7271092841849466
b0428,0,0.2177401542173394,0.19261597596363347,0.63587808923392
b0429,1,0.15269572428118897,0.15656513036814418,0.6581340470085877
b0430,0,0.23603155111607155,0.1893406974791576,0.5414147425330671
b0431,0,0.08859668516743502,0.10654544828195116,0.21307062275879604
b0432,0,0.12098022103271693,0.1593325642513335,0.5792068095631405
b0433,0,0.03511267758756835,0.06642222969569546,0.08868129142405738
b0444,0,0.16350486285616142,0.17406484221417357,0.5406182564430096
b0446,0,0.0980467592369835,0.12210275723207714,0.2314210079105803
b0451,0,0.06092338170956023,0.09555054493568257,0.2306010779082083
b0452,0,0.10809977286884595,0.14850024081169644,0.32126940479799154
b0459,0,0.047970602072758044,0.09081315710833686,0.2935808086881689
b0462,0,0.021964220566613697,0.043273302044977764,0.1455934521899397
b0463,0,0.03667013343210692,0.09504903579184823,0.3294228622944329
b0469,1,0.4831724501741719,0.35548810230566846,0.7925191617980806
b0474,1,0.44354006304917043,0.5051371674667134,0.9780203923795722
b0475,1,0.6859764834794702,0.6885827620584772,0.9246709222437901
b0477,0,0.09312316276492517,0.11374287613397671,0.317622961482295
b0480,0,0.021984200934023812,0.053488499227410446,0.14969262931686472
b0484,0,0.20315395552895132,0.1779366706068768,0.32617473448143264
b0485,0,0.05610575090747727,0.08186065542905628,0.15459230719721176
b0494,0,0.11110321365896544,0.11917076569143845,0.07740222333670996
b0505,1,0.0933374418457878,0.10555542653935988,0.4051288482540013
b0507,0,0.06228381248955182,0.06902127179496964,0.14485789352442763
b0508,0,0.06019907120785523,0.0892592446098932,0.18581396260853103
b0509,0,0.05907239202474448,0.07562552997082925,0.17280326185548242
b0511,0,0.019130087909393072,0.052144088132476694,0.06872415042079234
b0512,0,0.08196056753791764,0.10792133406205598,0.33404340312139513
b0514,0,0.0698963678585316,0.06317658431095634,0.10228963491869915
b0516,0,0.15753578115086192,0.16627457933586604,0.6042942338149887
b0517,0,0.1604263035248881,0.23024890368116824,0.5691682566830285
b0521,1,0.2061822126703414,0.20805656629814046,0.6553820459723533
b0522,0,0.26855592089762004,0.16851322248483006,0.5653923557501929
b0523,0,0.4389582294445032,0.24759342488230937,0.765395898537375
b0524,1,0.3585120133166633,0.3351213154344437,0.8031345640111176
b0526,1,0.34789422285667587,0.3716845380423668,0.7843871135356015
b0529,0,0.29251255921138297,0.3647878139600808,0.6614951820398691
b0572,0,0.06795673914338542,0.05982334070937037,0.1733749971142063
b0573,0,0.18857076120016766,0.10750700485368905,0.3982771430848196
b0574,0,0.08593309224320216,0.07391850989089781,0.2842853774488729
b0575,0,0.015634085755007365,0.04001830760894227,0.1098906225976053
b0576,0,0.12023203269002648,0.054216962136782586,0.2920960219033088
b0578,0,0.38999860916156937,0.22308359788871318,0.41933417952540386
b0583,0,0.0888639751992763,0.10267152890156712,0.4322070674361552
b0584,0,0.06542974471167547,0.1048165609277423,0.2616587199043872
b0585,0,0.07237769596443605,0.1110883449847884,0.2591158134758523
b0586,0,0.1358732769080885,0.2682685077261371,0.3220377100351303
b0588,0,0.11511014690700111,0.18049452954782685,0.5077853536429133
b0590,0,0.05766637728439106,0.09334703210154088,0.2936904995822769
b0592,1,0.1610849300521258,0.1709084869638497,0.3395017865924489
b0593,0,0.03539093735438129,0.06731785679152019,0.21820673206456725
b0594,0,0.03550743410736099,0.059856564750609284,0.15282172218059942
b0595,0,0.2175849489983432,0.24616859387029788,0.3561958324888949
b0596,0,0.15862818831454495,0.11769025631693776,0.26264255869304715
b0604,0,0.12249003429904116,0.13628648056145173,0.5521025199955807
b0612,0,0.02525991069179426,0.041907953995417524,0.06039943624918993
b0613,0,0.0750712107105542,0.07236239811317227,0.0865481950377113
b0614,0,0.11938240268996152,0.1016330314708258,0.10904862107839618
b0615,0,0.06239913285009986,0.11268807412407257,0.35020684853915196
b0616,0,0.0683417008295751,0.11082307848814331,0.2892946131591397
b0617,0,0.15958047744271342,0.12429565596536703,0.39760755583437635
b0621,0,0.017433632987397224,0.04143187636821127,0.06910205399724269
b0622,0,0.1592235648460846,0.20495882493730483,0.5820769154182504
b0628,0,0.2414898817229904,0.17702848463842272,0.611496494617956
b0630,0,0.09534338256063989,0.1617842464807563,0.5943442678288995
b0632,0,0.20755147858594059,0.2186880853994941,0.5658124706896488
b0635,1,0.1445960251262463,0.1481809904102583,0.3146465515277635
b0638,0,0.09437175589421928,0.13033869288666988,0.47994030522361714
b0639,0,0.2664020119679811,0.35902369389520694,0.6385093738985627
b0642,1,0.7885994819472053,0.43708344039266384,0.6972173446087406
b0650,0,0.1480940450424287,0.14419821040610173,0.6034421333946897
b0651,0,0.04703652253643468,0.0745870028775162,0.37882177524236843
b0652,1,0.1385715277366611,0.22184383147352577,0.5789401684663124
b0653,1,0.20281367178162932,0.13275997056944222,0.47054176598606856
b0654,0,0.18166008114807958,0.17559477022182254,0.579095717346467
b0655,0,0.36426630034583624,0.3125593670967284,0.753728118313132
b0662,0,0.2626751404647437,0.15306651504183563,0.39501680092157354
b0674,0,0.06294498991278358,0.09433291904684728,0.3043712811535001
b0677,0,0.04910686735615075,0.0646199428798882,0.1378047314614749
b0678,0,0.10679014661356631,0.12725726272209475,0.4076311376729586
b0679,0,0.05456659349571431,0.08798860611594593,0.1114581947396942
b0680,1,0.5409388955652372,0.44948874633710856,0.8520873716219083
b0684,0,0.22274929573641952,0.23062726788878046,0.7372821490474816
b0688,0,0.2609895926178802,0.21638314556124805,0.3851352540096501
b0692,0,0.057923135346605696,0.061447829064710364,0.20363224778660816
b0693,0,0.02374789529590674,0.055276774630410266,0.07660839223840095
b0697,0,0.03978494282450537,0.06700554072247504,0.22105057400496383
b0698,0,0.053662249604133565,0.07887140283188918,0.24860004980064423
b0709,0,0.04260858436694443,0.04260404979498797,0.2055580223978584
b0720,0,0.2584433708807488,0.19637170687861522,0.3625887398363521
b0721,0,0.4095161380627248,0.3309612321066494,0.6516192477023702
b0722,0,0.20012766100648033,0.22126202293721553,0.5838821757059847
b0723,0,0.32397484491954814,0.2370576383188045,0.5259474740672349
b0724,0,0.18886521501414893,0.21616450109204588,0.4882861593524111
b0726,1,0.11342936744166902,0.23333463454300923,0.32748196015529296
b0727,1,0.38455734601745073,0.3754281467247542,0.6816724171576425
b0728,0,0.3482734518236135,0.4953714075389363,0.5245613583826878
b0729,0,0.17829932726684503,0.30693308072722914,0.6936073893366588
b0731,0,0.03555786120033929,0.07036480102219456,0.14617321836355288
b0732,0,0.050587664518740555,0.07296584314477682,0.17733337823728726
b0733,1,0.09653514505135397,0.07616553760847154,0.35963919918151377
b0734,1,0.05815327829974314,0.05877502780939372,0.31465697150319066
b0736,1,0.4553903596590099,0.35166224501186627,0.866858490835365
b0750,0,0.29932071384822945,0.2897330941182138,0.7012850774297952
b0751,0,0.046975431182871064,0.11491771515721123,0.11249012243552868
b0752,0,0.05398696062062274,0.0764869644387841,0.1031413748423802
b0754,0,0.058785598511974436,0.1242446720578824,0.4730201624807068
b0755,0,0.28603663563099885,0.2320562850202594,0.8927328317221519
b0756,0,0.08217271735722613,0.1388054989434994,0.5133678958400278
b0757,0,0.3324669682555602,0.2808800342920978,0.5878501594966651
b0758,0,0.1059371313671126,0.0724463607599468,0.17845239673187246
b0759,0,0.15669720405176848,0.13547221922546845,0.39915243329785793
b0763,0,0.2399537240788841,0.1798279389801252,0.6284025966318234
b0764,0,0.15403952424236492,0.14860978775136827,0.34671914205355103
b0765,0,0.15514343329116098,0.12699793935574363,0.5329467649928543
b0766,1,0.15611282949087676,0.128255252412459,0.18242102671590466
b0767,0,0.09081733492676033,0.1150853677811214,0.3717934355841483
b0774,0,0.23318782951423775,0.2498175939428573,0.5808020830026639
b0775,0,0.2085319505852479,0.23872513431164882,0.4643280555017434
b0776,0,0.10572856266496697,0.1310150213005595,0.28310934452175757
b0777,0,0.2869707865997,0.28082800621692144,0.49837334166584846
b0778,0,0.3563769127052389,0.31315087981406275,0.7354660764616194
b0781,0,0.6290581128793937,0.691536411192562,0.8642559195164098
b0783,0,0.6339688613548562,0.5782256581820988,0.9566458633259151
b0784,0,0.5417656809873717,0.41629411704753266,0.9624212393003977
b0785,0,0.5166390259972625,0.5156988250862352,0.9666247887137357
b0789,0,0.04568230628096854,0.05213372662539162,0.13791500481833008
b0805,0,0.0414114859956705,0.05476870477965553,0.1338775822649005
b0809,0,0.14326723551669446,0.20115250179058425,0.6566861843526326
b0810,1,0.1025785515723983,0.1120900417648916,0.36328013497414474
b0811,0,0.20763539849359797,0.1591417250878511,0.7146457158295446
b0813,0,0.05691367002579969,0.05485690999849795,0.18709945733552
b0822,0,0.13554354595622778,0.09891674684496235,0.2352039617842572
b0825,0,0.12866803861614273,0.14581890562752048,0.5970027360357815
b0826,0,0.6503908443206526,0.5357703753874875,0.8452680070231942
b0827,0,0.37614589652465985,0.3407257150710768,0.6700974046401821
b0828,0,0.06767800490660882,0.09264059118402507,0.19262065785523147
b0829,0,0.07066435141461049,0.12121207333986493,0.23999696191390749
b0830,0,0.07798567643567524,0.08422652666958631,0.47498480135142584
b0831,0,0.10226253827383938,0.08760665177140281,0.22089456720165332
b0832,0,0.12940099741167868,0.08732627438527397,0.17168722547462076
b0837,0,0.08159843473419588,0.06725268271910681,0.09848111096756042
b0839,0,0.029906856985911008,0.06662628841287785,0.25840516458036006
b0841,0,0.07308166491421453,0.12296525172658306,0.3757822571020566
b0842,0,0.061830830499272106,0.09008856129275061,0.21877931299386105
b0854,0,0.1250287630400573,0.11601251757200051,0.6147680192207141
b0855,0,0.05079344190045215,0.07811736581777817,0.32971476783226084
b0856,0,0.11938787265984407,0.10308281783700751,0.42331801969792315
b0857,0,0.13384321304243785,0.11251436139295833,0.3485960938267991
b0860,0,0.06838911711339433,0.1037821280758279,0.5544866292889272
b0861,0,0.08727970160104648,0.1183870720877259,0.37417628206263653
b0862,0,0.07169556262419263,0.11907186929187691,0.3254048078147679
b0863,0,0.19249415887138133,0.17009722312749653,0.6356621348544976
b0864,0,0.1357600695910485,0.14521933212573754,0.5451017353698363
b0870,0,0.03772186095604832,0.07301399468438821,0.21484701567166864
b0871,0,0.23158406572024745,0.25850511367633,0.39726941314117475
b0875,0,0.07094385959757368,0.1312644759575905,0.43215265654332763
b0886,1,0.09481958186353348,0.10479672245716683,0.24315712548947035
b0887,1,0.035254302458812656,0.07401238649729867,0.18616695625628724
b0888,0,0.2021240715685926,0.23588967941569788,0.5073088745540081
b0893,1,0.6602130303389944,0.5325896342523017,0.8495749832588356
b0894,0,0.043293470341391874,0.07817120151144723,0.3648187981261842
b0895,0,0.07608136369383878,0.09763838110592934,0.37252214080024204
b0896,0,0.09488582283066865,0.11441414474061518,0.214189247185216
b0902,0,0.2334550078447264,0.18220227995800747,0.5928141988001339
b0903,0,0.14509416680466075,0.13043030326962304,0.26256663959571724
b0904,0,0.13342519879760414,0.07512439202231938,0.22464464393987044
b0907,0,0.39278913713186364,0.31512153344112687,0.7757748415669555
b0908,0,0.38978966465643183,0.33567977087162876,0.8691941516706504
b0910,1,0.5663839600731961,0.6298512502240969,0.8743400426821732
b0914,1,0.6983176346738392,0.4626571758761456,0.8737508062506752
b0915,1,0.11125294583730462,0.23237974805808276,0.5136545431672492
b0918,1,0.24479968215729458,0.3169945055962225,0.7163579579711146
b0928,0,0.1820925459989887,0.38223061568698635,0.24530502948878843
b0929,0,0.16719589230889864,0.14837305569263942,0.0409706183491518
b0930,1,0.5005533479434329,0.3592873407287318,0.7332734156568756
b0931,0,0.1432103978403115,0.13055026190598812,0.3597923408161832
b0932,0,0.18745604889866269,0.2242090895883037,0.40949287097705056
b0933,0,0.14692933055793791,0.13593430537389534,0.38266575084429827
b0934,0,0.11528199276536696,0.12555251370998188,0.26950258524378295
b0935,0,0.08251640486929859,0.08212541856801316,0.21771873674592634
b0936,0,0.0871577737117315,0.1341081874689903,0.41750266127159186
b0937,0,0.0678806476659439,0.11248299599168249,0.4980103186504285
b0945,0,0.09822658335077163,0.14354907643698575,0.45641063371938284
b0954,1,0.46274982043507207,0.3497130417170346,0.9142168541291311
b0957,0,0.19277833495080815,0.20328583102256298,0.7013890271860478
b0963,1,0.23214449498555037,0.2249445644035974,0.7312450549017886
b0968,0,0.17750844618684616,0.15496032491762976,0.6618254541781995
b0972,1,0.03374460782080667,0.05681802820647668,0.1617634330211185
b0973,0,0.02410027036182145,0.05610178206657679,0.09822064767954469
b0974,1,0.08915217660519302,0.09569617897154704,0.29172450149720036
b0978,0,0.04123000123356537,0.05926760979398341,0.1638139256032027
b0979,0,0.07804872982259753,0.07680934297808246,0.1713849192852869
b0980,0,0.12197363060322385,0.10457242083549116,0.3018332448985398
b0996,0,0.0468746777357475,0.08538948040893064,0.37283971096469254
b0997,0,0.022817237097631993,0.06139442417866702,0.15989502423969543
b1002,0,0.07536127959844337,0.10350808158168313,0.30611500374766465
b1006,0,0.03415393330731295,0.055602987190340715,0.09927978618108757
b1007,0,0.18489953157931663,0.14621914280903703,0.3921948146730282
b1008,0,0.19117458648893448,0.1527358785888,0.426277679961372
b1009,0,0.15250880068603934,0.17002250944005742,0.5053612004717508
b1010,1,0.2461494709910804,0.15131353094225958,0.48116831070223226
b1011,1,0.06022337059910933,0.09627753129181493,0.35623398432810016
b1012,0,0.09569104373772408,0.10469928634301476,0.29770803776549415
b1014,0,0.10490394518305698,0.13676179090672635,0.16511865144676308
b1015,0,0.04121188247272938,0.08176419277138276,0.13029269696506615
b1033,1,0.07381299180140705,0.131524973463505,0.23158741521625031
b1054,0,0.13919696678549354,0.1209526067949303,0.4937524301109298
b1059,0,0.049633479724390375,0.056159930458903363,0.16450119934697244
b1062,0,0.21382507805660778,0.18411228564307167,0.5946982486887614
b1064,0,0.14339021241408664,0.1514087613771924,0.6038919045446122
b1069,1,0.2765407108592463,0.23120500556673493,0.5311897851179048
b1090,0,0.36476491439584063,0.34778025408338703,0.8430317097176847
b1091,1,0.6655091283771746,0.5255121132547271,0.9164582086426437
b1092,1,0.5641551563123534,0.4286195834543599,0.8443126542218893
b1093,1,0.42828990688957264,0.3813478901555369,0.8667431365850944
b1095,0,0.40379801724982645,0.32403227856913963,0.7419639556188763
b1096,0,0.8260589921617625,0.6622015911853042,0.9283202461618516
b1098,1,0.5420917341017809,0.49624582195666467,0.9198254558039365
b1101,0,0.07241121462125627,0.12948562774509492,0.1535963692561108
b1102,0,0.058804535670132815,0.10279693247550709,0.19419463455161493
b1106,0,0.18730561230540035,0.1590330840555366,0.269652268834874
b1107,0,0.09319566290542443,0.11127967231587199,0.3041268860191076
b1109,0,0.15074734387278896,0.25008017934100857,0.6204395571285508
b1119,0,0.03952927802487458,0.07017374454534396,0.19021051252313304
b1123,1,0.1567851057582739,0.11511613413271607,0.3825277885170274
b1124,1,0.13618801924395474,0.1333598485916671,0.5080364014635844
b1125,0,0.13384321304243785,0.11600477412907906,0.517743412926543
b1126,0,0.17345061818588425,0.16247183420920802,0.5028787544186211
b1131,0,0.24539364046441292,0.23249351887906272,0.6868788748764111
b1134,0,0.16097040241647892,0.19152860009797815,0.5521814295520282
b1136,0,0.20507981340135575,0.5362699327560151,0.512298368049365
b1185,0,0.19927574474563575,0.14366221592735912,0.5062272289774051
b1186,0,0.05262558535800324,0.04918693717532261,0.11663110828247171
b1189,1,0.03498029263691686,0.060919444231355126,0.182912545893718
b1190,0,0.05154862664040562,0.0805404289831764,0.0884883803317789
b1193,0,0.0856325986363314,0.09152125784179029,0.3299014353601686
b1192,0,0.11846620783048295,0.10978106492671576,0.33802044084409694
b1197,0,0.08444163940950186,0.06351511965521169,0.1504523813556716
b1198,0,0.1913904836097829,0.20596468101914023,0.3997048762146924
b1199,1,0.12709885050835593,0.1499099856515419,0.5053908023921346
b1200,0,0.15768579669374078,0.16329385688945014,0.3913155394676374
b1206,0,0.050619301654406396,0.10940503914495063,0.24415840827955648
b1207,1,0.5919204577996472,0.4445181306981768,0.8761180990393134
b1208,1,0.7484198549808427,0.6491860070891493,0.8997298740454507
b1216,0,0.01997048935807642,0.049077774936064585,0.06825583387237096
b1223,0,0.05268714829316187,0.06596572974788917,0.1415390881249933
b1224,0,0.030117491712029435,0.07094620542753188,0.17708088412673295
b1225,0,0.0541115274252472,0.08816910731472355,0.2484830163799632
b1226,0,0.21909898751964035,0.14600328564287837,0.5434640923005509
b1227,0,0.17467650783878497,0.10268003289984265,0.2337767378164309
b1232,1,0.10982875970004806,0.12584421751381802,0.3897343645696172
b1236,1,0.0975740282973444,0.10453669793907337,0.3231895151501217
b1238,1,0.302996556824381,0.30381835804908,0.7228861001248046
b1241,0,0.25149107997249365,0.22031312332272815,0.5663636085424126
b1243,0,0.060307342151046654,0.12386262117506555,0.5162945202416696
b1244,0,0.11422405989112133,0.1016805838614155,0.1799075583003376
b1245,1,0.16341486050389234,0.10329679133089649,0.3013967362957494
b1246,1,0.05334378608403322,0.11645798540475127,0.262932796205117
b1247,0,0.12570281153935597,0.10356871298627167,0.3284630120262816
b1249,0,0.07780792113445535,0.07696636696106761,0.20124197206576608
b1250,0,0.04533831609817625,0.04522982915872842,0.12566569065265734
b1252,1,0.1741385432016462,0.15167961853627182,0.5159892529837962
b1260,0,0.22747693630177673,0.19259689460726,0.2783185796569111
b1261,0,0.21351672318290296,0.14811949629694438,0.22717549760877534
b1262,0,0.15854100951818645,0.1693037496545524,0.456146645917855
b1263,0,0.20153358832057283,0.16215404410405634,0.2313822443461476
b1264,0,0.06969064459705182,0.10791160287940943,0.18176791954728458
b1270,1,0.13474963509743665,0.2104321868886118,0.7402771933329345
b1276,0,0.07150582706562764,0.1124765660120316,0.4745357289433477
b1277,1,0.40814540837309476,0.5247169919471432,0.9323522198416937
b1278,0,0.16174516514244855,0.14939309355987926,0.2770771589279521
b1281,1,0.26098758739795447,0.27177912976991664,0.694461415553745
b1288,1,0.3580101424291562,0.40483816184630167,0.7939033800690993
b1291,0,0.10142120261630622,0.09616344367031646,0.25100807321032115
b1296,0,0.01963964967154462,0.04876681972058472,0.10853634774318327
b1297,0,0.08122087303834782,0.09725194755821413,0.10034489443510687
b1298,0,0.03522432618967297,0.07112520228246356,0.23763806400356735
b1300,0,0.02609555858769189,0.04070094769140302,0.08958069188049116
b1301,0,0.040641007065343175,0.06186807961745124,0.14798964592827327
b1302,0,0.027876501394647767,0.06268744384414204,0.17019708131992048
b1308,1,0.35953074910813493,0.16261458782482605,0.5581540717499823
b1319,0,0.12112341664607942,0.13031561813567302,0.4479371233805958
b1325,0,0.04864007682802139,0.07223406319399063,0.14280626734603102
b1326,1,0.06995904224745868,0.11420948779823743,0.3229543609532642
b1329,0,0.10365506789539715,0.09434023702395454,0.39783967410055354
b1363,0,0.04710393920322214,0.04238044807957406,0.06358944741450619
b1377,0,0.06472863062214745,0.0798246921005929,0.10873812611736318
b1378,0,0.1957720106645089,0.4481263011735202,0.14128615786898382
b1380,0,0.1469857195060565,0.1905868311193061,0.46437559783804117
b1385,0,0.07255748940399391,0.06806993742944996,0.23309862158282893
b1386,0,0.05672791806894099,0.11986635288378455,0.28209616558943224
b1387,0,0.0765850779595145,0.13121211211208436,0.32371963373596
b1388,0,0.10496757886311736,0.11654416701145856,0.22945077564301072
b1390,1,0.07458682047576241,0.08035969466557501,0.1973426532387809
b1391,0,0.19279728588819028,0.13541947418590322,0.19801968007823764
b1392,0,0.07799378394981923,0.10458786982860162,0.18754187262690986
b1393,0,0.18694310685088922,0.1323491064531077,0.32551559069697394
b1394,0,0.07875818479219898,0.11498229774525434,0.24901717730156572
b1395,0,0.09769337788091274,0.11487321515766283,0.2719807770083157
b1397,0,0.11822063766025522,0.09160716728800142,0.20596505936930898
b1398,0,0.12081282039095956,0.12254111590963733,0.31204646194537605
b1415,0,0.23282394844661436,0.36523433944534706,0.4352298542299046
b1440,0,0.13442586645225305,0.12864884580085767,0.40690118675132253
b1441,1,0.07714254901382211,0.08423873534366529,0.43916992827456625
b1442,1,0.073732920324052,0.10080698377481367,0.24754315977773717
b1443,1,0.15508733417426182,0.10382787478555104,0.4091858965101775
b1444,0,0.05519088532773953,0.0649176004198027,0.1751258929671062
b1453,0,0.060623654630472666,0.05860262304678499,0.14056640369594264
b1463,1,0.08111924248422742,0.11186282815732201,0.3670196698435725
b1465,0,0.09048400870319608,0.09100745487992315,0.19994315923478118
b1466,0,0.1501420212895688,0.1268878463669674,0.5624509703233984
b1467,0,0.06269419007604414,0.07575900846002222,0.2433819674205731
b1468,0,0.08536643736825408,0.061761487238910256,0.09842063887952647
b1469,0,0.03406968422353037,0.0672875922140323,0.10050557658659667
b1473,0,0.027605532669138733,0.06583693194961422,0.10942612993860285
b1474,0,0.04410640149840544,0.06646818659883773,0.20320423334705742
b1475,0,0.1254283343156819,0.11124253677737077,0.45695926954332894
b1476,0,0.1308875900849667,0.10168742137517907,0.3844622172890866
b1478,0,0.11097262675545964,0.12517709064618654,0.3936563277383023
b1479,0,0.14688187031096125,0.13110592956367537,0.20197881916699295
b1483,0,0.08947555546416835,0.10505354608520277,0.2997012337032779
b1484,0,0.04348332426470895,0.08396578396360042,0.3026172884181078
b1485,1,0.025686480618966005,0.056365935906452815,0.07176717614592973
b1486,0,0.07135844699331415,0.10126093423815492,0.22183698656582918
b1487,0,0.09154563883817618,0.13074461765669915,0.31798583660617474
b1488,0,0.08138909354003782,0.11670196438003078,0.3540532588000998
b1489,0,0.10680277352418792,0.13987680751907208,0.23400792413989732
b1492,0,0.02635277522436184,0.049736463665169484,0.08962944364833582
b1493,0,0.039244719454249476,0.07248391997828359,0.1485416527475266
b1519,0,0.18930821768679118,0.1802865414863454,0.5607508906816632
b1521,0,0.1102766427210007,0.09080568953436682,0.20239585515544037
b1524,0,0.09296818751643605,0.08672035126700267,0.07190357431675451
b1525,0,0.08730506141807436,0.08563968330110135,0.453145066277404
b1528,0,0.060633821439969905,0.054118238077401015,0.19888318312144274
b1533,0,0.03828282630988835,0.0661394314699263,0.07550030272550441
b1539,0,0.20300585689379605,0.1654480113938729,0.4227855225795984
b1584,0,0.0795775993432846,0.12062771435872306,0.494946446537936
b1587,0,0.025279581559222476,0.09066581212237439,0.3679841915495835
b1588,0,0.02679729712066385,0.09018269324282038,0.3128793001802014
b1589,1,0.1376254350675364,0.09087102983754869,0.22058160518923056
b1590,0,0.06764283758573322,0.08931045950663538,0.14511811253559465
b1592,0,0.032678528543945824,0.052097514960697006,0.19112027157411915
b1599,1,0.13941152169395823,0.10914885712031124,0.4001406822002515
b1600,0,0.13442703497765449,0.1329771107819457,0.3051962767021906
b1602,0,0.05712277852773365,0.05336426366148154,0.16965244149069597
b1603,0,0.13443239919973285,0.11621718980833684,0.4784309735541641
b1605,0,0.018043589946581097,0.04296199077753556,0.0820826132602381
b1606,0,0.15080463099840513,0.14428837888566906,0.42394102146154433
b1611,0,0.1440968718305057,0.2383321187601687,0.6735896817116745
b1612,0,0.20831780143322443,0.20113662910141605,0.2501780352444048
b1613,0,0.08139005726337306,0.1273575333581196,0.3952928679228945
b1621,0,0.05356137321818382,0.06223687515111429,0.20866338588443312
b1622,0,0.04292181392440126,0.06522582702231804,0.12713631321585628
b1623,0,0.12825937074986593,0.1527538678803313,0.44617538279515057
b1634,1,0.039417260587788806,0.04444308532731789,0.18184723167473524
b1636,0,0.07663232832800107,0.09301465761244335,0.1746145093945778
b1637,1,0.6950024326267734,0.47575507627132685,0.7779817418119971
b1638,0,0.14240090678709472,0.16216973274101115,0.3399311919791425
b1640,0,0.030527901882397904,0.06293015865610581,0.1098636250037424
b1646,0,0.21606843732632003,0.2244369754509413,0.5180234314116081
b1654,1,0.5028163047068356,0.3654231796720055,0.9133204970625614
b1656,0,0.26535767504816454,0.21668405595569495,0.6098682003282422
b1661,0,0.09789015472498297,0.12410371048253736,0.6326591816109992
b1662,1,0.4436366734579077,0.49819385349990764,0.9088331906800226
b1676,0,0.21190690423979322,0.22873535059116112,0.5563661517487617
b1679,0,0.17492009371535722,0.1586970397067217,0.5501769074863332
b1680,0,0.10375485736486048,0.08620155523615543,0.2317694944197991
b1681,0,0.13268111189941378,0.12580901257850563,0.4456446381891786
b1682,0,0.18575176418381636,0.18454700436134908,0.766544659176304
b1683,0,0.07825908155643962,0.10040757373294681,0.22589626868555746
b1684,1,0.1813360170659315,0.14799022394792186,0.5611401175016145
b1692,0,0.11980301672859865,0.10833985022265796,0.2058176342801956
b1693,0,0.3146872168447817,0.2051705588050224,0.43083423794873915
b1701,0,0.048588099105732356,0.04851881918497513,0.17790086892664445
b1704,1,0.10370282953165097,0.10790837465829728,0.3242304790532535
b1709,0,0.11997463187290656,0.14494103823967938,0.5475754485712198
b1710,1,0.16873816834823235,0.17574434041514214,0.45891745763661784
b1711,0,0.05113288030619213,0.07402442900867624,0.24789490550487375
b1719,1,0.6187706080070385,0.5006658905711261,0.8072258564629975
b1723,0,0.11272609553771784,0.1378409135087684,0.2520957432348416
b1732,0,0.1949036973956274,0.2839091697952537,0.39928263281891485
b1734,0,0.08305603914529831,0.09586735090725926,0.24057499605311336
b1740,1,0.361606324496288,0.2847366762460808,0.5855476059200226
b1745,1,0.038632690937435994,0.063951118363051,0.14894689069378683
b1746,0,0.10688457419732098,0.08447781855589244,0.2921910616152756
b1747,1,0.07655567808934771,0.08179281676189593,0.15694358113282839
b1748,0,0.11507942610984942,0.09660576576202723,0.27803344470582775
b1759,0,0.27001338009456805,0.1978640783651768,0.7951646254845927
b1761,0,0.18189761395425416,0.3259134455939234,0.21318840883551593
b1764,1,0.044757132391510496,0.0877021196343831,0.3328282090823915
b1767,0,0.06655385795172869,0.10218664201553301,0.4777059522753067
b1768,0,0.22385936197253187,0.1359629018557462,0.4014718823970861
b1773,0,0.08877349709448211,0.0751619292048149,0.13997597734337433
b1779,1,0.6882081811426323,0.6844022934915348,0.9659620074413274
b1781,0,0.07869773979881124,0.121502635595084,0.38490494046627066
b1805,0,0.052202427603801164,0.09356760307672901,0.35584027665340023
b1812,0,0.36945838058356395,0.29927549755730337,0.7450717930857005
b1814,0,0.0878096761024091,0.12849960808088806,0.23893907503660144
b1817,0,0.3594002967954693,0.3005798402074063,0.6912263449463352
b1818,0,0.047221217351074235,0.06862585453270134,0.2799699393006657
b1819,0,0.04816635046430297,0.07052597503771542,0.3500015976663269
b1849,0,0.09692694611083762,0.0832643730156576,0.35016593601823615
b1850,0,0.12412809414964697,0.2778388961209507,0.5558006701280126
b1851,0,0.09335772623624708,0.09192333471249368,0.3198636592839118
b1852,1,0.09546456362147275,0.2379069647603875,0.42101896421881174
b1854,0,0.21407305747823124,0.21942851008133893,0.44631950923030644
b1855,0,0.2209995684148138,0.2055876202093588,0.5505401135994294
b1857,0,0.11826478011300902,0.11210449502694632,0.47827399096171347
b1858,0,0.2695283114189543,0.1657080574075627,0.4237286844771306
b1859,0,0.12550561578699432,0.13094745320089318,0.23419150531682856
b1865,1,0.3987446507853719,0.3267072995528178,0.8522837719588173
b1866,1,0.6778583001676767,0.5393177561359777,0.8538661712019165
b1872,0,0.05160417799883903,0.0752820810840077,0.18104763503280896
b1873,0,0.09212832251099355,0.07561187664053722,0.19450423215548282
b1876,1,0.7663590245663662,0.559746090799681,0.7487689980610788
b1896,0,0.08214437996784275,0.07997181615067253,0.1742485361868179
b1897,0,0.0784286701672255,0.09798280191820717,0.16292144695326624
b1900,1,0.05366689692857721,0.07550521791851102,0.291304219803493
b1901,1,0.12469817783418309,0.11912876765620223,0.5153575468149422
b1907,0,0.027186329038010753,0.06279348998024847,0.10180085324845504
b1912,1,0.24817603347725786,0.19668177451974772,0.36417562581590945
b1927,0,0.07047924740054522,0.08825339114777928,0.2786718783789099
b1981,0,0.02491138662332612,0.042500374034250124,0.14969516157518747
b1982,0,0.055931866482886526,0.07896574042181961,0.2444425793852997
b1991,0,0.0818659494233111,0.0816242956121605,0.20638154122271352
b1992,0,0.1318738008617084,0.14718736759856202,0.2220438112401741
b1993,0,0.18440048213095125,0.11975281570677797,0.3302127441497379
b2010,0,0.0527433026138535,0.08038830915622742,0.20725400776105898
b2020,0,0.2860703592983373,0.15478667311540334,0.29942514290132655
b2021,0,0.24183521094410756,0.19275489042836777,0.3162408266754795
b2022,0,0.26019675338610304,0.29516811934956344,0.665455682052696
b2023,0,0.16341687161365936,0.19144749837521433,0.7196838888653919
b2024,0,0.41830425507779045,0.45110432975833004,0.773172803718384
b2025,0,0.1859290895641451,0.2874282783482071,0.7189851724017083
b2026,0,0.7680867544921036,0.5314200170768091,0.9250387838299504
b2027,0,0.09786737027624179,0.06966297891227365,0.2814175270377535
b2028,0,0.027217335469211387,0.05478912826277613,0.08298572048142254
b2029,0,0.2201230245241589,0.21648186066689368,0.4593005434328781
b2032,0,0.10421800654557374,0.06313784243935056,0.15361009056416305
b2033,0,0.12536965617163096,0.11546820819742992,0.3192894590319418
b2034,0,0.14272684384122714,0.15647689780976465,0.4401616890438567
b2035,0,0.027626384929020448,0.04895415298689751,0.03003163934102933
b2037,0,0.0195877165470656,0.04924268691875112,0.04913909671734478
b2038,0,0.20657299320217146,0.14866277312398446,0.27918333260830613
b2039,0,0.04151894464831436,0.06722611415759229,0.15506527052544083
b2040,0,0.08765855923991066,0.09950438004105651,0.1784650914465309
b2041,0,0.04815607346891847,0.07003616621765965,0.0912048981478981
b2045,0,0.08573293679702977,0.1080041237214302,0.16180642401471407
b2048,0,0.13674348802907024,0.1164811871758727,0.16448551100711803
b2049,0,0.1777268728242355,0.22948552438790754,0.35162928239604135
b2051,0,0.1382644480040744,0.12790798151687569,0.2554204229284267
b2052,0,0.23957868555049555,0.18269951028610965,0.5540873960493006
b2053,0,0.13090609736752515,0.10008932371574794,0.23598498000402088
b2065,0,0.2128644413282015,0.19966763998314616,0.6844689197127279
b2066,0,0.5874411782206328,0.5429868193916212,0.8277866009929902
b2091,1,0.044291914378313,0.08386305546241235,0.1813402875650324
b2093,0,0.20306257526770222,0.21496812337776378,0.5643367011987567
b2094,0,0.41024259780036215,0.27702616594774204,0.7746148207738105
b2095,0,0.03801376402602319,0.06541614371451834,0.16557718798873358
b2096,0,0.12349929985131866,0.15531944623399763,0.21125464026558832
b2097,0,0.1704351962656402,0.16016207748141476,0.4047199264185561
b2103,0,0.3063090583576533,0.23501261525412145,0.540261808583712
b2104,0,0.07214909911633881,0.08620984597707085,0.2502219188833586
b2114,1,0.16569508441200298,0.23930142392675668,0.8085380962553949
b2128,0,0.07776411179252991,0.10373680462295058,0.3158495906315243
b2129,0,0.0989919419132554,0.12246792071216651,0.3405233893692146
b2130,0,0.031191571178998696,0.07231539386845214,0.19672404731227106
b2131,0,0.05775357717903567,0.1284011105714549,0.3781461658148495
b2132,0,0.028610388761743467,0.07696512502501933,0.15523419409867814
b2133,0,0.08787435376737175,0.11017713894024517,0.41374501484811355
b2134,0,0.1021250671889879,0.07800604037247534,0.24607701396271972
b2143,0,0.13373364864644557,0.15337508441798034,0.367466603678329
b2146,0,0.03337570396072225,0.06469364909665198,0.2691703903320827
b2147,0,0.06187729208555942,0.11392656997797179,0.37891834740897345
b2149,0,0.06739721488992516,0.09543835208584131,0.3580637705611141
b2150,1,0.30609558356837724,0.22833248752187524,0.567122697367072
b2153,1,0.626651231200843,0.5066373386248855,0.8852419584774253
b2154,0,0.10321931725087341,0.09524071169159459,0.18599623519247502
b2155,0,0.1131373064526948,0.13597826991319922,0.33292973440288515
b2156,0,0.05451616469278604,0.06764966070341019,0.22442043887397853
b2162,0,0.11389577083942681,0.10179059697704543,0.17017111799498189
b2167,0,0.07668375590115685,0.06639056832368227,0.20096373861832045
b2168,0,0.15084887028911342,0.11943443094512679,0.21379393824679652
b2169,0,0.15413936406694298,0.21278146884513927,0.5610731062752042
b2170,0,0.03598083817636651,0.05093510732266962,0.2176239866442634
b2174,0,0.1023200779931533,0.14388359738545242,0.33198442949447166
b2197,1,0.2934574467543094,0.2298587172930847,0.7753735162183762
b2198,0,0.2468642903216537,0.3693714113671025,0.8545878451321132
b2199,0,0.22542978453919074,0.18547483766074374,0.36179799630604287
b2200,0,0.12032382297097628,0.17237870751231085,0.4125441738605018
b2201,0,0.2567780376573127,0.20948310204045356,0.5173958452630907
b2202,0,0.11577369286608082,0.09770575903388988,0.39917841072343135
b2203,0,0.13856243156914846,0.12501599624742285,0.32798402015628375
b2204,0,0.04690826924369037,0.06108946607827045,0.1724136784321333
b2205,0,0.1732069237018043,0.10349683358397307,0.2620279292598059
b2206,0,0.03633109436880705,0.08499665450748953,0.1701393503349329
b2210,0,0.04683477000509436,0.08580700209811963,0.2661472013727255
b2215,0,0.16895634180060065,0.1943669294626135,0.07229714176574922
b2221,0,0.08644051540061773,0.1125832283910315,0.5404412508306012
b2222,0,0.13795512587277833,0.13443721114531956,0.374469724340451
b2223,0,0.027383761930805103,0.04474151977380362,0.08328357997646162
b2224,0,0.03605633759460486,0.07895555576330368,0.2552314140849398
b2232,1,0.21260040657168944,0.1836848715650767,0.5370584341233862
b2234,1,0.05582083879292695,0.10856089408792649,0.6091552989167189
b2235,1,0.08753970125323693,0.12269295802642526,0.5457761420155658
b2239,0,0.05021479031194385,0.06606745117818713,0.1367638916121375
b2240,0,0.03753474434610583,0.07075507428918991,0.16543930009219407
b2241,0,0.05359104043097094,0.06503935707988417,0.13341670964198835
b2242,0,0.09918166461087896,0.10428463727066936,0.1729855682633538
b2243,0,0.03258409795936552,0.07030346507584172,0.30249546888444007
b2251,0,0.3992213492334664,0.25258256020723574,0.5563845579758632
b2254,0,0.15463513964707537,0.1420013953923412,0.3149323597021119
b2255,0,0.06611961260135979,0.10414104530520622,0.32599160594677695
b2256,0,0.09720229962058888,0.10013387250963263,0.326126410373126
b2257,0,0.07441392046987942,0.10900894914832436,0.17345019989454596
b2258,0,0.2548759972973408,0.13299611435148517,0.17943507330114353
b2260,1,0.13262856783811405,0.1335968617067612,0.36229975077106263
b2265,0,0.0580200232038554,0.07742214275983202,0.22266602832598412
b2276,0,0.06954237549490792,0.11169710567459679,0.23665606962806118
b2277,0,0.04104767339545537,0.11152488868794916,0.17725539287740816
b2278,0,0.0910580306375896,0.10488759346721954,0.3340384366714761
b2280,0,0.21512979589944142,0.19046129332099684,0.492555325629656
b2281,0,0.14255754461279566,0.23746358690502162,0.6747054074746376
b2282,0,0.09597899489890956,0.11390469455439371,0.29763715842416033
b2283,0,0.4253718371869488,0.3683146335650177,0.5455228241839135
b2284,0,0.1502951678001714,0.26337502533307305,0.358836354800434
b2286,0,0.18277032266440976,0.26766353338117516,0.12007592008099909
b2287,0,0.2528864075589034,0.2933176448518073,0.6667196846883088
b2288,0,0.2382563372709142,0.18372602330757398,0.6378076243140659
b2291,0,0.24765696009483698,0.24651832451728606,0.8381601957867396
b2296,1,0.3401182972967555,0.2509302760686053,0.6132734698753941
b2297,0,0.1953692953084972,0.23031592190805517,0.46779369122371145
b2303,0,0.3191678273763448,0.2615469001721395,0.815067837277316
b2306,0,0.0832814673396928,0.12437977131176028,0.45446909069466834
b2307,0,0.06825677850617652,0.10007582830322238,0.2819056142265797
b2308,0,0.09807793771172012,0.11414855896044199,0.3259944618611053
b2309,0,0.14847451386878147,0.17514719074190843,0.586464020044601
b2310,0,0.110894056265446,0.16633474577898752,0.49307132296382283
b2311,1,0.2410933669620984,0.31006170208707345,0.7590337955305417
b2312,0,0.07938146989362752,0.14276896770867653,0.2824400294243687
b2320,0,0.2878635692233835,0.35013577683676084,0.7673511672099749
b2323,1,0.4577224401361906,0.40224257300150557,0.8915630339915689
b2328,0,0.10015494913214118,0.10325120276114336,0.18123649624805813
b2329,0,0.5807184076936119,0.3642041397074163,0.6684822678068687
b2341,0,0.11923460190581221,0.19572350534053404,0.2696434699732496
b2342,0,0.08972319597309711,0.11137564648815544,0.3322486673174551
b2344,0,0.07988038919798107,0.09114461494667642,0.43195208942677715
b2373,0,0.04617262753404055,0.06453659273638805,0.09103197118749057
b2374,0,0.021037404693118836,0.04498411926543996,0.0920620169589839
b2378,0,0.15424902766577414,0.11997238561023468,0.5178213327587498
b2379,0,0.1983771925589218,0.20368825347174138,0.5849699857759781
b2388,0,0.11143336650836284,0.1340719183168514,0.4199486155498738
b2392,0,0.031200963047665668,0.0542716350588534,0.18310916206823558
b2393,0,0.09036247808185335,0.06625224484154359,0.31191459418354744
b2400,1,0.5006477609166622,0.5065963582093317,0.9741639785496178
b2406,0,0.029656959438671276,0.05148791268988432,0.14165459427997076
b2407,0,0.09041383454791084,0.08656115038934788,0.2898466468050416
b2411,1,0.04165682167601463,0.08617135173659975,0.32977005949823524
b2414,0,0.21988472188108127,0.19395222707372364,0.22305370629422788
b2415,0,0.2692794644291423,0.2686217948775678,0.6755477461284339
b2416,0,0.1728062522625964,0.2879519478024578,0.6100695072744866
b2417,0,0.4934236659681521,0.5916683098074523,0.8868253587090708
b2418,0,0.17340517913996178,0.11931854022732563,0.18552277910266754
b2421,0,0.0952154419355608,0.1292007181025145,0.22104289177609637
b2422,0,0.07162070041097111,0.0812513548155501,0.23154247148890766
b2423,1,0.150398414129776,0.11640457860683313,0.3478823290944198
b2424,0,0.101955502125302,0.0991582830182739,0.33333785726342285
b2425,0,0.18139993071872879,0.17255178590144168,0.603913228358659
b2428,0,0.062482990998662384,0.09623526645557196,0.25259702661256456
b2429,0,0.06391177091051967,0.0662646150016204,0.11172062469560479
b2435,0,0.11703544898462837,0.12299186807419582,0.47146546033658543
b2436,0,0.214336536989749,0.16902496917673904,0.5066901560633177
b2440,0,0.1473426914667173,0.12026180804439536,0.2584199781145912
b2441,0,0.06354020204464532,0.0639969459251007,0.12839538077931928
b2458,0,0.11395765664846051,0.14133520951631606,0.5693043617334367
b2463,0,0.17508149201491982,0.1807835767856158,0.3964788046703144
b2464,0,0.12340368559066378,0.25709253473578514,0.4956746705300729
b2465,0,0.051456587862719214,0.12407430187857822,0.20331589251972676
b2467,0,0.3097531754273788,0.1715070136433133,0.6281735993284534
b2470,0,0.05709369605807043,0.057734886826578,0.07812122427034318
b2472,1,0.08556633733825193,0.1357590893701582,0.2293617438756666
b2476,0,0.3594771638038231,0.427866658254308,0.91244107576221
b2478,1,0.44347283601745346,0.40521948037393374,0.7809210819182574
b2480,0,0.427811679744931,0.3915920411581104,0.7082141870407261
b2481,0,0.10247691050599535,0.09189946914907321,0.17261424614508983
b2482,0,0.018205552758985784,0.04085895249813943,0.06536107916024515
b2483,0,0.07321341223758687,0.08383997741579624,0.07434438135889761
b2484,0,0.06552168781170525,0.06102665520880273,0.07374406241433705
b2485,0,0.12928206244319465,0.10448834679554062,0.18433771628253515
b2486,0,0.029123759923278824,0.04416985608066908,0.06220090059087564
b2487,0,0.03188596303597224,0.05871439772185884,0.12112098104700099
b2489,0,0.06326113414067652,0.062247080475566416,0.09904319218194498
b2490,0,0.17518863744492905,0.1264919471763682,0.2465635259733854
b2492,0,0.08232271861911336,0.08603295166378658,0.1544861373083099
b2497,0,0.03415393330731295,0.06543827452434782,0.1393035390005248
b2498,0,0.23226526634599004,0.27456095723386476,0.7765783071746398
b2499,0,0.2823617152999211,0.3837871465502631,0.7883755041356708
b2500,0,0.1593890167669135,0.19499357706203516,0.46458532581851325
b2501,0,0.16753610383548445,0.20147326690462294,0.3992344596186025
b2502,0,0.06951348960267145,0.08900409024287675,0.3799462047911789
b2507,0,0.363590739886166,0.3037736825041461,0.8087209711742507
b2508,0,0.3499225795660434,0.29880901452372605,0.5465120982814714
b2514,1,0.2677618654329949,0.26859470053283896,0.7647013231145902
b2515,1,0.5444649343792305,0.6128503267174474,0.8961637483185302
b2518,1,0.6539375619896352,0.5852172648766628,0.9684157266441843
b2519,0,0.05090797737045356,0.06337886153820228,0.22918253914721434
b2521,0,0.2542235216309109,0.20706484120780036,0.6039880222146894
b2523,0,0.03625596373462863,0.0956277133601756,0.3234793066181485
b2529,1,0.3970780572610926,0.31290522571086404,0.7711287212526006
b2530,1,0.6021390135455175,0.6840138131422854,0.9347155154916519
b2533,1,0.5883378473541991,0.3551519869185983,0.6487463650381963
b2536,0,0.029620858965636508,0.05163679649748632,0.08014095653036624
b2538,0,0.05613117570132477,0.058795100514036865,0.09564312901864398
b2539,1,0.10135314923865606,0.12229005648399656,0.3492749028639125
b2540,1,0.25867394037235736,0.1421511668846653,0.425451726215339
b2541,0,0.08778355970172619,0.09849605919207223,0.14057165820927084
b2542,0,0.10624579116634936,0.10234096859209754,0.17221143708014122
b2551,1,0.32124137869739666,0.3676509362079171,0.7780815179416539
b2552,0,0.06380620144305221,0.12964407310413578,0.3018860670893188
b2557,0,0.5567270699486377,0.3258714056949824,0.785378187332399
b2558,0,0.031547936400668976,0.051154365856274135,0.10082006202917787
b2563,1,0.3403985534202149,0.2371132896720809,0.8380209677628628
b2564,1,0.2569381569460988,0.26327458903979306,0.813661177836677
b2574,0,0.09440724183597211,0.14099949449599572,0.3306026122344235
b2578,0,0.04748418027953418,0.08575262349847367,0.3369833169960563
b2579,1,0.18801073175136934,0.14433942230920635,0.7988827076894195
b2582,1,0.6159010350894397,0.4504780038547931,0.7849390515204223
b2585,1,0.5138655282010787,0.5141641648530765,0.9252430303514357
b2587,0,0.02886738956233901,0.0835623209897265,0.20366981340822113
b2599,0,0.13936196058065645,0.16973700744387293,0.407118848783669
b2600,0,0.2850012567762949,0.2910149945264268,0.7291980040934755
b2601,0,0.12144791061065045,0.13997450557293548,0.3552109013536049
b2615,1,0.8070758422996608,0.6982057590569626,0.9506647125782195
b2661,0,0.02202135835294645,0.07080734807521859,0.38545654250312794
b2662,0,0.08199336549486438,0.08800732252435962,0.11950488801659424
b2663,0,0.0395533760386112,0.047070530134488524,0.06078311293925024
b2675,0,0.03167194141398314,0.08673569558834898,0.3679074157032632
b2676,0,0.14494892364856574,0.12744328612998096,0.4450231769434122
b2677,0,0.06920656708384221,0.09893946114231805,0.4151431665003522
b2678,0,0.06006976188995199,0.09498531909647032,0.20957839275144985
b2679,0,0.0981619582299576,0.122374415241553,0.44311220557973263
b2682,0,0.126458607196617,0.09156502110390194,0.16894518796510496
b2683,0,0.10841912926995635,0.10278568183188538,0.3132863911879544
b2688,0,0.07893272548762964,0.08501998015795693,0.16401717254917395
b2690,0,0.08633234265486704,0.0942445756111699,0.30205849185109984
b2697,1,0.4818761766978789,0.4221934924550047,0.7060447733559966
b2701,0,0.08995623419988005,0.12669560410328723,0.2478892384443375
b2702,0,0.1396207470824472,0.10594559304410812,0.21585020777539082
b2703,0,0.12563169113064016,0.09558551643058742,0.15848345754507465
b2705,0,0.12667606991111632,0.11639743318570107,0.2816116398375789
b2708,0,0.13325354586372715,0.16181433563385622,0.5922310817723612
b2710,0,0.17678398395636022,0.24156130530554526,0.5142964822444805
b2711,0,0.057491584145927574,0.10012568214943104,0.29731928219273346
b2715,0,0.05633643269927019,0.06322916809948455,0.18039332910903846
b2719,0,0.06526768930614829,0.08233536848039992,0.21506417864824498
b2720,1,0.09346788982113109,0.17003674031162305,0.5276986675837162
b2721,0,0.032200530675743494,0.08544635351432583,0.19922163694721168
b2722,0,0.03835744579155285,0.049074551750044215,0.17174086314920864
b2723,0,0.024088215952650247,0.039545707304660296,0.12299552462217864
b2738,0,0.06519747533829956,0.08334012102408468,0.12756175444751602
b2744,0,0.22813030091879313,0.22465721826270024,0.25445645249160415
b2746,1,0.5687978449158666,0.4832383236222542,0.8717185688924488
b2747,1,0.7458652723208921,0.5806644989089059,0.8669924228817221
b2751,0,0.04611140780040131,0.09927233629668485,0.398845218090965
b2752,0,0.061623837847957975,0.12590021565787654,0.5149931544654117
b2762,0,0.4852761499200548,0.45699619634132094,0.8651602164902401
b2763,0,0.16783789177642658,0.19638326982706764,0.28640165709308846
b2764,0,0.13900436856120385,0.2297593816881803,0.32111371150262563
b2765,0,0.23242511313387634,0.13675760670741535,0.4258244898467774
b2780,1,0.49201823065419503,0.45324106179376134,0.9384405651257889
b2781,0,0.08562732556317672,0.1845961478412116,0.4000518594363729
b2784,0,0.1294654939094881,0.1881053151627884,0.7120842149975684
b2787,0,0.06347818752260995,0.05337802473863589,0.15376998360907607
b2788,0,0.06690058671926204,0.061504762179706,0.079875692677605
b2789,0,0.05176461911705036,0.04803374135108408,0.07592830307672176
b2794,0,0.36065331456103106,0.30467655753779077,0.8328167379521005
b2796,0,0.04951582347933272,0.06437794435521739,0.413697418511618
b2797,0,0.044022836302914196,0.0697464919050925,0.16249717939336356
b2799,0,0.04356947614407887,0.07415290762831947,0.16321548478177603
b2800,0,0.12214260939725534,0.15875054958749432,0.2925683167371173
b2801,0,0.032229299051606326,0.04864286432886397,0.10821267317652855
b2802,0,0.051229332606048804,0.08943203221122942,0.2819204253509505
b2803,0,0.06077104055870342,0.06573259366827768,0.12277093520855663
b2810,0,0.028574619826217507,0.0569264653759719,0.07226137999410541
b2813,0,0.08695431004288383,0.10879271285513446,0.19340307662735942
b2817,0,0.0889893908455677,0.11747863981872175,0.2766062007433318
b2818,0,0.2281478328126342,0.27201503552737033,0.6476385584828246
b2827,1,0.6153421896799233,0.4804447485526237,0.8893627231965986
b2835,0,0.026997002676642436,0.0738021731096708,0.17688812527447303
b2836,0,0.18889574242845114,0.30925815277691937,0.4739682077637323
b2838,0,0.2577134831806716,0.1851525086550852,0.3035770264322999
b2841,0,0.04109761880921579,0.04547169674732463,0.14169461015070842
b2866,0,0.03383805245004298,0.05435078582331996,0.11010076781587864
b2867,0,0.04379801222812813,0.10455071431257558,0.1907123019887641
b2868,0,0.07054099647248337,0.11157431063642484,0.466130826829395
b2871,0,0.04376202403669439,0.07243145565970378,0.24228620926266048
b2874,0,0.26260770833468927,0.1429576577629481,0.5468225224573593
b2877,0,0.06514524588793338,0.10481212439206032,0.3093584211316913
b2882,0,0.014893771916186965,0.03713174713567576,0.07982105939072762
b2883,0,0.0584751242065489,0.07175751374428209,0.24414706671456915
b2889,0,0.2108214915956982,0.18421733672450694,0.504694255173144
b2893,0,0.17232407466049607,0.18840046138750044,0.5584217823155222
b2895,0,0.18528171651024636,0.14133162714434597,0.6904331016268919
b2901,0,0.034273024131589815,0.08138254933591556,0.2479325066908572
b2903,0,0.10166619159482031,0.17187547382038082,0.4909910077683399
b2904,0,0.1080258736310845,0.1979535117932709,0.8717202656020665
b2905,0,0.11625529533245652,0.10701646910520575,0.3761443038963145
b2907,1,0.14451253814487078,0.18103526993608302,0.508279929972911
b2912,0,0.18405699486601146,0.1403570952759829,0.45216195172346074
b2913,0,0.14993024289296217,0.15742637817480504,0.3286054113796447
b2917,0,0.052735955358496726,0.13568388275980794,0.2820602503415791
b2919,0,0.0976097880346391,0.09654226385589354,0.27612064157755234
b2920,0,0.08332823431157599,0.0916420757552477,0.25360256652856494
b2923,1,0.055966417764485146,0.0758122524394179,0.164148171257225
b2925,1,0.21806169162370714,0.2565867822180552,0.669203912327792
b2926,1,0.6883729517380818,0.789994636246111,0.9645416538975767
b2927,0,0.2976320757607098,0.28404264793687717,0.6311774995838035
b2930,0,0.0706154404826589,0.08801038548718132,0.2368940250147692
b2935,1,0.10672439977342263,0.14214066845502418,0.25972257832841483
b2937,0,0.09472211651284952,0.11234502335267073,0.14927682280776539
b2938,0,0.03183077736000702,0.05472890836456374,0.1448319606933891
b2942,1,0.6401939045071511,0.6846524223234046,0.9420860906640635
b2943,0,0.03088967180355472,0.04615690896992621,0.23515587795408094
b2947,1,0.09174665168051213,0.13243333420422587,0.30386378268719466
b2957,1,0.06789953016262498,0.09631564230644078,0.32222952494998736
b2963,0,0.08318347182042804,0.07973280826678501,0.11610148118430122
b2964,0,0.11383248043810093,0.05149498287747873,0.12616194533837424
b2965,0,0.03480547129802545,0.054445929826613344,0.07328647553428724
b2975,0,0.05228907028382205,0.043766751884826545,0.11217216469889633
b2979,0,0.04908198215087082,0.06207793173666776,0.20404517345925774
b2987,0,0.06806186691625812,0.06768871155203901,0.23896970450355945
b2988,0,0.08192017208893097,0.06641475570916838,0.2303868858170675
b2994,0,0.029342539931846125,0.07883146824384808,0.20669388169594036
b2995,0,0.06339288317772206,0.06659899352106198,0.194394011506816
b2996,0,0.10995690010688833,0.09880356146070349,0.3211352462674076
b2997,0,0.06529292376063224,0.07749739256940175,0.16891273611886135
b3001,0,0.07959406131695405,0.07576155677026565,0.24190427851236376
b3005,0,0.21080129878281698,0.18438748688260037,0.6977563143699338
b3006,0,0.12344084534360267,0.10901699825085522,0.3490198553260478
b3008,0,0.13992091316462674,0.14986139772666499,0.24123913867222055
b3012,0,0.2647519417542625,0.21512124947303524,0.6395467392081148
b3018,1,0.7919696337800921,0.7205593151301535,0.8344979937554362
b3028,0,0.09071090452125938,0.13533003779705763,0.4808102065795014
b3029,0,0.15364219947230384,0.18334123931361662,0.5581154150593599
b3034,0,0.10270173155922499,0.14648788634864984,0.42294239833635766
b3035,0,0.0861372848672723,0.11779786625293603,0.27752173913926415
b3040,0,0.6070936071473191,0.530860476930512,0.6814205582388583
b3041,1,0.4242120656770353,0.5552783727409049,0.9569189189997432
b3052,0,0.11357494950212135,0.21503363771692044,0.47703532100238744
b3057,0,0.09792504172518168,0.14473011895574422,0.4152102883553272
b3058,0,0.6335926364516259,0.5241197051491683,0.9654679157190237
b3059,0,0.2698964296962491,0.21019089607405125,0.5772190755108889
b3062,0,0.18839806813880552,0.14968937972427324,0.40173748758534494
b3063,0,0.05759911633930916,0.04703572299804337,0.08150055545210641
b3073,0,0.0664915375957115,0.10633027998594544,0.16494302525279095
b3089,0,0.08090708924448935,0.04579949870761728,0.20049160935822266
b3091,0,0.03833933756213758,0.06695649664611898,0.1177534661275029
b3093,0,0.019498429472995748,0.04229748253279045,0.1426250610576769
b3114,0,0.04242973382760773,0.07013182261338186,0.22316618541678188
b3115,0,0.027805455131401077,0.05467216851712209,0.10153593043518756
b3117,0,0.032823979385970606,0.04684690757372098,0.044770784513049056
b3125,0,0.12072455502843378,0.107926360406317,0.18006509389465816
b3126,0,0.10069470532463094,0.09785263421157227,0.13234989899315772
b3127,0,0.019957839106573862,0.03699908636166626,0.07497452230625411
b3128,0,0.04968082162541276,0.06810368088861059,0.11525077838043135
b3132,0,0.1336617908377799,0.11481784420731081,0.32703424833569567
b3137,0,0.16591246107601673,0.17050408370128298,0.31452800791436186
b3172,0,0.3839568597489606,0.3593818351984071,0.6983599800936403
b3176,0,0.5275349388844273,0.4619574502957695,0.8185765455004042
b3177,0,0.8720829259123803,0.7285164686058158,0.9625281270382151
b3182,0,0.054419455531352585,0.07481755983858186,0.1046199335873948
b3187,1,0.6246918936427561,0.6003070385648356,0.9144744883909933
b3189,0,0.3192708697652422,0.4629464970647852,0.9513538862338718
b3196,0,0.09722525814471103,0.20640036145886947,0.44875582326814645
b3197,0,0.17823654858465895,0.18952299709073192,0.4011896311759267
b3201,1,0.2098478282150454,0.2798563054050002,0.8035861163414384
b3212,0,0.05414790725561938,0.09700394932349585,0.14894196649142405
b3213,0,0.07472192391074416,0.08080300413190043,0.13705547655720945
b3222,0,0.1225842084597578,0.12151055677995029,0.20926789056386222
b3223,0,0.11496022009934535,0.10112297961282755,0.2005608066126208
b3224,0,0.03949507089056899,0.04367995136051727,0.13647361754946524
b3225,0,0.10085716243382663,0.1500818625887618,0.4507203003705004
b3236,0,0.16737297629372067,0.21687086394214708,0.6256162062010411
b3258,0,0.050091374481774545,0.050149673800015546,0.129453106450053
b3265,0,0.0830478749698451,0.08170335137857658,0.33874591092844863
b3266,0,0.03991837860125643,0.05437916764322254,0.0848780076569817
b3281,0,0.09660710091188145,0.1260711150079586,0.1860680407853863
b3288,1,0.30995734613335857,0.22471502790756895,0.6189938388710455
b3290,0,0.06759767813350598,0.06896349588057707,0.37477292635619686
b3350,0,0.05345071586013151,0.07101492413180231,0.08046488445529303
b3360,0,0.3095420675284312,0.4228585660440929,0.8222296177564781
b3365,0,0.044554189060269186,0.08792739448016908,0.20479542274960347
b3366,0,0.1900683146873602,0.20907709008489078,0.6890198173594148
b3370,0,0.026705772841363294,0.05085774437782387,0.07384690991847202
b3371,0,0.06599993686585622,0.08001670205551101,0.1726823387032138
b3374,1,0.10086402192291646,0.08459011198018755,0.19261854806294623
b3380,0,0.06392461353202546,0.053753949913715966,0.11837924870120504
b3384,1,0.5678141745636323,0.4837902007504106,0.7893125235927893
b3385,0,0.0702125733020041,0.14471368486120648,0.3092432108708446
b3386,1,0.14895508590228362,0.21734586460173635,0.6991473792804526
b3389,0,0.38856064512041616,0.34318274189198855,0.659826498931619
b3390,1,0.5090339443997222,0.420007893836454,0.805014866213075
b3396,0,0.03421107692805053,0.06372569958287364,0.15047091956948203
b3397,0,0.17000007460259103,0.21043095480182097,0.6160193639593368
b3403,0,0.22297861051054627,0.19210288606215636,0.46085359741601917
b3409,0,0.04840884440403178,0.08913132072568428,0.29801630396786216
b3412,0,0.3607698301419351,0.3269131851579046,0.811419927360349
b3415,0,0.07625131636918438,0.05015109602490278,0.10251074094649447
b3416,0,0.026492389409701774,0.08895445245183084,0.2848903804878436
b3417,0,0.049551177358226124,0.06629566831618393,0.14301325548836852
b3426,0,0.085518426274273,0.12043375591871912,0.3229575711795125
b3428,0,0.04729635070246591,0.06476321947118001,0.09700045581614646
b3429,0,0.049978022986426236,0.053881417244981814,0.09917570555930864
b3430,0,0.19856754336463953,0.16535333839464017,0.33924238548419555
b3431,0,0.045530656198352545,0.052857959245998384,0.06805539172111691
b3432,0,0.03578170813428132,0.06082308086829208,0.15621177130314343
b3433,1,0.20901915548992434,0.20917959561387472,0.3532999237334553
b3447,0,0.09120771442907775,0.06576607451188875,0.1770261432569301
b3449,0,0.06689656105153322,0.12488618293345077,0.3925766020638226
b3451,0,0.05826712743982909,0.10617565629448628,0.41814333400317444
b3452,0,0.13414364339911175,0.12001200579815548,0.3520158482198141
b3453,0,0.09487692325983622,0.13273464873704843,0.5017083607462979
b3454,0,0.09188380391091948,0.1059154159245176,0.4589657072799337
b3455,0,0.10561789529605042,0.10186256058043644,0.47134925689699575
b3456,0,0.042810155491782374,0.07234531602551121,0.18162906205003415
b3458,0,0.08784530009174865,0.0849969907180306,0.42612825594900644
b3460,0,0.17190443947671433,0.11776598217340822,0.49921424614087295
b3469,0,0.03735926614977487,0.0827098320477338,0.12341163997458622
b3476,0,0.10771350719215851,0.12738694494241576,0.4632604644496278
b3477,0,0.044502607779073756,0.08517158312047754,0.2520712817074108
b3478,0,0.042837102549303355,0.09734794407284317,0.18538605116078033
b3479,0,0.13565157653979185,0.12394287059929808,0.2667736313436824
b3480,0,0.1318694694836997,0.13606857829686228,0.55907500115276
b3493,0,0.12877993751404027,0.08060882072171893,0.49558375147374734
b3496,0,0.06622475448502685,0.04904089797273902,0.2101501621592149
b3500,1,0.16863039096937005,0.1527108219948109,0.3665645198235445
b3502,0,0.019702424955198864,0.04512388892934616,0.06241772327727291
b3503,0,0.21262614717426565,0.1401234020496496,0.2236302408895793
b3526,0,0.054258539251268695,0.1091776899817329,0.4300341967754791
b3528,0,0.06920467836112208,0.05883444536427094,0.29268103784794197
b3540,0,0.09168061096848047,0.09199209752796457,0.3433144154993658
b3541,0,0.060444047690688514,0.0875364845019182,0.2998452322939053
b3542,0,0.05162004624633486,0.08037064271609967,0.27863870727141404
b3543,0,0.07198412937144119,0.06589496992577865,0.24172616237951247
b3544,0,0.13176545766593542,0.13375672895746865,0.518449952739048
b3546,0,0.0816980178658515,0.09906955786710646,0.22313168324108887
b3551,0,0.05293099060803131,0.061869599418905366,0.2168009684140646
b3553,0,0.13078928249373975,0.16272073911505575,0.3045369462074533
b3559,1,0.38704844032755675,0.23613915533779653,0.6707794574306845
b3560,1,0.14467096412250985,0.14775997924808762,0.6934622405612264
b3565,0,0.0402675303943479,0.11256488615251439,0.29685303114308315
b3566,0,0.17881982522260115,0.18092292622597386,0.44561209473794355
b3567,0,0.06449737424390047,0.07267094664791601,0.24818109261732185
b3568,0,0.030681521417907205,0.06466962717215938,0.20740316217506996
b3571,0,0.0828455326748294,0.08432961146264631,0.1415356086576536
b3572,0,0.06624166479394063,0.08495567435102552,0.3697802874356044
b3575,0,0.19378099854515685,0.16993924275763592,0.4544107454631576
b3577,0,0.14500487932985737,0.11554301579649756,0.19329652315686321
b3579,0,0.05495229345587966,0.09438752029629818,0.24958967919063654
b3580,0,0.08109584690807893,0.07108828857919212,0.16573488796255556
b3583,0,0.06357005590123078,0.09865665345556396,0.14136397780920623
b3591,0,0.13735455384593911,0.13828289403679433,0.5726119537602425
b3599,0,0.048265722114821545,0.06085210278376383,0.14282961861853694
b3600,0,0.11334305640850852,0.14092659258753906,0.27302430377880066
b3603,0,0.033583413839781744,0.03992844937634249,0.16768611621435547
b3605,0,0.13151229633992143,0.1163403336472951,0.24225889266370654
b3607,1,0.22389928059185274,0.2208004463017901,0.6086911869362945
b3608,0,0.39700399824507304,0.3937547210965433,0.7093530178507166
b3610,0,0.24914215428517883,0.23632217873013261,0.7678426057598472
b3612,0,0.13515407400264873,0.1926306726833007,0.6263727681442831
b3616,0,0.0837479028915763,0.13204662969084985,0.40329649260902123
b3617,0,0.03350782710058609,0.07225103349443801,0.1522317856892718
b3619,0,0.13871613205987507,0.20407262470246665,0.4809387966892839
b3620,0,0.15305992316293504,0.15809200521623729,0.392859010113459
b3621,1,0.22643951387046377,0.18768348040106297,0.6326403950160989
b3622,0,0.027055654554945165,0.06822185015814904,0.04082367419043035
b3623,0,0.11975125155167542,0.10719908010200073,0.1673044486732979
b3624,0,0.20539873792362642,0.18266377442023407,0.6552763797265384
b3629,0,0.0690974348675941,0.07188317221556541,0.1767363630948731
b3630,0,0.12568918693511996,0.14963634704826997,0.26839552792818966
b3631,0,0.2579907051036988,0.21786280631264723,0.6363412167174908
b3632,0,0.11568262262641563,0.11706214134724473,0.23870109768776593
b3633,1,0.18088855812555235,0.2020843188511929,0.5189886682060608
b3634,1,0.750441672641538,0.6976710248672867,0.964034781291701
b3639,1,0.6901878054172396,0.621332905875387,0.8764521697667793
b3640,1,0.38478900358157464,0.3310666791740058,0.8394540962924596
b3642,0,0.33210796170224055,0.27596845465258796,0.5875469609500157
b3648,1,0.761234790301787,0.7482759519905413,0.9494476364595055
b3653,0,0.026915209478606348,0.0518995601161764,0.308139412417389
b3654,0,0.042402328232885124,0.04417901476760167,0.14320366666409448
b3665,0,0.08358142480364106,0.07275360625498026,0.20192247852701226
b3666,0,0.04322096860343041,0.058992939389153495,0.19415834722084377
b3671,0,0.10246074051968837,0.07942162526277018,0.21574730582005713
b3679,0,0.01752337571689885,0.025630101244303073,0.05704958245126516
b3691,0,0.03406445228391351,0.05549327066693386,0.0758556145452382
b3693,0,0.07580999819170975,0.11206754471758869,0.1194836675631153
b3708,0,0.09385047073508584,0.2015380239812266,0.5229161744546644
b3709,0,0.04049306430706816,0.04371994605742742,0.13812454123275714
b3714,0,0.05914744827755748,0.05417088400909006,0.17564912562829468
b3722,0,0.12920388503430585,0.11762123135645257,0.11241938543696589
b3725,0,0.48959046126272493,0.3323277532379951,0.7906027093191361
b3726,0,0.1919056361804179,0.13625602446483503,0.4409417282687769
b3727,0,0.15636529210495057,0.1327935541812588,0.38940124319585884
b3728,0,0.23821061509378788,0.23323671775004487,0.7694057382048003
b3729,1,0.19483860178982024,0.20825653869992616,0.627532896808904
b3730,1,0.6503524371518223,0.5971549423171698,0.926859505877624
b3731,1,0.824272899767677,0.7082624904727062,0.9818463637586728
b3732,0,0.3670304473562878,0.5447900361989991,0.9591412161427809
b3733,0,0.2544786139549918,0.36477666309461876,0.9176625599693334
b3734,0,0.5151634654455504,0.5586461204551177,0.894768035796334
b3736,1,0.7230350931667247,0.657418132976732,0.9955243188338646
b3737,0,0.8320689768395385,0.638534323330711,0.985703086350175
b3738,0,0.7849856842117755,0.5536779825227229,0.9234356953116238
b3739,0,0.18600593178257324,0.10049579418350708,0.5651849799634568
b3744,0,0.12324959001176938,0.14205989678919326,0.4205649575684899
b3747,0,0.03002063918591581,0.047825253248359616,0.1405302741011148
b3748,0,0.2234037366721731,0.16964826076560435,0.6992759097430897
b3749,0,0.07859760259031714,0.07761518527114891,0.2819902759087579
b3750,0,0.1270136400247091,0.10692132417615967,0.43779841634431044
b3751,0,0.2057985559018922,0.20188809077688463,0.5741323049501091
b3752,0,0.08899133808376959,0.17257251088614348,0.642812539610794
b3770,0,0.2081746745031081,0.22319514816538086,0.6076675453140556
b3771,0,0.10890669687790173,0.14932644866109726,0.6151231950924119
b3772,0,0.07932237431912581,0.07229829703885295,0.12087704267362871
b3774,0,0.5337757998505379,0.5171404801086391,0.8686685400796818
b3779,0,0.0898950026420718,0.08483801709286985,0.4752542519295154
b3781,0,0.5667519064892099,0.47695360150850874,0.8454462265635994
b3784,0,0.08377214659004337,0.13128455559680305,0.09690950318801758
b3785,0,0.06511445661758318,0.05945358728288591,0.15079567257099583
b3786,0,0.07982086607111105,0.11698265820175054,0.42231240665036285
b3787,0,0.042588372520295216,0.0669727668207489,0.20623305971869163
b3788,0,0.13134509450907042,0.12962834032286386,0.2950914023324819
b3789,0,0.14385960106375456,0.10543455589665379,0.21629707429470046
b3790,0,0.2212798335769572,0.21814209034253546,0.36873219098688187
b3791,0,0.1731162822165545,0.144576117679121,0.31656754141993876
b3792,0,0.09388769426178409,0.12006671623636797,0.12331943889842495
b3793,1,0.028817057443088264,0.042200116882287975,0.06722935431059764
b3794,0,0.05664407375409076,0.08812800845016083,0.21667443230263111
b3803,0,0.12937310110474548,0.15462960174365983,0.659151923779145
b3804,1,0.4661452151247632,0.5454441730766019,0.8553668040911621
b3805,1,0.48127730181009093,0.4155625451672429,0.844483562505765
b3806,0,0.2400611475746223,0.276585796247298,0.6098292664982289
b3807,0,0.5389496095088003,0.48758012511005094,0.9145896805784247
b3809,1,0.4299038520212336,0.33267851125342884,0.6936365200102925
b3816,1,0.05768880551021977,0.09236303343762031,0.3517927711812587
b3821,0,0.09077326516734975,0.12401897268093433,0.27761494627494254
b3823,0,0.12711484511408883,0.08381584219160199,0.3326076329335856
b3824,0,0.13304937642617873,0.10712151222894419,0.09640045882974685
b3825,0,0.10833554632934002,0.11673623245406137,0.35065684860404495
b3826,0,0.10663884305976051,0.12079119428864492,0.21304778284352138
b3829,0,0.03206843344019561,0.08893605129328741,0.2373735451722732
b3831,0,0.16286324720406456,0.15947332679072035,0.736494604482882
b3833,1,0.1913608930366734,0.2093392923508419,0.6467185050466084
b3835,1,0.10258343791536974,0.10335908982539309,0.3268114666714262
b3843,0,0.5332388916722154,0.3706279482210538,0.7433321586159496
b3844,0,0.29626185832784885,0.35008550502093566,0.6090881266394534
b3845,0,0.07432601749014008,0.10052852321233756,0.27709836265762944
b3846,0,0.12393159076419782,0.1712673424022282,0.12402812430828403
b3849,0,0.019809978171803497,0.03534273494191804,0.1013319646305176
b3850,1,0.41360296036122474,0.27051359198157215,0.8889297894539491
b3856,0,0.28165306434304943,0.1964695597128167,0.7039127508843065
b3857,0,0.7986859866682997,0.5687384588696045,0.9723039120583772
b3860,1,0.15272292224989706,0.18679537465719087,0.538809388547266
b3867,0,0.10693913894259197,0.13977432056706632,0.5914653515955279
b3870,0,0.4604462357317358,0.20750655684814093,0.36093252118192354
b3875,0,0.07385907513313801,0.08627083499027074,0.33388380999003564
b3882,0,0.03596001919002359,0.0700493035712051,0.16617007333463718
b3892,0,0.08252900078061322,0.10021424669662812,0.32496442425803046
b3893,0,0.041034465818578635,0.09392296449030686,0.44175852013707945
b3894,0,0.07492051999411702,0.07692661823429578,0.14012454945185177
b3902,1,0.06782465595718283,0.12148579476050277,0.41466711983527327
b3907,0,0.04137040773273899,0.05516630199438508,0.1285739761198908
b3908,0,0.26689122780169255,0.28940382281072174,0.6233809329011868
b3909,0,0.03930090237686988,0.06846213591096215,0.16755176992009607
b3915,0,0.056992221539393706,0.07202355602978253,0.13753528706032203
b3917,0,0.2112261107515667,0.22812397835814183,0.6922590466448306
b3918,0,0.1291748837376758,0.12010322932012164,0.422551755244014
b3924,0,0.25382735634356146,0.24279501271052167,0.737149336720607
b3925,0,0.05724576559294759,0.1075058462541531,0.5321555881120953
b3926,0,0.23197666085127558,0.14429068608389273,0.36472891457727374
b3927,0,0.10087993049364163,0.0876322263591843,0.22949533084243676
b3930,0,0.0839690788541184,0.06893783280491925,0.25904711656391205
b3939,0,0.18843578937607822,0.18823935519925772,0.4679861267736112
b3940,0,0.07432066877897837,0.05194857921976113,0.07183602391458303
b3941,0,0.4694795338333374,0.2713971028932778,0.6525005571199924
b3942,0,0.05004044449962014,0.06641922690704513,0.13868932933707415
b3945,0,0.07686759454353778,0.06654144173224681,0.17913753744800176
b3946,0,0.21635353299529184,0.1719920765383603,0.6880179794113006
b3951,0,0.027484008304824684,0.05018933137482628,0.03752076436612667
b3952,0,0.09027101728958821,0.10674963346762502,0.357613044495861
b3956,0,0.3672162614319202,0.23070640954119398,0.3317705133648068
b3958,1,0.30559253008333764,0.29386622867928625,0.4781410531381737
b3959,0,0.5454601419136984,0.36903148778498324,0.7847390151386415
b3960,0,0.3490280947236807,0.18346880469252289,0.3330644842834348
b3962,0,0.15998079139200425,0.20277217138345402,0.6141477221040312
b3966,0,0.08523251886760586,0.09895065327961437,0.22608613481955261
b3967,1,0.3175305171985983,0.24578868345360727,0.6180924135031565
b3972,0,0.5388304309814533,0.5617283078294781,0.9267381570693215
b3974,1,0.29070347603767543,0.39104560186763426,0.9259572548553985
b3992,0,0.265544647760841,0.27153739145700667,0.533632995862147
b3993,0,0.2401686114526845,0.2976712883064791,0.5705059672080829
b3994,0,0.10726211757316652,0.10515472044482244,0.36693955307106263
b3996,0,0.0508676153884632,0.10544444998673541,0.29447046490866546
b3997,1,0.5460316186366369,0.6543013579510185,0.9360904707962551
b4005,0,0.18574150545796503,0.18396624221520363,0.5408094122655938
b4006,0,0.20775428094995865,0.17845592995991919,0.4221474530150204
b4013,0,0.15390436282375056,0.16959735787977007,0.43789921024184814
b4014,0,0.07599953468704042,0.08039182270614226,0.2783973722915867
b4015,0,0.07932237431912581,0.08486674851664591,0.2809471803475485
b4019,0,0.08357822576011636,0.13557009726967992,0.25512625103819814
b4024,0,0.1730479222582282,0.20540685532955108,0.42746850639341716
b4025,0,0.282899823788332,0.29292930337347106,0.6531056183784943
b4031,0,0.040567855953088684,0.04771806540913582,0.112185947457997
b4033,0,0.08994482464615569,0.12711027358777494,0.3017111244584427
b4034,0,0.20336450968083183,0.20679989741214383,0.49039401611299616
b4035,0,0.12929567032767994,0.07597325292700075,0.3211849914697621
b4036,0,0.04268007935825302,0.057339378499399275,0.14803170466286408
b4039,0,0.7769575843922452,0.7967854420548928,0.9775832710791923
b4053,0,0.06006936547673338,0.10649622195896728,0.22414903262591968
b4054,1,0.0666844897500726,0.07280338703946321,0.1682090804833192
b4055,0,0.07446263645315582,0.07967079638285321,0.18521872000846668
b4067,0,0.01781910299037594,0.03977444212018807,0.09689708705100783
b4069,0,0.03662007667641339,0.09178199001134436,0.22397814002324462
b4070,0,0.04312326395434064,0.06824781465417087,0.10732212658636325
b4071,0,0.17322183523791912,0.1394355629182834,0.47364425444223757
b4072,0,0.14157033016807793,0.11665928087074266,0.34951386540697554
b4073,0,0.13387696362075044,0.09045952970148805,0.1708040496439092
b4077,0,0.04872600910333928,0.06210384617140957,0.4098673358323876
b4079,0,0.03198173384203596,0.07027736036516799,0.12636429511805583
b4084,0,0.03704511491780745,0.07031090240413027,0.18673342585610692
b4087,0,0.07697345472384534,0.08413267036269842,0.3058043515074582
b4088,0,0.1248342502775594,0.1344105604814541,0.4649583875351182
b4090,0,0.14677419227533817,0.16972297856958657,0.5581576675420048
b4111,0,0.01822430916581027,0.03381409818679056,0.14153776189846642
b4117,0,0.02919706412564184,0.07088650316714,0.25709782539928855
b4119,0,0.04354783481723882,0.0737363455720469,0.0924131013198595
b4120,0,0.030764754340008988,0.040617768215879396,0.11947336252540552
b4122,0,0.297333360650734,0.2358238650676115,0.39579694582909997
b4123,0,0.04358999205706187,0.0463306947863269,0.16821139569851862
b4129,0,0.3017605505267551,0.2123446026654491,0.6467098929594284
b4130,0,0.05270399457777752,0.04540011776867024,0.1772119328948964
b4131,0,0.06595543775459471,0.09703315048727314,0.2946592436992799
b4132,0,0.03312761649215465,0.04080855149469988,0.17039910716782447
b4136,0,0.06629550142161833,0.07321740841341859,0.19932853861004804
b4138,0,0.03731140979343643,0.04717750384209639,0.32336619495120644
b4139,0,0.06360658403140651,0.08013891092291558,0.26574326140388077
b4152,0,0.18682057961293938,0.13919716600848772,0.7380697013822151
b4153,0,0.40508272853323724,0.3725302087419128,0.8032473699722884
b4154,0,0.4277044872772075,0.26719281608533585,0.5640209597019978
b4169,0,0.056345176409682694,0.06887789766057671,0.1436809701906478
b4177,0,0.46361718013266623,0.4554623243728633,0.8747720209098055
b4192,0,0.14887938601777165,0.14344624744788226,0.33270821861306477
b4193,0,0.049110238027614994,0.05848761392477621,0.13211256640907146
b4195,0,0.41609231799295393,0.24977109453524712,0.728507950794661
b4196,0,0.10768504678400696,0.10595908055918896,0.24569742535315908
b4197,0,0.1040390783629228,0.1253052832907296,0.21019325458470864
b4198,0,0.12444271351572023,0.1575316506974013,0.2367867010658635
b4208,0,0.03703704159809213,0.05680122846399672,0.20040888909579394
b4209,0,0.4555236997836496,0.37195536677875074,0.7648869344376444
b4213,0,0.0324175822596691,0.05753557284284997,0.14601447093169534
b4214,0,0.36726346157947,0.3479381837128021,0.8441362250428716
b4219,0,0.17942381158278004,0.17461467251924573,0.37828408557787735
b4226,1,0.7761094887734218,0.5646298118514755,0.9909404870706797
b4227,0,0.15483289745106482,0.18845421751389224,0.6275301150990668
b4230,0,0.03936350049074366,0.07196444643328032,0.21027036033090052
b4231,0,0.06791942252107731,0.08585150441616327,0.20992587592624629
b4232,0,0.24175379648261042,0.23003495785020836,0.6479820314723046
b4233,0,0.15973758542497427,0.12009129715971686,0.12108531721850097
b4237,0,0.17105974006036564,0.18631294334227363,0.6300015126787358
b4238,0,0.05039108902631788,0.13015373270819577,0.4257660629501462
b4239,0,0.06015156803540597,0.08684851730838673,0.2996843243347119
b4240,0,0.08275965851995803,0.08195065308334744,0.18960911319499676
b4242,0,0.032314629242595504,0.06300858786587396,0.12339708891010201
b4244,0,0.2771109059459039,0.12869321597842354,0.5120976434589296
b4245,0,0.22033573764486183,0.29789193270755315,0.4610825702682939
b4258,1,0.7181740470703928,0.5780096846289465,0.7674274694819021
b4260,0,0.046864097131874505,0.07773499770263105,0.13787241566407074
b4261,1,0.3937099423172633,0.3219354347192259,0.695399398557459
b4262,1,0.3629725279525178,0.2566470157442942,0.6561903147449395
b4265,0,0.038917228802679144,0.05751937177494923,0.09235475896254913
b4266,0,0.03301066660396211,0.0778885993013731,0.264546960376536
b4268,0,0.10084481107259356,0.11004466049142214,0.22513732785803897
b4287,0,0.12190528618334455,0.11067627017539236,0.4069826304899935
b4288,0,0.12917450432524072,0.08770956223609465,0.24596318803215142
b4289,0,0.07432886786010022,0.09548968054797445,0.35226897121480844
b4291,0,0.045719968830390825,0.05669888784397675,0.27653634133782246
b4311,0,0.04164202356201241,0.0846150171339611,0.22542052071269128
b4321,0,0.03233906810850015,0.048786279900446095,0.20851703704993738
b4322,0,0.04995247009789462,0.09942629773261999,0.20756978609241264
b4323,0,0.05346163756455204,0.08267353303349038,0.222954932695561
b4356,0,0.04716746859302648,0.05260187536256283,0.09151210161038299
b4358,0,0.08861073901029692,0.06616455016112689,0.13020399264004026
b4374,0,0.2646758836503632,0.21660769107828898,0.4564498888255538
b4381,0,0.3912812083343454,0.32348501643569644,0.8759131014691753
b4382,0,0.07730580684441087,0.0949963428972233,0.38814150631587885
b4383,0,0.2792353984375718,0.15839081228973276,0.6770452926825828
b4384,0,0.08931684674621514,0.12146668676499048,0.339953504518243
b4386,1,0.05555166869890438,0.0981735427178574,0.5099067685787774
b4388,0,0.0828592509528015,0.12869365926073378,0.25991585629728425
b4390,0,0.21496218667009473,0.2538079522676682,0.43376980613723926
b4392,0,0.03579216384781434,0.0712847486140513,0.147771341932033
b4394,0,0.1573179156608777,0.1694309563241529,0.7421024567361243
b4395,0,0.10622872263227186,0.09511493331560651,0.46690168290045414
