bnumber,essential,score,hard,fba_fixed
b0002,0,0.3004677732145321,0,0
b0004,0,0.45304729853535775,0,1
b0007,0,0.2357996433517002,0,0
b0008,0,0.6956358091534548,0,0
b0009,1,0.8952538946875537,1,1
b0019,0,0.27346002642844636,0,0
b0025,1,0.9022601334810085,1,1
b0026,1,0.5046500383258672,0,0
b0029,1,0.7967701348921222,1,1
b0030,0,0.4239893400056163,0,0
b0031,1,0.7202647640743023,0,1
b0032,0,0.46929380069916443,0,0
b0033,0,0.16999824079064335,0,0
b0036,0,0.37656452790551187,0,0
b0037,0,0.15275280814694553,0,0
b0038,0,0.3368276960372789,0,0
b0040,0,0.14794983691787048,0,0
b0047,0,0.29143074336101993,0,0
b0048,1,0.7221386647041277,1,0
b0049,0,0.439452760805922,0,0
b0052,0,0.6247552695148543,0,1
b0061,0,0.19790795160903263,0,0
b0062,0,0.1398207491820195,0,0
b0063,0,0.16303227247813246,0,0
b0066,0,0.4993793093911048,0,0
b0067,0,0.13729213247507838,0,0
b0068,0,0.2807642680249007,0,0
b0070,0,0.23914843025816734,0,0
b0071,0,0.5320191527433155,0,1
b0072,0,0.3058158931278545,0,1
b0073,0,0.5361936726449575,0,1
b0074,0,0.4244404885978871,0,1
b0077,0,0.24777673822250393,0,0
b0078,0,0.6350746429023918,0,0
b0084,1,0.4562359821007723,0,0
b0085,1,0.6564094351982426,1,1
b0086,0,0.9705159582146077,1,1
b0087,0,0.84908519454515,1,1
b0088,1,0.7134156146253517,0,1
b0090,1,0.9523220987765714,1,1
b0091,1,0.6799952190608406,1,1
b0092,1,0.6579460292451228,0,0
b0099,0,0.47875700866445314,0,0
b0103,1,0.9781338138448706,1,1
b0104,0,0.42441489231344126,0,0
b0109,0,0.5917360392272656,0,1
b0110,0,0.5970195198066551,0,0
b0112,0,0.14487372429279619,0,0
b0114,0,0.22918533948573272,0,0
b0115,1,0.33838463537590263,0,0
b0116,1,0.5649522875336386,0,0
b0118,0,0.13178891162379566,0,0
b0120,0,0.3351251175357185,0,0
b0121,0,0.5051474172149879,0,0
b0123,0,0.32116351825796274,0,0
b0124,0,0.17343602647115336,0,0
b0125,0,0.8409429557325491,1,0
b0126,1,0.32890773471300266,0,0
b0131,0,0.8234096782160493,1,1
b0133,0,0.7816654104958822,1,1
b0134,0,0.7425174951291748,1,1
b0142,1,0.9594200780339794,1,1
b0149,0,0.27456782549777436,0,0
b0150,0,0.05852725739754407,0,0
b0151,0,0.38688729207123407,0,0
b0152,0,0.4681570133349392,0,0
b0153,0,0.0721354626001331,0,0
b0154,1,0.9376301088051546,1,1
b0155,0,0.16839164068289142,0,0
b0158,0,0.4141017955108884,0,0
b0159,1,0.9118784126752633,1,1
b0160,0,0.2936730945431529,0,0
b0166,1,0.5991680251193817,1,1
b0171,1,0.9193763016485651,1,0
b0173,1,0.7015274503751655,1,1
b0174,1,0.9742982986596169,1,1
b0175,1,0.8168399323240079,1,1
b0180,1,0.9012914563573816,1,1
b0181,1,0.8055484361992963,1,1
b0182,1,0.5490483555493035,0,1
b0185,1,0.7849255743848402,1,1
b0186,0,0.10576113077931501,0,0
b0194,1,0.7953564071931952,1,0
b0197,0,0.363017003839234,0,0
b0198,0,0.33341643601135385,0,0
b0199,0,0.2981981646231522,0,0
b0200,0,0.5045288160955929,0,0
b0207,0,0.41567611172193836,0,0
b0212,0,0.27536482132370105,0,0
b0221,0,0.03729639319991674,0,0
b0222,0,0.42005441545504973,0,0
b0237,0,0.1610314371219587,0,0
b0241,0,0.6108853170737237,0,0
b0242,0,0.46275216806829,0,0
b0243,0,0.5229360289865439,0,0
b0260,0,0.13243128516720273,0,0
b0261,0,0.40784660084006,0,0
b0273,0,0.4141197195860002,0,0
b0306,0,0.23069346312487138,0,0
b0307,0,0.3177436335374619,0,0
b0308,0,0.29903194007134387,0,0
b0311,0,0.0913219250651483,0,0
b0312,0,0.24373564325070152,0,0
b0314,0,0.06731719573554429,0,0
b0323,0,0.5315381620051615,0,0
b0331,0,0.2173198269139929,0,0
b0333,0,0.39113609253352954,0,0
b0334,0,0.17792449452439943,0,0
b0336,0,0.14155742898407275,0,0
b0337,0,0.15894271797836512,0,0
b0339,0,0.32786977225518116,0,0
b0340,1,0.40199088876532774,0,0
b0341,0,0.19514715553587983,0,0
b0343,0,0.10865107414998068,0,0
b0344,0,0.0859447178319081,0,0
b0347,0,0.13735841336572954,0,0
b0348,0,0.18604582128397298,0,0
b0349,0,0.2173156969740466,0,0
b0350,0,0.23023264007651015,0,0
b0351,0,0.15308493166577952,0,0
b0352,0,0.23803710547418494,0,0
b0353,0,0.2033749438522748,0,0
b0355,0,0.157128565404429,0,0
b0356,0,0.3417939939972842,0,0
b0365,0,0.36194469641684135,0,0
b0366,0,0.3539204377918376,0,0
b0367,0,0.2794385927915975,0,0
b0368,0,0.16768299023506336,0,0
b0369,1,0.8809489295547854,1,1
b0381,0,0.5587877483849936,0,0
b0383,0,0.27676490176702945,0,0
b0386,1,0.7520716567467396,1,1
b0388,0,0.5905079612626096,0,0
b0394,0,0.29857586530208463,0,0
b0401,0,0.26722318193620986,0,0
b0403,0,0.3799439769329795,0,0
b0404,0,0.6024517566025916,1,0
b0411,0,0.5022455931639694,0,0
b0414,1,0.9327394152600693,1,1
b0415,1,0.9383519882529441,1,1
b0417,1,0.9179007099386478,1,1
b0418,1,0.3782496852724822,0,0
b0420,1,0.764008578620208,1,1
b0421,1,0.9360361716633568,1,1
b0423,0,0.8426686796407229,1,1
b0425,0,0.8085014407403026,1,0
b0428,0,0.3682786052941928,0,0
b0429,1,0.7452946827750406,1,0
b0430,0,0.6314349049896167,1,0
b0431,0,0.10403300583346103,0,0
b0432,0,0.5588829563860885,0,0
b0433,0,0.26986837544769954,0,0
b0444,0,0.3070020316951494,0,0
b0446,0,0.29835615078078226,0,0
b0451,0,0.2174580738612869,0,0
b0452,0,0.4029060185751665,0,0
b0459,0,0.42085774110543955,0,0
b0462,0,0.06770307868730872,0,0
b0463,0,0.38326135290963836,0,0
b0469,1,0.8970306249176726,1,0
b0474,1,0.9782139172876,1,0
b0475,1,0.95671743367098,1,1
b0477,0,0.3038209120160198,0,0
b0480,0,0.2058642127762789,0,0
b0484,0,0.40361444120399037,0,0
b0485,0,0.34590305574830466,0,0
b0494,0,0.04247934234661168,0,0
b0505,1,0.5671905123179891,0,0
b0507,0,0.06661630921094781,0,0
b0508,0,0.16173934733213458,0,0
b0509,0,0.1611267436209947,0,0
b0511,0,0.16083199435897247,0,0
b0512,0,0.3880257189632214,0,0
b0514,0,0.15044596126480145,0,0
b0516,0,0.5804439044375997,1,0
b0517,0,0.4901916700497359,0,0
b0521,1,0.6685785377028209,0,0
b0522,0,0.5030577658104987,0,1
b0523,0,0.6020130842293615,0,1
b0524,1,0.8626866936198142,1,1
b0526,1,0.7260032287207587,1,0
b0529,0,0.6050630692668663,1,0
b0572,0,0.3698669585535111,0,0
b0573,0,0.5479225338521447,0,0
b0574,0,0.32063192981432476,0,0
b0575,0,0.06648480421462862,0,0
b0576,0,0.19016408161143086,0,0
b0578,0,0.2664241329831912,0,0
b0583,0,0.5671734557651574,0,0
b0584,0,0.2778612364392218,0,0
b0585,0,0.3315149539050562,0,0
b0586,0,0.34583470316064235,0,0
b0588,0,0.36773285308359854,0,0
b0590,0,0.19496334475314786,0,0
b0592,1,0.40169982765819945,0,0
b0593,0,0.2826444364146521,0,0
b0594,0,0.15943385704915938,0,0
b0595,0,0.3788426106687871,0,0
b0596,0,0.29654750977919514,0,0
b0604,0,0.48698033860948137,0,0
b0612,0,0.07826422159950464,0,0
b0613,0,0.15389186395660015,0,0
b0614,0,0.23368457316066132,0,0
b0615,0,0.35532894220809624,0,0
b0616,0,0.30011287872065184,0,0
b0617,0,0.6260662691461237,0,0
b0621,0,0.2007145012336982,0,0
b0622,0,0.7078468780210664,0,0
b0628,0,0.4930987980551149,0,0
b0630,0,0.5881241915067081,0,0
b0632,0,0.6658735738891053,1,0
b0635,1,0.4708312034770826,0,0
b0638,0,0.5520837384619965,0,0
b0639,0,0.7852820558627011,1,1
b0642,1,0.6782610009105788,1,0
b0650,0,0.5522097508538479,0,0
b0651,0,0.356314778455496,0,0
b0652,1,0.3006380026483399,0,0
b0653,1,0.3580829426570461,0,0
b0654,0,0.3651364428257388,0,0
b0655,0,0.3909243131088387,0,0
b0662,0,0.7074633330509315,1,0
b0674,0,0.22081317881577991,0,0
b0677,0,0.20979750352360943,0,0
b0678,0,0.33248991709581194,0,0
b0679,0,0.08940168386635612,0,0
b0680,1,0.7330144420052317,1,0
b0684,0,0.268486649764588,0,0
b0688,0,0.6213072667046591,1,0
b0692,0,0.1675123093132767,0,0
b0693,0,0.10049630317939101,0,0
b0697,0,0.059351340007147084,0,0
b0698,0,0.13234815361230076,0,0
b0709,0,0.14365534548520328,0,0
b0720,0,0.7050077463973573,1,1
b0721,0,0.774507757336751,1,0
b0722,0,0.7234544171545375,1,0
b0723,0,0.46413471923420624,0,0
b0724,0,0.6136579321438652,0,0
b0726,1,0.21564897811441186,0,0
b0727,1,0.43213226171344,0,0
b0728,0,0.5208996712565249,0,0
b0729,0,0.6111134657637994,0,0
b0731,0,0.10968663473737898,0,0
b0732,0,0.22518602024403644,0,0
b0733,1,0.12081160655534356,0,0
b0734,1,0.17725503993933642,0,0
b0736,1,0.7928081277767901,1,0
b0750,0,0.6644407234520053,1,1
b0751,0,0.4509080766736444,0,0
b0752,0,0.29594277183311624,0,0
b0754,0,0.5264386155012628,0,0
b0755,0,0.3216948192993852,0,0
b0756,0,0.6472933745889311,0,0
b0757,0,0.3574341737736982,0,0
b0758,0,0.13391199593389022,0,0
b0759,0,0.2777152699144396,0,0
b0763,0,0.42679461985792705,0,0
b0764,0,0.496306245185836,0,0
b0765,0,0.3040467391530493,0,0
b0766,1,0.28495648107511623,0,0
b0767,0,0.49087478240641735,0,0
b0774,0,0.6103497474604562,0,1
b0775,0,0.4400040181650123,0,1
b0776,0,0.44949267537943305,0,1
b0777,0,0.6737087224499942,0,1
b0778,0,0.7561667512575184,1,1
b0781,0,0.8676601286113864,1,1
b0783,0,0.9526311146352489,1,1
b0784,0,0.9517258602396151,1,1
b0785,0,0.9578245462677034,1,1
b0789,0,0.10722529672958785,0,0
b0805,0,0.2078249101213909,0,0
b0809,0,0.5043533192626326,0,0
b0810,1,0.44319878751428804,0,0
b0811,0,0.5273242805384694,0,0
b0813,0,0.31381849795131056,0,0
b0822,0,0.28780623642698505,0,0
b0825,0,0.6697623618953035,1,0
b0826,0,0.8195058617692969,1,1
b0827,0,0.8389628042198466,1,1
b0828,0,0.29035237083041043,0,0
b0829,0,0.26688917724576794,0,0
b0830,0,0.3789594797674058,0,0
b0831,0,0.27686161900602635,0,0
b0832,0,0.3126456583627849,0,0
b0837,0,0.19553174843893556,0,0
b0839,0,0.45854334018710063,0,0
b0841,0,0.6374608984216754,1,0
b0842,0,0.33910656659727134,0,0
b0854,0,0.3281218600742988,0,0
b0855,0,0.27683541685080837,0,0
b0856,0,0.27905006062316684,0,0
b0857,0,0.3105136006649757,0,0
b0860,0,0.4423775319937563,0,0
b0861,0,0.4021316405839891,0,0
b0862,0,0.4145583294630284,0,0
b0863,0,0.32723971894729975,0,0
b0864,0,0.5031037753302846,0,0
b0870,0,0.2944488498385511,0,0
b0871,0,0.516779070699498,0,0
b0875,0,0.34886234589246684,0,0
b0886,1,0.16696762097046636,0,0
b0887,1,0.11808135091252564,0,0
b0888,0,0.737421128604884,1,0
b0893,1,0.8274879256429344,1,0
b0894,0,0.25394674852522064,0,0
b0895,0,0.30379933669543946,0,0
b0896,0,0.3657337116538543,0,0
b0902,0,0.5269217274605327,0,0
b0903,0,0.39357925211030853,0,0
b0904,0,0.3679065862716757,0,0
b0907,0,0.6935042272347679,1,1
b0908,0,0.933217099969961,1,1
b0910,1,0.8874538347602263,1,0
b0914,1,0.7454964498303273,1,1
b0915,1,0.6241635073156956,1,1
b0918,1,0.6218265008598051,0,1
b0928,0,0.5827182103693792,1,1
b0929,0,0.2374520477250543,0,0
b0930,1,0.7617362543597542,1,0
b0931,0,0.5430468815434157,0,0
b0932,0,0.5624877920547203,0,0
b0933,0,0.32030547241965335,0,0
b0934,0,0.2727015224256292,0,0
b0935,0,0.2834902543077014,0,0
b0936,0,0.3192941151039019,0,0
b0937,0,0.4027198043541087,0,0
b0945,0,0.47950089350297953,0,0
b0954,1,0.4933424684067051,0,0
b0957,0,0.4938210435949033,0,0
b0963,1,0.5944060090545611,0,0
b0968,0,0.6011040719158534,0,0
b0972,1,0.20482819450255557,0,0
b0973,0,0.09275504065686649,0,0
b0974,1,0.37804893609608553,0,0
b0978,0,0.15580095356864135,0,0
b0979,0,0.1841343400502773,0,0
b0980,0,0.22412718494915096,0,0
b0996,0,0.3765475430515336,0,0
b0997,0,0.1390814242616174,0,0
b1002,0,0.5132585906388869,0,0
b1006,0,0.1586607584050483,0,0
b1007,0,0.655202182576965,0,0
b1008,0,0.38603344122208544,0,0
b1009,0,0.5361708689468033,0,0
b1010,1,0.3632704085886116,0,0
b1011,1,0.3475730935149253,0,0
b1012,0,0.29363574706874607,0,0
b1014,0,0.07636452948760475,0,0
b1015,0,0.21761875190882649,0,0
b1033,1,0.5276598766621026,0,0
b1054,0,0.4323483136004903,0,0
b1059,0,0.33847989655092464,0,0
b1062,0,0.4832308257115233,0,1
b1064,0,0.5431659101322802,0,0
b1069,1,0.7045299341609762,0,1
b1090,0,0.7417608346084451,1,0
b1091,1,0.8457747251899969,1,1
b1092,1,0.7363472816376915,0,1
b1093,1,0.6869891704516748,1,1
b1095,0,0.5710391912126507,0,0
b1096,0,0.8956942681255088,1,1
b1098,1,0.8747189391713684,1,1
b1101,0,0.2417182284416826,0,0
b1102,0,0.31530049768847523,0,0
b1106,0,0.2784430680139026,0,0
b1107,0,0.4063914810193437,0,0
b1109,0,0.4691144504627373,0,0
b1119,0,0.3319113668836937,0,0
b1123,1,0.24606684552378733,0,0
b1124,1,0.34376574959640593,0,0
b1125,0,0.3251557581420999,0,0
b1126,0,0.3526803828140597,0,0
b1131,0,0.6731392032852377,1,1
b1134,0,0.5750725748550909,0,0
b1136,0,0.6765359717654363,1,1
b1185,0,0.6508466486246829,1,0
b1186,0,0.2332304270280371,0,0
b1189,1,0.2778593436845651,0,0
b1190,0,0.25351386531149656,0,0
b1193,0,0.5997852612742506,0,0
b1192,0,0.6595309385073259,1,0
b1197,0,0.32026851193402944,0,0
b1198,0,0.3823240215512416,0,0
b1199,1,0.22789309085375975,0,0
b1200,0,0.2738460881278728,0,0
b1206,0,0.2412532038743248,0,0
b1207,1,0.8186192785912447,1,0
b1208,1,0.8790852871212551,1,1
b1216,0,0.22282294400888744,0,0
b1223,0,0.14742289975554618,0,0
b1224,0,0.07046495931949774,0,0
b1225,0,0.14962705348076177,0,0
b1226,0,0.6245413230955763,1,0
b1227,0,0.16719953536132415,0,0
b1232,1,0.6592836949945517,1,0
b1236,1,0.20122581162990227,0,0
b1238,1,0.8075293526733348,1,0
b1241,0,0.4192812150592668,0,0
b1243,0,0.1342974593380667,0,0
b1244,0,0.2886615412619054,0,0
b1245,1,0.30048891981323517,0,0
b1246,1,0.277393076632991,0,0
b1247,0,0.28218381788993624,0,0
b1249,0,0.2211100246767666,0,0
b1250,0,0.2614481635587297,0,0
b1252,1,0.5276753507758745,0,0
b1260,0,0.47608979414422764,0,1
b1261,0,0.2918858216953004,0,1
b1262,0,0.5224168728843923,0,1
b1263,0,0.319620439315146,0,1
b1264,0,0.3106476344649191,0,1
b1270,1,0.7130561321759554,1,0
b1276,0,0.1938019532612149,0,0
b1277,1,0.9220899352680527,1,1
b1278,0,0.16431807311386815,0,0
b1281,1,0.6707564539030453,1,1
b1288,1,0.5747300221169193,0,1
b1291,0,0.3455894189581368,0,0
b1296,0,0.14109122161002277,0,0
b1297,0,0.1815644809834761,0,0
b1298,0,0.22675107667236602,0,0
b1300,0,0.06346525618557869,0,0
b1301,0,0.200031953780239,0,0
b1302,0,0.1410608853147521,0,0
b1308,1,0.3735743345429401,0,0
b1319,0,0.15641417860732879,0,0
b1325,0,0.21866046964767571,0,0
b1326,1,0.5707615888595581,0,0
b1329,0,0.24987463022476505,0,0
b1363,0,0.2409235434314103,0,0
b1377,0,0.5682562183906102,0,0
b1378,0,0.7878051231848795,1,0
b1380,0,0.316048613061002,0,0
b1385,0,0.2648425532608045,0,0
b1386,0,0.2488610551712059,0,0
b1387,0,0.24657808385695784,0,0
b1388,0,0.15348929585760632,0,0
b1390,1,0.23578425464938857,0,0
b1391,0,0.4797155619946492,0,0
b1392,0,0.20855132048040165,0,0
b1393,0,0.31915157327105304,0,0
b1394,0,0.28145691432334,0,0
b1395,0,0.23467022218666272,0,0
b1397,0,0.24355376602036163,0,0
b1398,0,0.26722988712463724,0,0
b1415,0,0.6891041811269483,1,1
b1440,0,0.26101026930187526,0,0
b1441,1,0.44749135908828097,0,0
b1442,1,0.2583072842756875,0,0
b1443,1,0.29473009738548905,0,0
b1444,0,0.19854632707264241,0,0
b1453,0,0.13756464113719152,0,0
b1463,1,0.36081048945512906,0,0
b1465,0,0.2305085255080117,0,0
b1466,0,0.668364962083291,0,0
b1467,0,0.1506704033694098,0,0
b1468,0,0.05397173459307712,0,0
b1469,0,0.14179863704234086,0,0
b1473,0,0.2696140195130012,0,0
b1474,0,0.08613507073442313,0,0
b1475,0,0.2822551767507883,0,0
b1476,0,0.28983202860059404,0,0
b1478,0,0.5134866712214919,0,0
b1479,0,0.347516227600076,0,0
b1483,0,0.44920558216154494,0,0
b1484,0,0.39886352674182357,0,0
b1485,1,0.26816512350870314,0,0
b1486,0,0.22094376304918287,0,0
b1487,0,0.27425937602574224,0,0
b1488,0,0.4583535044186757,0,0
b1489,0,0.2519281916092872,0,0
b1492,0,0.15442554533957506,0,0
b1493,0,0.3510366112536884,0,0
b1519,0,0.6656624839654425,0,0
b1521,0,0.17985380669823325,0,0
b1524,0,0.3624764416984679,0,0
b1525,0,0.34508459891838833,0,0
b1528,0,0.26051873118373264,0,0
b1533,0,0.23646193581102296,0,0
b1539,0,0.5693183436127105,0,0
b1584,0,0.6418117350574677,1,0
b1587,0,0.3158978492454232,0,0
b1588,0,0.30450035164752576,0,0
b1589,1,0.29294230504327545,0,0
b1590,0,0.3587271152148108,0,0
b1592,0,0.29073111215164926,0,0
b1599,1,0.562013726137539,0,0
b1600,0,0.4823712310818603,0,0
b1602,0,0.20063217646206033,0,0
b1603,0,0.2929804237900193,0,0
b1605,0,0.14457439768060323,0,0
b1606,0,0.5436882712017315,0,0
b1611,0,0.3638540810050772,0,0
b1612,0,0.25298585360240156,0,0
b1613,0,0.394366866706826,0,0
b1621,0,0.3065756442947206,0,0
b1622,0,0.23809458162113298,0,0
b1623,0,0.44653527921587793,0,0
b1634,1,0.1270902998646371,0,0
b1636,0,0.23833383244732634,0,0
b1637,1,0.8214931768407409,1,0
b1638,0,0.2992451571939964,0,0
b1640,0,0.27238410261780344,0,0
b1646,0,0.42897853926627394,0,0
b1654,1,0.8492683191213126,1,0
b1656,0,0.4059926821234476,0,0
b1661,0,0.6155832878949935,0,0
b1662,1,0.870377561397535,1,1
b1676,0,0.42257288986426933,0,0
b1679,0,0.6308257959485688,1,0
b1680,0,0.255295923624357,0,0
b1681,0,0.2906622283495887,0,0
b1682,0,0.6433813338909076,0,0
b1683,0,0.1719027455581752,0,0
b1684,1,0.49528166405617186,0,0
b1692,0,0.29151440950442997,0,0
b1693,0,0.3565157899964168,0,1
b1701,0,0.186695214008124,0,0
b1704,1,0.5236589252916626,0,0
b1709,0,0.44635156077136023,0,0
b1710,1,0.4048358557881603,0,0
b1711,0,0.19135427634214172,0,0
b1719,1,0.6958305110107403,1,0
b1723,0,0.44698504446348025,0,0
b1732,0,0.3758732988763492,0,0
b1734,0,0.2874164179594193,0,0
b1740,1,0.6694713592491504,0,1
b1745,1,0.11453694064064955,0,0
b1746,0,0.23830347040249125,0,0
b1747,1,0.15716000007837563,0,0
b1748,0,0.20985343417424526,0,0
b1759,0,0.5637433360718171,0,0
b1761,0,0.29217608548120955,0,0
b1764,1,0.2164410639426816,0,0
b1767,0,0.5510737043471675,0,0
b1768,0,0.5123426154354194,0,0
b1773,0,0.22153515902686252,0,0
b1779,1,0.8924893831159806,1,0
b1781,0,0.289249583176044,0,0
b1805,0,0.4281045515583459,0,0
b1812,0,0.8889312333405394,1,1
b1814,0,0.1380162277956307,0,0
b1817,0,0.5876946642934041,0,0
b1818,0,0.27834638884505347,0,0
b1819,0,0.28450554519122384,0,0
b1849,0,0.2912695760491706,0,0
b1850,0,0.4948108588640739,0,0
b1851,0,0.3113972216775113,0,0
b1852,1,0.42282883754921063,0,0
b1854,0,0.3583710885085479,0,0
b1855,0,0.5646907317988964,0,0
b1857,0,0.36667526600827377,0,0
b1858,0,0.4138002052750592,0,0
b1859,0,0.18636624204025318,0,0
b1865,1,0.5298291559693885,0,0
b1866,1,0.7718509048229203,1,0
b1872,0,0.10348595602417716,0,0
b1873,0,0.332659992783718,0,0
b1876,1,0.7835147891032705,1,0
b1896,0,0.1999920557657293,0,0
b1897,0,0.3600517682907992,0,0
b1900,1,0.2708033956224539,0,0
b1901,1,0.2326154001019466,0,0
b1907,0,0.20054516156435273,0,0
b1912,1,0.5219198268574635,0,0
b1927,0,0.3480450742674135,0,0
b1981,0,0.13953548943929905,0,0
b1982,0,0.3864351263102579,0,0
b1991,0,0.2595503832748697,0,0
b1992,0,0.3234725749148214,0,0
b1993,0,0.2651317826709205,0,0
b2010,0,0.4559087040995317,0,0
b2020,0,0.25267400546641017,0,1
b2021,0,0.34638084383225193,0,1
b2022,0,0.4914288009826689,0,1
b2023,0,0.5260279430495317,0,1
b2024,0,0.6321731209069991,0,1
b2025,0,0.7462965090390506,1,1
b2026,0,0.8805735269545201,1,1
b2027,0,0.4392128589690617,0,0
b2028,0,0.29929159703612934,0,0
b2029,0,0.4000547014063527,0,0
b2032,0,0.2823617783893421,0,0
b2033,0,0.446127832200616,0,0
b2034,0,0.546617041715237,0,0
b2035,0,0.14656668659775937,0,0
b2037,0,0.16753080588831631,0,0
b2038,0,0.3833251830514985,0,0
b2039,0,0.19181412391432187,0,0
b2040,0,0.23302029662502713,0,0
b2041,0,0.1933539500187699,0,0
b2045,0,0.34472725745377203,0,0
b2048,0,0.17504046910783444,0,0
b2049,0,0.38677314658884127,0,0
b2051,0,0.3343425383579012,0,0
b2052,0,0.5320356883970827,0,0
b2053,0,0.16372050578468042,0,0
b2065,0,0.6042102522845169,0,0
b2066,0,0.8212553457347396,1,0
b2091,1,0.18616742378144346,0,0
b2093,0,0.6573851355107871,1,0
b2094,0,0.7847473827334074,1,0
b2095,0,0.27467754306051223,0,0
b2096,0,0.2646446856264128,0,0
b2097,0,0.5869034779339242,0,0
b2103,0,0.5288578483947238,0,1
b2104,0,0.257949059699703,0,0
b2114,1,0.8623184226998596,1,0
b2128,0,0.23644921218522152,0,0
b2129,0,0.30908167648322804,0,0
b2130,0,0.1608749852690127,0,0
b2131,0,0.3827313447184497,0,0
b2132,0,0.15897681697729577,0,0
b2133,0,0.28510174864303256,0,0
b2134,0,0.41429822365013286,0,0
b2143,0,0.44267964247349917,0,0
b2146,0,0.3842440930013137,0,0
b2147,0,0.5591263032908156,0,0
b2149,0,0.28681759489178665,0,0
b2150,1,0.4342195753149257,0,0
b2153,1,0.9466677079134309,1,1
b2154,0,0.32901951860737694,0,0
b2155,0,0.2982380893226083,0,0
b2156,0,0.19233501236073836,0,0
b2162,0,0.39710476933391703,0,0
b2167,0,0.11980067675518066,0,0
b2168,0,0.2288768017984806,0,0
b2169,0,0.6376355605464518,1,0
b2170,0,0.2487727772393257,0,0
b2174,0,0.6130853096329566,0,0
b2197,1,0.4416155210281858,0,0
b2198,0,0.8296295268482485,1,0
b2199,0,0.3074454797943793,0,0
b2200,0,0.26568287558816545,0,0
b2201,0,0.4254011639645055,0,0
b2202,0,0.50931224921619,0,0
b2203,0,0.5575996344368087,0,0
b2204,0,0.3053443704202681,0,0
b2205,0,0.33430962156921246,0,0
b2206,0,0.12326708740253058,0,0
b2210,0,0.22027753254756977,0,0
b2215,0,0.27301252140492155,0,0
b2221,0,0.5038448008734072,0,0
b2222,0,0.33259145352779296,0,0
b2223,0,0.1415957395264338,0,0
b2224,0,0.4232609257995836,0,0
b2232,1,0.682430205312983,1,0
b2234,1,0.30182819271293293,0,0
b2235,1,0.20602379473751703,0,0
b2239,0,0.22807717117286444,0,0
b2240,0,0.1443434483200611,0,0
b2241,0,0.10218114850991729,0,0
b2242,0,0.23682591311371853,0,0
b2243,0,0.36085147802103834,0,0
b2251,0,0.25310130811619086,0,0
b2254,0,0.29121422006058556,0,0
b2255,0,0.3545483212236988,0,0
b2256,0,0.40841896638860214,0,0
b2257,0,0.2990043251313165,0,0
b2258,0,0.32662444242382305,0,0
b2260,1,0.26248580621916223,0,0
b2265,0,0.30081168107735856,0,0
b2276,0,0.181922982213747,0,0
b2277,0,0.13817763857509432,0,0
b2278,0,0.12895171914898368,0,0
b2280,0,0.41434261262840805,0,0
b2281,0,0.5621039221515123,0,0
b2282,0,0.2875291518338102,0,0
b2283,0,0.5534048238594166,0,0
b2284,0,0.32380593998800533,0,0
b2286,0,0.8872870227040026,1,0
b2287,0,0.6272163849382816,1,0
b2288,0,0.6526450368351131,0,0
b2291,0,0.7074348428937115,1,0
b2296,1,0.49245753433671186,0,0
b2297,0,0.5307556713067075,0,0
b2303,0,0.7370096147822642,0,0
b2306,0,0.39611744862716514,0,0
b2307,0,0.3884133534957996,0,0
b2308,0,0.438568230688319,0,0
b2309,0,0.33150402597757567,0,0
b2310,0,0.3841443629438541,0,0
b2311,1,0.9027509449558055,1,1
b2312,0,0.41557019863458694,0,1
b2320,0,0.7972586758206528,1,1
b2323,1,0.8016138195020818,1,1
b2328,0,0.22692280522236072,0,0
b2329,0,0.7811018639717059,1,1
b2341,0,0.27843145854137014,0,0
b2342,0,0.45582014759768064,0,0
b2344,0,0.3457357169376445,0,0
b2373,0,0.14839367040767373,0,0
b2374,0,0.1621145186750562,0,0
b2378,0,0.43561345326184,0,0
b2379,0,0.6025563438307877,0,0
b2388,0,0.7663284852391067,1,0
b2392,0,0.27381778504677945,0,0
b2393,0,0.18255164383989442,0,0
b2400,1,0.9719971211682994,1,1
b2406,0,0.1774599535153385,0,0
b2407,0,0.48070264749398434,0,0
b2411,1,0.2581773005724912,0,0
b2414,0,0.19274911757927204,0,0
b2415,0,0.8771446768000164,1,0
b2416,0,0.4263963647736428,0,0
b2417,0,0.7609718121296812,1,0
b2418,0,0.22992232233299414,0,0
b2421,0,0.2649575281187526,0,0
b2422,0,0.1686461110560521,0,0
b2423,1,0.2389751581358935,0,0
b2424,0,0.2725637231029287,0,0
b2425,0,0.31299444247649816,0,0
b2428,0,0.339441814337338,0,0
b2429,0,0.17289274286837567,0,0
b2435,0,0.3981681808681028,0,0
b2436,0,0.6161631804347711,0,0
b2440,0,0.15034173897677727,0,0
b2441,0,0.10893682924660675,0,0
b2458,0,0.5204279416875472,0,0
b2463,0,0.5858528712276743,0,0
b2464,0,0.6922037450849103,1,0
b2465,0,0.31448565082219515,0,0
b2467,0,0.3942058137152033,0,0
b2470,0,0.06948721235995409,0,0
b2472,1,0.34387237871546167,0,1
b2476,0,0.6974755557254282,1,1
b2478,1,0.8192426163989169,1,1
b2480,0,0.4086394753254391,0,0
b2481,0,0.25551634604678763,0,0
b2482,0,0.04674378483155589,0,0
b2483,0,0.14434011748404016,0,0
b2484,0,0.09191316240673315,0,0
b2485,0,0.2167981141760365,0,0
b2486,0,0.06824031702448,0,0
b2487,0,0.15134058890624866,0,0
b2489,0,0.1916237814119426,0,0
b2490,0,0.4936945634863311,0,0
b2492,0,0.3118178168614675,0,0
b2497,0,0.17018011215485107,0,0
b2498,0,0.7357608952859601,1,0
b2499,0,0.7865634582285309,1,1
b2500,0,0.5794191169840341,1,0
b2501,0,0.23122625515695908,0,0
b2502,0,0.2801811523534665,0,0
b2507,0,0.8960703843191221,1,1
b2508,0,0.3287957940853674,0,0
b2514,1,0.8534992056791476,1,0
b2515,1,0.7651112000814428,1,1
b2518,1,0.8923757842976694,1,0
b2519,0,0.35361885757844536,0,0
b2521,0,0.5580488777582363,0,0
b2523,0,0.3338134492197538,0,0
b2529,1,0.6085887194208401,0,0
b2530,1,0.9551384783456247,1,1
b2533,1,0.5699098572136686,0,0
b2536,0,0.19777322096938657,0,0
b2538,0,0.14606752500270498,0,0
b2539,1,0.2714142575202016,0,0
b2540,1,0.6103304122442377,1,0
b2541,0,0.23916298503571617,0,0
b2542,0,0.21188726624740026,0,0
b2551,1,0.7891401180834283,1,0
b2552,0,0.5294879076081614,0,0
b2557,0,0.8260343033727535,1,1
b2558,0,0.22525345025641885,0,0
b2563,1,0.7902906117988643,1,0
b2564,1,0.7009264575118004,1,1
b2574,0,0.39930944943475394,0,1
b2578,0,0.5165111441639753,0,0
b2579,1,0.5616482364530901,0,0
b2582,1,0.7546895091719261,1,0
b2585,1,0.9434274826614701,1,1
b2587,0,0.1631182965399338,0,0
b2599,0,0.8391724727521341,1,1
b2600,0,0.8807063641280783,1,1
b2601,0,0.3641728271234746,0,0
b2615,1,0.9648764954970963,1,1
b2661,0,0.23977580538827592,0,0
b2662,0,0.14208192500003258,0,0
b2663,0,0.1664817718304446,0,0
b2675,0,0.17507476701643895,0,0
b2676,0,0.21075815406887363,0,0
b2677,0,0.31368929367931997,0,0
b2678,0,0.28821501628634144,0,0
b2679,0,0.26695022804859037,0,0
b2682,0,0.5443962603119379,0,0
b2683,0,0.6949827796082453,1,0
b2688,0,0.15236284071151793,0,0
b2690,0,0.32562289695984276,0,0
b2697,1,0.5261775819639615,0,0
b2701,0,0.5678398144671697,0,0
b2702,0,0.3820224079266243,0,0
b2703,0,0.14360567174445452,0,0
b2705,0,0.30138015410059416,0,0
b2708,0,0.5741519548265457,0,0
b2710,0,0.7127375763294139,1,0
b2711,0,0.4575643675203862,0,0
b2715,0,0.2891854561470564,0,0
b2719,0,0.3189509445144041,0,0
b2720,1,0.456168354041659,0,0
b2721,0,0.21072096946839652,0,0
b2722,0,0.20465035683980104,0,0
b2723,0,0.1161654532845197,0,0
b2738,0,0.2041717338159434,0,0
b2744,0,0.4379651153980845,0,0
b2746,1,0.8539212472948304,1,1
b2747,1,0.8289263184227309,1,1
b2751,0,0.3620926653543303,0,1
b2752,0,0.4485350136219966,0,1
b2762,0,0.7272752705679084,0,1
b2763,0,0.21752769218629792,0,1
b2764,0,0.23591507971771664,0,1
b2765,0,0.46080497097032247,0,0
b2780,1,0.8961700379309903,1,1
b2781,0,0.48441382480082634,0,0
b2784,0,0.3984211452400056,0,0
b2787,0,0.1453831619365225,0,0
b2788,0,0.11746657518029603,0,0
b2789,0,0.11127080581104269,0,0
b2794,0,0.7766721399409142,1,0
b2796,0,0.300294934577072,0,0
b2797,0,0.18595982274035644,0,0
b2799,0,0.22939896660420697,0,0
b2800,0,0.25121906612676714,0,0
b2801,0,0.2554355612542828,0,0
b2802,0,0.2258201983229085,0,0
b2803,0,0.14128141181390477,0,0
b2810,0,0.07891053077976243,0,0
b2813,0,0.5143886474265823,0,0
b2817,0,0.3744063627952903,0,0
b2818,0,0.6870529334504863,1,1
b2827,1,0.9040788028305395,1,1
b2835,0,0.3099932798953287,0,0
b2836,0,0.4488246025044635,0,0
b2838,0,0.5294459044961212,0,1
b2841,0,0.16621766966509346,0,0
b2866,0,0.1426304302436791,0,0
b2867,0,0.37713930226500586,0,0
b2868,0,0.5970384940399585,1,0
b2871,0,0.18554643047746472,0,0
b2874,0,0.555573476185868,0,0
b2877,0,0.3236787350488888,0,0
b2882,0,0.19841256480155015,0,0
b2883,0,0.3184026475215603,0,0
b2889,0,0.5138445384096434,0,0
b2893,0,0.5967257093977001,0,0
b2895,0,0.5370028149335033,0,0
b2901,0,0.23151979725761937,0,0
b2903,0,0.4262697121280061,0,0
b2904,0,0.7583446640369591,1,0
b2905,0,0.4248871952356676,0,0
b2907,1,0.5672641451737946,0,0
b2912,0,0.6621315073316302,1,0
b2913,0,0.28653678204448463,0,0
b2917,0,0.10275732212762714,0,0
b2919,0,0.2697957045889689,0,0
b2920,0,0.21588537193896454,0,0
b2923,1,0.41696939113371306,0,0
b2925,1,0.25277734305216976,0,0
b2926,1,0.8683532723142052,1,0
b2927,0,0.6533572789584601,1,0
b2930,0,0.30205337520565884,0,0
b2935,1,0.36941616269911975,0,0
b2937,0,0.26373708166231646,0,0
b2938,0,0.13039713495790928,0,0
b2942,1,0.9474921827581416,1,1
b2943,0,0.21645579941997753,0,0
b2947,1,0.2792541499982506,0,0
b2957,1,0.3065057956267291,0,0
b2963,0,0.38498239968048437,0,0
b2964,0,0.24216262725867654,0,0
b2965,0,0.14114861760744737,0,0
b2975,0,0.17210181762510635,0,0
b2979,0,0.18408562154980396,0,0
b2987,0,0.2905091102634233,0,0
b2988,0,0.18101669379923568,0,0
b2994,0,0.17834179706640668,0,0
b2995,0,0.2320458570704648,0,0
b2996,0,0.27263740930771985,0,0
b2997,0,0.12898783585787457,0,0
b3001,0,0.14599710158058612,0,0
b3005,0,0.6753006038971645,0,0
b3006,0,0.4895663046194864,0,0
b3008,0,0.3397053254767012,0,0
b3012,0,0.5768951160818068,0,0
b3018,1,0.8617759991443934,1,1
b3028,0,0.617115152509501,0,0
b3029,0,0.6792470242097793,0,0
b3034,0,0.45484410546914483,0,0
b3035,0,0.5903592076616525,0,0
b3040,0,0.9359559154163474,1,1
b3041,1,0.9196418486874954,1,1
b3052,0,0.1920842377303382,0,0
b3057,0,0.5308104399447144,0,0
b3058,0,0.9518877276081975,1,1
b3059,0,0.3599538072300399,0,0
b3062,0,0.2101451644884508,0,0
b3063,0,0.0871195373739891,0,0
b3073,0,0.14093765450408544,0,0
b3089,0,0.21328676920908513,0,0
b3091,0,0.1372163309269276,0,0
b3093,0,0.2731576391144106,0,0
b3114,0,0.2454722790690768,0,0
b3115,0,0.2067591807816604,0,0
b3117,0,0.11901127094222286,0,0
b3125,0,0.21322053034331534,0,0
b3126,0,0.18858169359866525,0,0
b3127,0,0.1430114175675788,0,0
b3128,0,0.1460046954472371,0,0
b3132,0,0.2909692827239741,0,0
b3137,0,0.2836896331982053,0,0
b3172,0,0.6526034847223847,1,1
b3176,0,0.8776905891601429,1,1
b3177,0,0.9256523792792785,1,1
b3182,0,0.29847749106960236,0,0
b3187,1,0.8947928471147886,1,1
b3189,0,0.9788988169090248,1,1
b3196,0,0.7824053496683164,1,1
b3197,0,0.5379611830150529,0,0
b3201,1,0.7958934499260768,1,1
b3212,0,0.19281668420836529,0,0
b3213,0,0.242938570328438,0,0
b3222,0,0.3169710549550666,0,0
b3223,0,0.21486740531569923,0,0
b3224,0,0.12578891369249598,0,0
b3225,0,0.48028868995699486,0,0
b3236,0,0.7211315680173229,1,0
b3258,0,0.0910417429559288,0,0
b3265,0,0.35881309507446707,0,0
b3266,0,0.06761133969642613,0,0
b3281,0,0.37113674076548714,0,0
b3288,1,0.535092484175357,0,0
b3290,0,0.5789197939164018,1,0
b3350,0,0.14865963949028244,0,0
b3360,0,0.9443129062572284,1,1
b3365,0,0.10472331979635012,0,0
b3366,0,0.7842400393426411,1,0
b3370,0,0.15427020259588475,0,0
b3371,0,0.3555128133865576,0,0
b3374,1,0.23238524700412833,0,0
b3380,0,0.3524526964389949,0,0
b3384,1,0.7789050566019108,1,0
b3385,0,0.3117021747965773,0,0
b3386,1,0.6920284742354613,1,0
b3389,0,0.6195970754130005,0,1
b3390,1,0.707770383832742,0,0
b3396,0,0.3000142620197689,0,0
b3397,0,0.5529216818961002,0,0
b3403,0,0.5787660873531225,1,0
b3409,0,0.09172227122835781,0,0
b3412,0,0.8685747094380009,1,1
b3415,0,0.17811855846557706,0,0
b3416,0,0.3238046367388132,0,0
b3417,0,0.13036790644634835,0,0
b3426,0,0.2042102309564682,0,0
b3428,0,0.08541577478272559,0,0
b3429,0,0.24297696243864053,0,0
b3430,0,0.24880023218984718,0,0
b3431,0,0.11272302883664663,0,0
b3432,0,0.15854873821876833,0,0
b3433,1,0.601897594786997,1,1
b3447,0,0.16034786048732727,0,0
b3449,0,0.4883074724993397,0,0
b3451,0,0.2781422764337772,0,0
b3452,0,0.2709664641584478,0,0
b3453,0,0.2667494387167937,0,0
b3454,0,0.2759697948030676,0,0
b3455,0,0.27345888438452803,0,0
b3456,0,0.1784529669116182,0,0
b3458,0,0.21090758150523806,0,0
b3460,0,0.21262333948963963,0,0
b3469,0,0.10443016988675695,0,0
b3476,0,0.29846713698830396,0,0
b3477,0,0.2622065211540562,0,0
b3478,0,0.233855959625467,0,0
b3479,0,0.3904907955863474,0,0
b3480,0,0.4297222669048689,0,0
b3493,0,0.31459666005774484,0,0
b3496,0,0.18090233322642527,0,0
b3500,1,0.37502009984825835,0,0
b3502,0,0.3070206967119812,0,0
b3503,0,0.5171949736671385,0,0
b3526,0,0.5062050330720351,0,0
b3528,0,0.23448404223274713,0,0
b3540,0,0.2783069711429592,0,0
b3541,0,0.28764556663496726,0,0
b3542,0,0.30919811588113966,0,0
b3543,0,0.23069539411443035,0,0
b3544,0,0.2742331265555452,0,0
b3546,0,0.22494328677932668,0,0
b3551,0,0.13567137074519875,0,0
b3553,0,0.4375430681940879,0,0
b3559,1,0.5297330763095833,0,0
b3560,1,0.775686786218929,1,0
b3565,0,0.3945315271486417,0,0
b3566,0,0.36572371659687775,0,0
b3567,0,0.26193824932466186,0,0
b3568,0,0.1704084599243351,0,0
b3571,0,0.175798008272055,0,0
b3572,0,0.4928760333162088,0,0
b3575,0,0.5457062799294506,0,0
b3577,0,0.5203127503969207,0,0
b3579,0,0.233424396836798,0,0
b3580,0,0.20431802152275966,0,0
b3583,0,0.2133114823437995,0,0
b3591,0,0.4849200715809541,0,0
b3599,0,0.15179497531612798,0,0
b3600,0,0.2710298474432334,0,0
b3603,0,0.06963194216611115,0,0
b3605,0,0.29923945165599547,0,0
b3607,1,0.6618422217097555,1,1
b3608,0,0.8202785018901684,1,1
b3610,0,0.736234936532337,0,0
b3612,0,0.2640898276129848,0,0
b3616,0,0.4740519971441289,0,0
b3617,0,0.2421296394693949,0,0
b3619,0,0.2287025526089197,0,0
b3620,0,0.48130551938109734,0,0
b3621,1,0.7036930178227927,1,0
b3622,0,0.3835021708423772,0,0
b3623,0,0.3840313361545939,0,0
b3624,0,0.7073754227359752,0,0
b3629,0,0.3252885153523417,0,0
b3630,0,0.45660007543690345,0,0
b3631,0,0.7096204913575427,0,0
b3632,0,0.46896359350961864,0,0
b3633,1,0.6070249000532077,1,1
b3634,1,0.9787905022114363,1,1
b3639,1,0.8948536180163533,1,1
b3640,1,0.8037204667177876,1,0
b3642,0,0.6332512492971508,0,1
b3648,1,0.9900303503015248,1,1
b3653,0,0.29559280455569903,0,0
b3654,0,0.14641341932682253,0,0
b3665,0,0.2197662003562417,0,0
b3666,0,0.21788192134082718,0,0
b3671,0,0.22282063761651597,0,0
b3679,0,0.11695895638360322,0,0
b3691,0,0.23012661053582453,0,0
b3693,0,0.3178173213804111,0,0
b3708,0,0.2676578715510726,0,0
b3709,0,0.12447928147691557,0,0
b3714,0,0.09770477486355716,0,0
b3722,0,0.1265430636368704,0,0
b3725,0,0.4104957434514414,0,0
b3726,0,0.24068452579706393,0,0
b3727,0,0.14973533633937025,0,0
b3728,0,0.20865482313433628,0,0
b3729,1,0.5784528494865441,0,1
b3730,1,0.8847365661402963,1,1
b3731,1,0.9395412262269405,1,1
b3732,0,0.792112678241381,1,1
b3733,0,0.9203619867518467,1,1
b3734,0,0.89780418129517,1,1
b3736,1,0.9513733560319838,1,1
b3737,0,0.985758461434741,1,1
b3738,0,0.9123215872368406,1,1
b3739,0,0.4110748296931788,0,0
b3744,0,0.4281180767893609,0,0
b3747,0,0.18461074056982943,0,0
b3748,0,0.7231984550385793,1,0
b3749,0,0.22551358959857287,0,0
b3750,0,0.2924111248923367,0,0
b3751,0,0.32980596183089805,0,0
b3752,0,0.6703719731010161,1,0
b3770,0,0.5819077823261618,0,1
b3771,0,0.4402934168745603,0,1
b3772,0,0.13529920590284403,0,0
b3774,0,0.7504700326743714,1,1
b3779,0,0.42030247568198525,0,0
b3781,0,0.7606532770820218,1,0
b3784,0,0.1193715985079702,0,0
b3785,0,0.20545034628151546,0,0
b3786,0,0.44783902456819785,0,0
b3787,0,0.21040852611011013,0,0
b3788,0,0.21299121599556314,0,0
b3789,0,0.22837973366904005,0,0
b3790,0,0.5002734939125899,0,0
b3791,0,0.2310041028912114,0,0
b3792,0,0.28899733217746826,0,0
b3793,1,0.11877565891165152,0,0
b3794,0,0.21837537708000485,0,0
b3803,0,0.7156587275701825,1,0
b3804,1,0.9354040346526306,1,1
b3805,1,0.8209689172629492,1,1
b3806,0,0.6056483384087729,0,0
b3807,0,0.8822678133657682,1,1
b3809,1,0.7595654476390654,1,1
b3816,1,0.38130442630254624,0,0
b3821,0,0.17464674643983938,0,0
b3823,0,0.576663998242995,0,0
b3824,0,0.45378991422275966,0,0
b3825,0,0.44120457188445256,0,0
b3826,0,0.09372432482995623,0,0
b3829,0,0.10006120217359708,0,0
b3831,0,0.7253704346506445,0,0
b3833,1,0.5857919988219265,1,0
b3835,1,0.2533339514377969,0,0
b3843,0,0.8080808994495746,1,1
b3844,0,0.5937979399715501,1,0
b3845,0,0.38675756726549604,0,0
b3846,0,0.11846862142726419,0,0
b3849,0,0.30335363237307095,0,0
b3850,1,0.9301906222709877,1,1
b3856,0,0.5258977262187187,0,0
b3857,0,0.968516941257645,1,1
b3860,1,0.7589478956611683,1,0
b3867,0,0.6187288409616267,1,0
b3870,0,0.47474302628498277,0,0
b3875,0,0.5730419035064779,0,0
b3882,0,0.21119199928002008,0,0
b3892,0,0.2977892469758525,0,0
b3893,0,0.2797082721422583,0,0
b3894,0,0.08550602575270722,0,0
b3902,1,0.36252896926601397,0,0
b3907,0,0.3367434632013192,0,0
b3908,0,0.32738419059292356,0,0
b3909,0,0.25953539001165443,0,0
b3915,0,0.44855450493261106,0,0
b3917,0,0.35615027361650253,0,0
b3918,0,0.5654482461160022,0,0
b3924,0,0.5153065406529723,0,0
b3925,0,0.571583533970671,0,0
b3926,0,0.22215142981343713,0,0
b3927,0,0.30646643006311425,0,0
b3930,0,0.2167964237889891,0,0
b3939,0,0.5568417880796309,0,1
b3940,0,0.2785551101501363,0,0
b3941,0,0.5706895016872117,0,1
b3942,0,0.09425514574782741,0,0
b3945,0,0.13918269492334243,0,0
b3946,0,0.6196323012912118,0,0
b3951,0,0.14481257399167694,0,0
b3952,0,0.46440700879943514,0,0
b3956,0,0.22154199113569986,0,0
b3958,1,0.6259279650634451,1,1
b3959,0,0.7821763805987116,1,1
b3960,0,0.564458882848709,0,1
b3962,0,0.5551262040529086,0,0
b3966,0,0.09718096414023393,0,0
b3967,1,0.6131290101307015,0,1
b3972,0,0.9584989665775824,1,1
b3974,1,0.9557314864979841,1,1
b3992,0,0.545737621552852,0,1
b3993,0,0.611793046306469,1,1
b3994,0,0.2304932304493648,0,1
b3996,0,0.38758824096127453,0,0
b3997,1,0.9626098954731847,1,1
b4005,0,0.4527947143193792,0,1
b4006,0,0.37682812055246834,0,1
b4013,0,0.6088526415695018,1,1
b4014,0,0.3640456147286419,0,0
b4015,0,0.1571526104007428,0,0
b4019,0,0.17614088499915662,0,0
b4024,0,0.3015099245919271,0,0
b4025,0,0.728217135809262,1,0
b4031,0,0.22476582324332345,0,0
b4033,0,0.20090359218278325,0,0
b4034,0,0.3243657333398897,0,0
b4035,0,0.18780770575000555,0,0
b4036,0,0.12131564363019084,0,0
b4039,0,0.9776892836544203,1,1
b4053,0,0.26271281825341125,0,0
b4054,1,0.23545399153475877,0,0
b4055,0,0.42661989770478537,0,0
b4067,0,0.11728135300431476,0,0
b4069,0,0.3422132827291719,0,0
b4070,0,0.11059112067735496,0,0
b4071,0,0.635938987566453,0,0
b4072,0,0.33116166644017037,0,0
b4073,0,0.2945548767931701,0,0
b4077,0,0.2872448900402756,0,0
b4079,0,0.1253587137189278,0,0
b4084,0,0.26090383508102205,0,0
b4087,0,0.23235078767180817,0,0
b4088,0,0.3824955463630997,0,0
b4090,0,0.619397218368401,0,0
b4111,0,0.16111676098040018,0,0
b4117,0,0.22504707027891654,0,0
b4119,0,0.18216764038179128,0,0
b4120,0,0.22160007348953928,0,0
b4122,0,0.3259126380483197,0,0
b4123,0,0.2589434402041648,0,0
b4129,0,0.6492137212282486,0,0
b4130,0,0.17028985956666598,0,0
b4131,0,0.22789229376799328,0,0
b4132,0,0.2918177242602415,0,0
b4136,0,0.17061432221313166,0,0
b4138,0,0.24881535074546665,0,0
b4139,0,0.2270736381499345,0,0
b4152,0,0.7264737168001715,0,0
b4153,0,0.8147662676595043,1,0
b4154,0,0.5065993339064729,0,0
b4169,0,0.3052009761647468,0,0
b4177,0,0.8693974821307062,1,1
b4192,0,0.3192302479455433,0,0
b4193,0,0.1936000648860205,0,0
b4195,0,0.7480090680052999,1,0
b4196,0,0.2001526225181921,0,0
b4197,0,0.22603815039573394,0,0
b4198,0,0.26981080016315667,0,0
b4208,0,0.14393399861683226,0,0
b4209,0,0.7561617760965778,1,0
b4213,0,0.24311382918829902,0,0
b4214,0,0.82681609651066,1,1
b4219,0,0.45644415010114764,0,0
b4226,1,0.8134733193127592,1,0
b4227,0,0.4581574897051491,0,0
b4230,0,0.20770865499950256,0,0
b4231,0,0.2582533339252691,0,0
b4232,0,0.7088270045979099,1,0
b4233,0,0.2561533506280827,0,0
b4237,0,0.5628164022520096,0,0
b4238,0,0.2958241746552419,0,0
b4239,0,0.42035515444799953,0,0
b4240,0,0.19763804467139623,0,0
b4242,0,0.08457535163223719,0,0
b4244,0,0.5543531530391586,0,0
b4245,0,0.6601442887945295,1,1
b4258,1,0.6413999085262336,0,0
b4260,0,0.13498961368655113,0,0
b4261,1,0.567583534353244,0,1
b4262,1,0.6501264651728798,1,1
b4265,0,0.1778851410220801,0,0
b4266,0,0.37063908173179777,0,0
b4268,0,0.5858617631733875,0,0
b4287,0,0.3642827372292682,0,0
b4288,0,0.1869814106346379,0,0
b4289,0,0.22494283267293955,0,0
b4291,0,0.24231509222806785,0,0
b4311,0,0.21647826105517143,0,0
b4321,0,0.14579701032414918,0,0
b4322,0,0.16175350779354009,0,0
b4323,0,0.22518610672761616,0,0
b4356,0,0.24024828408661467,0,0
b4358,0,0.20753776032198287,0,0
b4374,0,0.6422310440505412,0,0
b4381,0,0.5397064616756374,0,0
b4382,0,0.3446963901318501,0,0
b4383,0,0.32106749953958075,0,0
b4384,0,0.29830027835974676,0,0
b4386,1,0.5244052474196867,0,0
b4388,0,0.2539698164096545,0,0
b4390,0,0.7670464707531673,1,0
b4392,0,0.27090675624556726,0,0
b4394,0,0.5634274615435101,0,0
b4395,0,0.603685605035846,0,0
