pathway_id,pathway_name,overlap,p_value,fdr_bh,genes
00790,Folate biosynthesis - Escherichia coli K-12 MG1655,12/23,2.3548283532276772e-08,1.4128970119366064e-06,b3058;b3177;b0827;b0785;b1096;b1812;b0781;b3857;b2303;b3360;b0783;b2794
01240,Biosynthesis of cofactors - Escherichia coli K-12 MG1655,24/119,6.241931660169639e-06,0.00018725794980508918,b3058;b0423;b0750;b4039;b0778;b4177;b0425;b0131;b0781;b2320;b1095;b3412;b2927;b3177;b0827;b0785;b1096;b1812;b0907;b0133;b3843;b3360;b0783;b0134
04122,Sulfur relay system - Escherichia coli K-12 MG1655,6/10,3.676328177698614e-05,0.0007352656355397227,b0784;b0423;b0785;b0781;b0826;b0783
00340,Histidine metabolism - Escherichia coli K-12 MG1655,4/8,0.0021101949496862425,0.03165292424529364,b2025;b2023;b2024;b2026
00230,Purine metabolism - Escherichia coli K-12 MG1655,11/62,0.007945705222828942,0.09534846267394731,b0125;b4177;b2557;b2499;b4394;b0523;b0049;b2507;b2476;b2784;b2291
01232,Nucleotide metabolism - Escherichia coli K-12 MG1655,9/50,0.014721510977095986,0.14721510977095986,b2066;b0125;b3831;b1759;b4177;b4394;b2507;b2291;b2498
00770,Pantothenate and CoA biosynthesis - Escherichia coli K-12 MG1655,5/20,0.01749959426367557,0.14999652226007631,b0133;b0425;b0131;b0134;b3774
00190,Oxidative phosphorylation - Escherichia coli K-12 MG1655,7/37,0.023743089766235962,0.17807317324676972,b3733;b4153;b4152;b3734;b3738;b3737;b3732
02060,Phosphotransferase system (PTS) - Escherichia coli K-12 MG1655,5/24,0.037133529942988006,0.2475568662865867,b2417;b1817;b2415;b4195;b2094
00750,Vitamin B6 metabolism - Escherichia coli K-12 MG1655,3/11,0.05121832200342348,0.3073099320205409,b2927;b0907;b2320
00780,Biotin metabolism - Escherichia coli K-12 MG1655,3/12,0.06442318830651494,0.3221159415325747,b3412;b0778;b1095
01230,Biosynthesis of amino acids - Escherichia coli K-12 MG1655,13/103,0.05964687893670676,0.3221159415325747,b0908;b2600;b3172;b2818;b0008;b2025;b0755;b2023;b2026;b3959;b0907;b2024;b3774
01110,Biosynthesis of secondary metabolites - Escherichia coli K-12 MG1655,30/295,0.07680490677363408,0.35448418510908036,b4039;b3608;b2499;b3172;b0755;b2023;b3959;b2818;b0425;b0131;b0523;b0008;b2904;b0729;b1090;b0908;b2557;b4152;b0907;b3774;b0125;b4153;b2600;b0133;b3843;b2476;b2025;b2026;b0134;b2024
00550,Peptidoglycan biosynthesis - Escherichia coli K-12 MG1655,4/22,0.09250205530878747,0.39643737989480343,b3972;b0086;b0087;b3189
00220,Arginine biosynthesis - Escherichia coli K-12 MG1655,3/16,0.1302047775445331,0.48826791579199913,b3959;b3172;b2818
01502,Vancomycin resistance - Escherichia coli K-12 MG1655,2/8,0.12945155602702407,0.48826791579199913,b0086;b0087
00520,Amino sugar and nucleotide sugar metabolism - Escherichia coli K-12 MG1655,5/37,0.16818552179275675,0.5935959592685532,b2417;b3176;b1817;b3189;b3972
00130,Ubiquinone and other terpenoid-quinone biosynthesis - Escherichia coli K-12 MG1655,2/11,0.21803081673023175,0.7267693891007725,b4039;b3843
00410,beta-Alanine metabolism - Escherichia coli K-12 MG1655,2/12,0.24875234241497507,0.785533712889395,b0133;b0131
00290,"Valine, leucine and isoleucine biosynthesis - Escherichia coli K-12 MG1655",1/13,0.663897570962057,0.9451093554596239,b3774
00400,"Phenylalanine, tyrosine and tryptophan biosynthesis - Escherichia coli K-12 MG1655",2/21,0.5115108644673979,0.9451093554596239,b0908;b2600
00270,Cysteine and methionine metabolism - Escherichia coli K-12 MG1655,1/28,0.9058988155655613,0.9451093554596239,b0907
00260,"Glycine, serine and threonine metabolism - Escherichia coli K-12 MG1655",3/33,0.5007058546081857,0.9451093554596239,b0907;b0755;b2904
00250,"Alanine, aspartate and glutamate metabolism - Escherichia coli K-12 MG1655",2/30,0.7082422347080839,0.9451093554596239,b4177;b3172
00061,Fatty acid biosynthesis - Escherichia coli K-12 MG1655,1/10,0.567280116984706,0.9451093554596239,b1095
00053,Ascorbate and aldarate metabolism - Escherichia coli K-12 MG1655,1/15,0.7161032533414815,0.9451093554596239,b4195
00052,Galactose metabolism - Escherichia coli K-12 MG1655,1/20,0.8140745904089293,0.9451093554596239,b2094
00240,Pyrimidine metabolism - Escherichia coli K-12 MG1655,5/47,0.32163742713754906,0.9451093554596239,b2066;b3831;b1759;b2291;b2498
00051,Fructose and mannose metabolism - Escherichia coli K-12 MG1655,1/29,0.9136057102776365,0.9451093554596239,b1817
00010,Glycolysis / Gluconeogenesis - Escherichia coli K-12 MG1655,2/33,0.7574501850158539,0.9451093554596239,b0755;b2417
00030,Pentose phosphate pathway - Escherichia coli K-12 MG1655,2/28,0.6710652002211508,0.9451093554596239,b0008;b4381
00020,Citrate cycle (TCA cycle) - Escherichia coli K-12 MG1655,3/26,0.34620190536729845,0.9451093554596239,b4153;b4152;b0729
02010,ABC transporters - Escherichia coli K-12 MG1655,7/129,0.9111120081219275,0.9451093554596239,b0655;b3748;b0811;b3728;b2198;b3725;b0197
00680,Methane metabolism - Escherichia coli K-12 MG1655,2/29,0.6901057636274543,0.9451093554596239,b0907;b0755
00660,C5-Branched dibasic acid metabolism - Escherichia coli K-12 MG1655,1/8,0.4880708944298977,0.9451093554596239,b0729
00670,One carbon pool by folate - Escherichia coli K-12 MG1655,1/19,0.797621014338923,0.9451093554596239,b2904
00650,Butanoate metabolism - Escherichia coli K-12 MG1655,2/28,0.6710652002211508,0.9451093554596239,b4153;b4152
00640,Propanoate metabolism - Escherichia coli K-12 MG1655,1/27,0.8975119007318323,0.9451093554596239,b0729
00620,Pyruvate metabolism - Escherichia coli K-12 MG1655,2/41,0.8552913318371602,0.9451093554596239,b4153;b4152
00564,Glycerophospholipid metabolism - Escherichia coli K-12 MG1655,1/22,0.8431113453781551,0.9451093554596239,b3608
00561,Glycerolipid metabolism - Escherichia coli K-12 MG1655,1/10,0.567280116984706,0.9451093554596239,b1090
00500,Starch and sucrose metabolism - Escherichia coli K-12 MG1655,1/25,0.8784555182517578,0.9451093554596239,b2417
00300,Lysine biosynthesis - Escherichia coli K-12 MG1655,1/12,0.6343371110642606,0.9451093554596239,b0086
00760,Nicotinate and nicotinamide metabolism - Escherichia coli K-12 MG1655,1/20,0.8140745904089293,0.9451093554596239,b0750
00785,Lipoic acid metabolism - Escherichia coli K-12 MG1655,1/11,0.6022050470101531,0.9451093554596239,b2904
00720,Other carbon fixation pathways - Escherichia coli K-12 MG1655,3/27,0.36895913963025234,0.9451093554596239,b4153;b4152;b0729
00730,Thiamine metabolism - Escherichia coli K-12 MG1655,1/12,0.6343371110642606,0.9451093554596239,b0423
00710,Carbon fixation by Calvin cycle - Escherichia coli K-12 MG1655,1/17,0.7602684773304026,0.9451093554596239,b0008
02026,Biofilm formation - Escherichia coli - Escherichia coli K-12 MG1655,1/6,0.39453337014174655,0.9451093554596239,b2417
01212,Fatty acid metabolism - Escherichia coli K-12 MG1655,1/17,0.7602684773304026,0.9451093554596239,b1095
01210,2-Oxocarboxylic acid metabolism - Escherichia coli K-12 MG1655,3/27,0.36895913963025234,0.9451093554596239,b3959;b2818;b3774
01200,Carbon metabolism - Escherichia coli K-12 MG1655,7/98,0.6868027700266074,0.9451093554596239,b4153;b0008;b0755;b2904;b4152;b0907;b0729
00920,Sulfur metabolism - Escherichia coli K-12 MG1655,2/29,0.6901057636274543,0.9451093554596239,b2762;b4214
00910,Nitrogen metabolism - Escherichia coli K-12 MG1655,1/23,0.8558977067980283,0.9451093554596239,b3366
01250,Biosynthesis of nucleotide sugars - Escherichia coli K-12 MG1655,3/38,0.5993023595210459,0.9451093554596239,b3972;b3176;b3189
01310,Nitrogen cycle - Escherichia coli K-12 MG1655,1/11,0.6022050470101531,0.9451093554596239,b3366
02020,Two-component system - Escherichia coli K-12 MG1655,4/64,0.7710495335574306,0.9451093554596239,b3728;b0655;b4153;b4152
01320,Sulfur cycle - Escherichia coli K-12 MG1655,1/6,0.39453337014174655,0.9451093554596239,b2762
00630,Glyoxylate and dicarboxylate metabolism - Escherichia coli K-12 MG1655,1/36,0.9525951873251574,0.9687408684662617,b2904
01120,Microbial metabolism in diverse environments - Escherichia coli K-12 MG1655,10/224,0.9924630496475041,0.9924630496475041,b4153;b4214;b0907;b0008;b0755;b4152;b4195;b2762;b3366;b0729
