paxdb_id,source_url,file,sha256,bytes,scored_auroc,n_genes_scored,publication
1651745281,https://pax-db.org/downloads/latest/datasets/511145/511145-E_coli_Wisniewski_2014_cpc.txt,data/external/paxdb511145/511145-E_coli_Wisniewski_2014_cpc.txt,c09aeb050d8976bb6c1a0c90c024a2b73b1df5363b10224147e6ffd5961aed7d,51371,0.6419723341502928,846,http://www.ncbi.nlm.nih.gov/pubmed/25063446
4057863993,https://pax-db.org/downloads/latest/datasets/511145/511145-Ecoli_APEX_arike_2012.txt,data/external/paxdb511145/511145-Ecoli_APEX_arike_2012.txt,4ed0aed40674e04c6105061dab03c87fe35a3111f47712a2fc6d50cef440fc87,27673,0.5356793743890518,520,http://www.mcponline.org/content/11/10/933.abstract
936332856,https://pax-db.org/downloads/latest/datasets/511145/511145-Ecoli_Krug_2013.txt,data/external/paxdb511145/511145-Ecoli_Krug_2013.txt,af099e5d1ef38834c8e27f54a93e6c35a244103eab5d76a36eeb0132077758a4,88068,0.626852000427899,971,http://www.ncbi.nlm.nih.gov/pubmed/23908556
4291339386,https://pax-db.org/downloads/latest/datasets/511145/511145-Ecoli_Krug_2013_emPAI.txt,data/external/paxdb511145/511145-Ecoli_Krug_2013_emPAI.txt,629c1d6fbc34a2b9fc6f8df025580ba10e6388058bf58f7f25ce0461d6f67f34,61111,0.6346871114794861,952,http://www.ncbi.nlm.nih.gov/pubmed/23908556
40289017,https://pax-db.org/downloads/latest/datasets/511145/511145-Ecoli_emPAI_arike_2012.txt,data/external/paxdb511145/511145-Ecoli_emPAI_arike_2012.txt,5a5c0867a0d315c21e7fc5fda35f90f2a3fb820d7b34a5c80e357ac5b3a1e4b4,30263,0.5501350762527233,560,http://www.mcponline.org/content/11/10/933.abstract
61742278,https://pax-db.org/downloads/latest/datasets/511145/511145-Ecoli_iBAQ_arike_2012.txt,data/external/paxdb511145/511145-Ecoli_iBAQ_arike_2012.txt,2460862990b736860bc15e852ea7539321d24d04f2d2841a5ba4fd101aa7fa74,30445,0.537664581961817,574,http://www.mcponline.org/content/11/10/933.abstract
3128119420,https://pax-db.org/downloads/latest/datasets/511145/511145-Ecoli_strainK12_PRIDE.txt,data/external/paxdb511145/511145-Ecoli_strainK12_PRIDE.txt,d9090060786ea7fce5d491b18ee2653fcd9b407f51dd1847060c98d908b893bb,60973,0.6722979738217035,837,http://www.ncbi.nlm.nih.gov/pmc/articles/PMC3412976
121480451,https://pax-db.org/downloads/latest/datasets/511145/511145-Escherichia_coli_SC_biomart_12189_E__2reps.txt,data/external/paxdb511145/511145-Escherichia_coli_SC_biomart_12189_E__2reps.txt,0cd035bca419acf05ca82ad40ba823da58c9d4be584f98c131de258c11148397,72166,0.6301090187001919,981,http://www.biomedcentral.com/1752-0509/4/166
2121262705,https://pax-db.org/downloads/latest/datasets/511145/511145-Escherichia_coli_SC_biomart_17112_E__2reps.txt,data/external/paxdb511145/511145-Escherichia_coli_SC_biomart_17112_E__2reps.txt,6cfc7e67367fe8791a066d7c12598f26dbbae97632105e91aea94fb67a828b61,34888,0.547646383467279,612,http://www.ebi.ac.uk/pride/archive/projects/PRD000418
4122816359,https://pax-db.org/downloads/latest/datasets/511145/511145-Escherichia_coli_SC_biomart_18119_E__5reps.txt,data/external/paxdb511145/511145-Escherichia_coli_SC_biomart_18119_E__5reps.txt,a3b1d1fed0585e1c489836525f67c5b07561608a8581ed0c1cd739c9a3047b84,50505,0.6054290667157343,780,http://www.ebi.ac.uk/pride/archive/projects/PRD000485
748372494,https://pax-db.org/downloads/latest/datasets/511145/511145-Escherichia_coli_SC_biomart_29780_E_BTO0000214cellculture_2reps.txt,data/external/paxdb511145/511145-Escherichia_coli_SC_biomart_29780_E_BTO0000214cellculture_2reps.txt,eecae8ebded092b2a4db2b81ed712c809fdd87f1282848e34ab5abbd5da784a8,51999,0.6066212268743915,769,http://www.ncbi.nlm.nih.gov/pubmed/22771841
2424694404,https://pax-db.org/downloads/latest/datasets/511145/511145-GPM_201408.txt,data/external/paxdb511145/511145-GPM_201408.txt,68838d148a15f27af531712c7110af2b1a1ebb042fc9f08a58028bfb3f6b4e7b,76734,0.623193626435643,1036,http://www.thegpm.org/
4198203700,https://pax-db.org/downloads/latest/datasets/511145/511145-Lu_ecoli_2007.txt,data/external/paxdb511145/511145-Lu_ecoli_2007.txt,dce8b7604359d0f5e37687d57d6d745a16ac1daf3e854ded40a470d68edf74a3,10522,0.5608465608465609,240,http://www.nature.com/nbt/journal/v25/n1/full/nbt1270.html
2230462687,https://pax-db.org/downloads/latest/datasets/511145/511145-PXD014877_Mueller_Nature_2020_Escherichia_coli.txt,data/external/paxdb511145/511145-PXD014877_Mueller_Nature_2020_Escherichia_coli.txt,919069ccc28a022259dee3abf555ea5459187802d7d7f187433ffce77af6c4be,60450,0.6066620879120879,729,http://www.ncbi.nlm.nih.gov/pubmed/32555458
3375035034,https://pax-db.org/downloads/latest/datasets/511145/511145-PXD020761_Midha_Sci_Data_2020_Ecoli_DIA-SWATH.txt,data/external/paxdb511145/511145-PXD020761_Midha_Sci_Data_2020_Ecoli_DIA-SWATH.txt,6ed59cc8bfd6a1ab68b35014f282f4495fc355cec50685db68cec5cbcd67a0e7,46519,0.6361463855477811,774,http://www.ncbi.nlm.nih.gov/pubmed/33184295
3381792233,https://pax-db.org/downloads/latest/datasets/511145/511145-Taniguchi_2010_Table_S6.txt,data/external/paxdb511145/511145-Taniguchi_2010_Table_S6.txt,fc7940f1ba3694e8425d590c344e4c11041748d50946c49591521bf07c76bc6b,23206,0.7107201309328969,354,http://www.ncbi.nlm.nih.gov/pubmed/20671182
4073365,https://pax-db.org/downloads/latest/datasets/511145/511145-WT-lewis-peptide_count.txt,data/external/paxdb511145/511145-WT-lewis-peptide_count.txt,f1cb94b7aa8f72edb5b4b5014e0ca0fc60a738406b7f3df02eead554f01731ae,24547,0.5546763754045307,409,http://www.ncbi.nlm.nih.gov/pubmed/20664636
3677031225,https://pax-db.org/downloads/latest/datasets/511145/511145-ecoli1_HCD_CID_PRIDE.txt,data/external/paxdb511145/511145-ecoli1_HCD_CID_PRIDE.txt,57b53c04aa10c4c5f6feab212f67253e0919415e072401e6e6b1df920fa3ebec,27683,0.5967574484523638,471,http://www.sciencedirect.com/science/article/pii/S187439191200437X
3321265269,https://pax-db.org/downloads/latest/datasets/511145/511145-ecoli2_resolutionCombination_PRIDE.txt,data/external/paxdb511145/511145-ecoli2_resolutionCombination_PRIDE.txt,5844929207664190ee19080ac338735fd7091520565d4c8517dfd9d156f41718,58051,0.625484579973002,841,http://www.ebi.ac.uk/pride/
