gene,supplement,growth_ko,growth_rescued,label,flag,exceeds_wt
PP_1917,thf_c,-1.0044909923173182e-12,1.3474116441271182,on_pathway,,False
PP_2329,thf_c,-2.2356872074997597e-13,1.3474116441270725,on_pathway,,False
PP_1303,amet_c,-6.389410633317671e-15,3.7557212223817786,off_pathway,likely_artifact,True
PP_1304,amet_c,0.0,3.7557212223818084,off_pathway,likely_artifact,True
PP_4016,nad_c,4.7891083016662944e-14,4.374771886302679,off_pathway,likely_artifact,True
PP_4016,amet_c,4.7891083016662944e-14,3.7557212223818,off_pathway,likely_artifact,True
PP_4889,nad_c,0.0,4.374771886302688,off_pathway,likely_artifact,True
PP_4889,amet_c,0.0,3.7557212223817795,off_pathway,likely_artifact,True
PP_5335,nad_c,0.0,4.37477188630266,off_pathway,likely_artifact,True
PP_5335,amet_c,0.0,3.755721222381765,off_pathway,likely_artifact,True
PP_5336,nad_c,0.0,4.374771886302676,off_pathway,likely_artifact,True
PP_5336,amet_c,0.0,3.755721222381778,off_pathway,likely_artifact,True
PP_1426,nad_c,0.0,4.374771886302717,on_pathway,,True
PP_1997,thf_c,-3.242166701711393e-13,1.347411644127079,on_pathway,,False
PP_0392,thf_c,0.0,1.3474116441270716,on_pathway,,False
PP_4717,thf_c,7.303022473085642e-13,1.3474116441270976,on_pathway,,False
PP_4964,pydx5p_c,2.5271306763335694e-16,1.3471249289307503,on_pathway,,False
PP_5098,amet_c,-5.244682973454754e-16,3.755721222381757,off_pathway,likely_artifact,True
PP_5097,amet_c,0.0,3.755721222381758,on_pathway,,True
PP_4967,amet_c,0.0,3.7557212223817236,on_pathway,,True
PP_4699,pnto__R_c,-2.3200432349545477e-12,1.3472418238111001,on_pathway,,False
PP_4810,nad_c,2.907992716021688e-12,4.374771886302688,on_pathway,,True
PP_0787,nad_c,-1.776916345743592e-13,4.374771886302676,on_pathway,,True
PP_1768,pydx5p_c,3.689108015453823e-13,1.3334141085968878,on_pathway,,False
PP_4700,pnto__R_c,2.5120024721475517e-13,1.3472418238111334,on_pathway,,False
PP_1129,pydx5p_c,7.784009150378805e-16,1.3471249289307463,on_pathway,,False
PP_1436,pydx5p_c,0.0,1.3471249289307414,on_pathway,,False
PP_0402,pydx5p_c,0.0,1.3471249289307414,on_pathway,,False
PP_1231,nad_c,9.656237037093693e-13,4.374771886302681,on_pathway,,True
