gene,supplement,growth_ko,growth_rescued,label,flag
b0109,nad_c,-1.778814683596141e-13,0.8777126691886808,on_pathway,
b3993,thm_c,-3.229484981782392e-16,0.8770985650196849,on_pathway,
b0639,nad_c,1.4130576934330282e-12,0.877712669188682,on_pathway,
b2103,thm_c,0.0,0.8770985650196852,on_pathway,
b0523,amet_c,3.128792004713323e-13,2.0116089171125267,off_pathway,likely_artifact
b1131,amet_c,0.0,2.0116089171124893,off_pathway,likely_artifact
b2942,amet_c,0.0,2.0116089171125235,on_pathway,
b0522,amet_c,4.492705662729863e-15,2.0116089171125044,off_pathway,likely_artifact
b1091,btn_c,0.0,0.8769983830920614,off_pathway,likely_artifact
b2323,btn_c,0.0,0.8769983830920957,on_pathway,
b0142,thf_c,4.497638506775401e-13,0.8771978230092156,on_pathway,
b0778,btn_c,0.0,0.8769983830920545,on_pathway,
b1812,thf_c,0.0,0.877197823009219,on_pathway,
b3360,thf_c,-1.406255971683651e-12,0.8771978230092107,on_pathway,
b1740,nad_c,-3.068416504026947e-13,0.8777126691886848,on_pathway,
b0052,pydx5p_c,-3.503918642432334e-17,0.8770227797902119,on_pathway,
b2564,pydx5p_c,0.0,0.8770227797902188,on_pathway,
b4177,amet_c,-3.433282235548956e-14,2.0116089171125213,off_pathway,likely_artifact
b0134,pnto__R_c,4.6071366139196465e-12,0.8770897778942941,on_pathway,
b4013,amet_c,0.0,2.011608917112582,on_pathway,
b3939,amet_c,0.0,2.0116089171125004,on_pathway,
b0131,pnto__R_c,2.890731743485135e-14,0.877089777894281,on_pathway,
b2153,thf_c,1.0032539580330765e-13,0.8771978230092156,on_pathway,
b0774,btn_c,0.0,0.8769983830920658,on_pathway,
b2315,thf_c,1.268521106258771e-12,0.877197823009202,on_pathway,
b0133,pnto__R_c,1.1213961756319266e-15,0.8770897778942869,on_pathway,
b2476,amet_c,-2.158124986127003e-15,2.0116089171125315,off_pathway,likely_artifact
b2574,nad_c,-3.6222009194727574e-20,0.8777126691887138,on_pathway,
b3177,thf_c,-2.1255380466802465e-14,0.8771978230092093,on_pathway,
b0750,nad_c,8.221581164559193e-13,0.8777126691886762,on_pathway,
b1288,btn_c,0.0,0.8769983830920622,on_pathway,
b3994,thm_c,0.0,0.8770985650196897,on_pathway,
b0180,btn_c,0.0,0.8769983830920556,on_pathway,
b0777,btn_c,0.0,0.8769983830920726,on_pathway,
b2530,thm_c,1.7004304373441972e-15,0.8770967567647046,on_pathway,
b3058,thf_c,-2.1255380466802465e-14,0.87719782300921,on_pathway,
b0775,btn_c,0.0,0.8769983830920614,on_pathway,
b3991,thm_c,0.0,0.8770985650196874,on_pathway,
b3992,thm_c,2.3483344149118077e-17,0.8770985650197131,on_pathway,
b0423,thm_c,2.3483344149118077e-17,0.8770985650197131,on_pathway,
b3990,thm_c,2.3483344149118077e-17,0.8770985650197131,on_pathway,
b4407,thm_c,2.3483344149118077e-17,0.8770985650197131,off_pathway,likely_artifact
b0776,btn_c,0.0,0.8769983830920615,on_pathway,
b3412,btn_c,0.0,0.8769983830920682,on_pathway,
