gene,supplement,growth_ko,growth_rescued,label,flag
g_SO0419,nad,1.9655470924655814e-13,0.49079953491015493,on_pathway,
g_SO0613,thf,6.321095395003581e-16,0.5006268533890595,on_pathway,
g_SO0869,pnto_r,-1.4020392707605989e-14,0.49022346825068697,on_pathway,
g_SO0870,pnto_r,0.0,0.4902234682506876,on_pathway,
g_SO0929,amet,2.9776884464566386e-16,0.4915186808478398,on_pathway,
g_SO1171,nad,6.452699703400689e-17,0.49079953491015565,on_pathway,
g_SO1198,thf,1.941587212614567e-15,0.5006268533890624,on_pathway,
g_SO1291,thf,4.374522249801226e-14,0.5006268533890605,on_pathway,
g_SO1341,nad,1.2532425584940118e-12,0.49079953491015627,on_pathway,
g_SO2021,nad,-8.429835991918744e-13,0.4907995349101573,on_pathway,
g_SO2221,thf,0.0,0.5006268533890607,on_pathway,
g_SO2342,nad,0.0,0.49079953491015765,on_pathway,
g_SO3067,thf,0.0,0.500626853389061,on_pathway,
g_SO4254,thf,5.806208028694481e-15,0.500626853389061,on_pathway,
