tool,manifest_number,kind,status,code_or_report,result,basis
COBRApy 0.32,1,package,code_result_linked,scripts/run_bernstein_benchmark.py,results/bernstein/iML1515_base.json,COBRApy FBA simulation
optlang 1.9,2,package,excluded_or_unverified,,,indirect COBRApy LP dependency; no distinct execution/result tie
GLPK (swiglpk 5.0),3,solver,excluded_or_unverified,,,indirect COBRApy solver dependency; no distinct execution/result tie
python-libsbml 5.21,4,package,excluded_or_unverified,,,"SBML parsing indirect, no distinct usage trace"
PyTorch 2.x (CPU),5,package,code_result_linked,scripts/run_seqcnn.py,results/seqcnn_results.json,PyTorch sequence CNN via vcell/seqcnn.py
NumPy,6,package,code_result_linked,scripts/run_ensemble_v2.py,results/ensemble_v2.json,NumPy score/array computation
pandas,7,package,code_result_linked,scripts/run_ensemble_v2.py,results/ensemble_v2.json,pandas joins and scores
SciPy,8,package,code_result_linked,scripts/run_network_modules.py,results/network_modules.json,SciPy Fisher tests
scikit-learn,9,package,code_result_linked,scripts/run_ensemble_v2.py,results/ensemble_v2.json,scikit-learn OOF estimators
networkx,10,package,code_result_linked,vcell/external_features.py,results/external_features.csv,networkx STRING centralities
statsmodels,11,package,code_result_linked,scripts/run_network_modules.py,results/network_modules.json,statsmodels BH FDR
Biopython,12,package,code_result_linked,scripts/esm_embed.py,results/esm2_t6_ids.json,Biopython GenBank CDS extraction
BiGG Models,13,database,code_result_linked,scripts/run_bigg_model_survey.py,results/bigg_model_survey.csv,"BiGG API; 108 fetched, hashed, parsed model IDs"
NCBI Entrez E-utilities,14,web API,code_result_linked,scripts/verify_source_reactions.py,results/source_reaction_verification.json,NCBI E-utilities identity against actual GenBank record
genome.wisc.edu Gerdes 2003 supplement,15,web resource,excluded_or_unverified,,,supplement source page only
EcoliWiki,16,web resource,excluded_or_unverified,,,source page only
LBL Fitness Browser / RB-TnSeq downloads,17,web resource,excluded_or_unverified,,,source download portal only
Bernstein et al. 2023 pipeline (GitHub dbernste/E_coli_GEM_validation),18,published tool,code_result_linked,scripts/run_bernstein_benchmark.py,results/bernstein/iML1515_base.json,executes released Bernstein notebook pipeline
STRING v12,19,database,code_result_linked,vcell/external_features.py,results/external_features.csv,STRING network into model features
UniProt REST,20,web API,code_result_linked,vcell/external_features.py,results/external_features.csv,UniProt protein features from saved query table
KEGG REST,21,web API,code_result_linked,scripts/run_pathway_enrichment.py,results/pathway_enrichment.json,KEGG pathways tested by gseapy
PubMed Central,22,literature,excluded_or_unverified,,,literature database expressly excluded
PaxDb,23,database,code_result_linked,scripts/run_paxdb_datasets.py,results/paxdb_accession_evidence.csv,PaxDb accessioned abundance scored per dataset
ESM-2 t6-8M (fair-esm 2.0; Lin et al. 2023),24,deep-learning model,code_result_linked,scripts/esm_embed.py,results/ensemble_v4_esm.json,ESM-2 embedding and v4 test
goatools 1.6 (GOEnrichmentStudy),25,package,code_result_linked,scripts/run_go_error_enrichment.py,results/go_error_enrichment.json,goatools GO overrepresentation
MEMOTE 0.17 (memote report snapshot),26,model QC suite,code_result_linked,results/memote_iML1515.html,results/memote_iML1515_summary.json,MEMOTE embedded report with score and tests
PSAMM 1.x (psamm-model sbmlexport),27,model format conversion,excluded_or_unverified,,,PSAMM conversion is asserted in a note; no committed execution log
CarveMe 1.6.6,28,automated GEM reconstruction,code_result_linked,scripts/run_xs5_org.py,results/cross_species_carveme.json,CarveMe subprocess reconstructed SBML models tested across organisms
DIAMOND 2.1.9,29,protein alignment,excluded_or_unverified,,,DIAMOND runs within CarveMe but no distinct execution trace
SCIP (PySCIPOpt 6.2.1),30,MILP solver,excluded_or_unverified,,,SCIP solver selected in CarveMe command; no distinct result-specific trace
Rhea (rhea-db.org REST),31,reaction database,code_result_linked,scripts/verify_source_reactions.py,results/source_reaction_verification.json,Rhea API reaction aligned to AHCYSNS knockout
XGBoost 3.2 (incl. TreeSHAP pred_contribs),32,gradient-boosting library,code_result_linked,scripts/run_xgb_shap.py,results/xgb_shap.json,XGBoost OOF scores and TreeSHAP
"AlphaFold Protein Structure Database (API v4, AlphaFold Monomer v2.0 models)",33,predicted structure confidence,code_result_linked,scripts/fetch_alphafold.py,results/v6_structure_domain.json,AlphaFold API pLDDT tested in v6
Pfam (family annotations via UniProt xref_pfam),34,protein family database,code_result_linked,scripts/check_sah_orthogonal_annotations.py,results/sah_orthogonal_annotations.json,Pfam/InterPro live API cross-check against v6 UniProt xref feature
OMA Browser REST API (hierarchical orthologous groups),35,orthology database,code_result_linked,scripts/fetch_oma.py,results/v7_oma.json,OMA HOG levels tested in v7
NCBI COG 2020 database,36,orthologous-group functional categories,code_result_linked,scripts/run_v8_cog_pdb.py,results/v8_cog_pdb.json,NCBI COG category/spread tested in v8
Protein Data Bank (PDB entries via UniProt xref_pdb),37,experimental structure database,code_result_linked,scripts/check_sah_orthogonal_annotations.py,results/sah_orthogonal_annotations.json,RCSB PDB live entry cross-check against v8 UniProt xref feature
iModulonDB / PRECISE-1K iModulon compendium (SBRG; Lamoureux et al. 2023),38,transcriptome regulatory-module database,code_result_linked,scripts/run_v9_precise1k.py,results/v9_precise1k.json,PRECISE-1K/iModulon expression tested in v9
Transporter Classification Database (TCDB) substrate table,39,transporter database,code_result_linked,scripts/run_uptake_plausibility.py,results/uptake_plausibility.json,TCDB substrate joins on ChEBI for seven supplements
ChEBI ontology via EBI OLS4 API,40,chemical ontology,code_result_linked,scripts/run_uptake_plausibility.py,results/uptake_plausibility.json,ChEBI ontology API expansion for seven supplements
PANTHER,new,scientific package,code_result_linked,scripts/check_sah_orthogonal_annotations.py,results/sah_orthogonal_annotations.json,Executed statistical/modeling operation visible in code and numerical committed output
QuickGO,new,scientific package,code_result_linked,scripts/check_sah_orthogonal_annotations.py,results/sah_orthogonal_annotations.json,Executed statistical/modeling operation visible in code and numerical committed output
LightGBM,new,scientific package,code_result_linked,scripts/run_learner_sensitivity.py,results/learner_sensitivity.json,Executed statistical/modeling operation visible in code and numerical committed output
CatBoost,new,scientific package,code_result_linked,scripts/run_learner_sensitivity.py,results/learner_sensitivity.json,Executed statistical/modeling operation visible in code and numerical committed output
imbalanced-learn,new,scientific package,code_result_linked,scripts/run_learner_sensitivity.py,results/learner_sensitivity.json,Executed statistical/modeling operation visible in code and numerical committed output
SHAP,new,scientific package,code_result_linked,scripts/run_learner_sensitivity.py,results/learner_sensitivity.json,Executed statistical/modeling operation visible in code and numerical committed output
gseapy,new,scientific package,code_result_linked,scripts/run_pathway_enrichment.py,results/pathway_enrichment.json,Executed statistical/modeling operation visible in code and numerical committed output
Pingouin,new,scientific package,code_result_linked,scripts/run_score_agreement.py,results/score_agreement.json,Executed statistical/modeling operation visible in code and numerical committed output
UMAP,new,scientific package,code_result_linked,scripts/run_error_structure.py,results/error_structure.json,Executed statistical/modeling operation visible in code and numerical committed output
HDBSCAN,new,scientific package,code_result_linked,scripts/run_error_structure.py,results/error_structure.json,Executed statistical/modeling operation visible in code and numerical committed output
PyOD,new,scientific package,code_result_linked,scripts/run_error_structure.py,results/error_structure.json,Executed statistical/modeling operation visible in code and numerical committed output
python-igraph,new,scientific package,code_result_linked,scripts/run_network_modules.py,results/network_modules.json,Executed statistical/modeling operation visible in code and numerical committed output
Leidenalg,new,scientific package,code_result_linked,scripts/run_network_modules.py,results/network_modules.json,Executed statistical/modeling operation visible in code and numerical committed output
