manifest_number,name,original_kind,status,reason,use_claim
1,COBRApy 0.32,package,candidate_requires_execution_validation,Scientific/data capability claimed; verify actual execution and output,"FBA, gene-deletion screens, dFBA, provenance audit"
2,optlang 1.9,package,candidate_requires_execution_validation,Scientific/data capability claimed; verify actual execution and output,LP modelling layer under COBRApy
3,GLPK (swiglpk 5.0),solver,candidate_requires_execution_validation,Scientific/data capability claimed; verify actual execution and output,linear-programming solver for every FBA call
4,python-libsbml 5.21,package,candidate_requires_execution_validation,Scientific/data capability claimed; verify actual execution and output,"reading Bernstein SBML models (iML1515, all-corrections model)"
5,PyTorch 2.x (CPU),package,candidate_requires_execution_validation,Scientific/data capability claimed; verify actual execution and output,1D sequence CNN and pure-torch GCN
6,NumPy,package,candidate_requires_execution_validation,Scientific/data capability claimed; verify actual execution and output,array maths throughout
7,pandas,package,candidate_requires_execution_validation,Scientific/data capability claimed; verify actual execution and output,"data alignment, joins, result tables"
8,SciPy,package,candidate_requires_execution_validation,Scientific/data capability claimed; verify actual execution and output,"Fisher exact, chi-square/McNemar, statistics"
9,scikit-learn,package,candidate_requires_execution_validation,Scientific/data capability claimed; verify actual execution and output,"logistic stacking, gradient boosting, CV, AUROC/AUPRC, calibration"
10,networkx,package,candidate_requires_execution_validation,Scientific/data capability claimed; verify actual execution and output,"STRING graph centralities (core number, clustering, PageRank)"
11,statsmodels,package,candidate_requires_execution_validation,Scientific/data capability claimed; verify actual execution and output,multiple-testing correction (Benjamini-Hochberg)
12,Biopython,package,candidate_requires_execution_validation,Scientific/data capability claimed; verify actual execution and output,GenBank CDS extraction for U00096.3
13,BiGG Models,database,candidate_requires_execution_validation,Scientific/data capability claimed; verify actual execution and output,e_coli_core and iJO1366 model downloads
14,NCBI Entrez E-utilities,web API,candidate_requires_execution_validation,Scientific/data capability claimed; verify actual execution and output,U00096.3 genome FASTA and GenBank
15,genome.wisc.edu Gerdes 2003 supplement,web resource,excluded,"supplement download page, data source not tool","essentiality labels (Tables S1, S2)"
16,EcoliWiki,web resource,excluded,"essentiality list page, data source not tool",essential-gene list cross-check
17,LBL Fitness Browser / RB-TnSeq downloads,web resource,excluded,"bulk data download portal, data source not tool",Keio_ML9 fitness matrix and experiment metadata
18,Bernstein et al. 2023 pipeline (GitHub dbernste/E_coli_GEM_validation),published tool,candidate_requires_execution_validation,Scientific/data capability claimed; verify actual execution and output,"head-to-head benchmark: loading, matching, adjustments, simulation, PR-AUC metric"
19,STRING v12,database,candidate_requires_execution_validation,Scientific/data capability claimed; verify actual execution and output,E. coli 511145 protein links (combined + per-channel)
20,UniProt REST,web API,candidate_requires_execution_validation,Scientific/data capability claimed; verify actual execution and output,proteome UP000000625 protein features
21,KEGG REST,web API,candidate_requires_execution_validation,Scientific/data capability claimed; verify actual execution and output,eco gene-pathway links and pathway names
22,PubMed Central,literature,excluded,literature database expressly excluded,"novelty check, benchmark protocols"
23,PaxDb,database,candidate_requires_execution_validation,Scientific/data capability claimed; verify actual execution and output,integrated whole-organism protein abundance (v3 feature test)
24,ESM-2 t6-8M (fair-esm 2.0; Lin et al. 2023),deep-learning model,candidate_requires_execution_validation,Scientific/data capability claimed; verify actual execution and output,"protein language-model embeddings for all 4,300 CDS; v4 essentiality feature test (negative)"
25,goatools 1.6 (GOEnrichmentStudy),package,candidate_requires_execution_validation,Scientific/data capability claimed; verify actual execution and output,GO enrichment of ensemble hard errors (Fisher + BH)
26,MEMOTE 0.17 (memote report snapshot),model QC suite,candidate_requires_execution_validation,Scientific/data capability claimed; verify actual execution and output,standardised quality report of iML1515 (total score 0.906)
27,PSAMM 1.x (psamm-model sbmlexport),model format conversion,candidate_requires_execution_validation,Scientific/data capability claimed; verify actual execution and output,converted the iMR1_799 YAML model to SBML for the MR-1 replication (scripts/run_cross_species_mr1.py)
28,CarveMe 1.6.6,automated GEM reconstruction,candidate_requires_execution_validation,Scientific/data capability claimed; verify actual execution and output,built 6 Fitness Browser organism models (data/cross/carve) for the pre-registered replication
29,DIAMOND 2.1.9,protein alignment,candidate_requires_execution_validation,Scientific/data capability claimed; verify actual execution and output,CarveMe homology search against BiGG proteins
30,SCIP (PySCIPOpt 6.2.1),MILP solver,candidate_requires_execution_validation,Scientific/data capability claimed; verify actual execution and output,CarveMe reconstruction solver
31,Rhea (rhea-db.org REST),reaction database,candidate_requires_execution_validation,Scientific/data capability claimed; verify actual execution and output,verified the SAH nucleosidase reaction (RHEA:17805) behind the SAM purine bypass (results/sam_bypass_mechanism.json)
32,XGBoost 3.2 (incl. TreeSHAP pred_contribs),gradient-boosting library,candidate_requires_execution_validation,Scientific/data capability claimed; verify actual execution and output,alternative learner on the v2 feature set (negative vs v2 LR) and per-feature attribution (results/xgb_shap.json)
33,"AlphaFold Protein Structure Database (API v4, AlphaFold Monomer v2.0 models)",predicted structure confidence,candidate_requires_execution_validation,Scientific/data capability claimed; verify actual execution and output,mean pLDDT and fraction very-low pLDDT for 1246 model genes (results/v6_structure_domain.json)
34,Pfam (family annotations via UniProt xref_pfam),protein family database,candidate_requires_execution_validation,Scientific/data capability claimed; verify actual execution and output,Pfam families for 1245 model genes; fold-internal family essentiality feature
35,OMA Browser REST API (hierarchical orthologous groups),orthology database,candidate_requires_execution_validation,Scientific/data capability claimed; verify actual execution and output,HOG depth for 1222 model genes; pre-registered v7 conservation test (results/v7_oma.json)
36,NCBI COG 2020 database,orthologous-group functional categories,candidate_requires_execution_validation,Scientific/data capability claimed; verify actual execution and output,COG category and phyletic spread (genomes per COG) for 1220 model genes; pre-registered v8 test (results/v8_cog_pdb.json)
37,Protein Data Bank (PDB entries via UniProt xref_pdb),experimental structure database,candidate_requires_execution_validation,Scientific/data capability claimed; verify actual execution and output,PDB entry counts for 703 model genes; v8 test
38,iModulonDB / PRECISE-1K iModulon compendium (SBRG; Lamoureux et al. 2023),transcriptome regulatory-module database,candidate_requires_execution_validation,Scientific/data capability claimed; verify actual execution and output,"expression level, variability and iModulon membership for 1248 model genes; pre-registered v9 test (results/v9_precise1k.json)"
39,Transporter Classification Database (TCDB) substrate table,transporter database,candidate_requires_execution_validation,Scientific/data capability claimed; verify actual execution and output,which rescue-audit supplements have an E. coli K-12 uptake system (results/uptake_plausibility.json)
40,ChEBI ontology via EBI OLS4 API,chemical ontology,candidate_requires_execution_validation,Scientific/data capability claimed; verify actual execution and output,expanded supplement ChEBI IDs through tautomer/conjugate/enantiomer/has-part links and secondary IDs
