bnumber,essential,v8_lr,new_features_only
b0002,0,0.08172409006837379,0.4833085743717855
b0004,0,0.49199246365667887,0.49652927059424473
b0007,0,0.18732809208676823,0.3649372229614845
b0008,0,0.7649485922896463,0.5052244036678286
b0009,1,0.9588144579671528,0.7410784715325427
b0019,0,0.10389981868153045,0.17894563126140953
b0025,1,0.8184919253286893,0.6354196129409407
b0026,1,0.8338469076914898,0.9334762506743073
b0029,1,0.9398158938904118,0.8054235619832094
b0030,0,0.23633355569109096,0.3926709023066298
b0031,1,0.804579137493605,0.6415403285453662
b0032,0,0.4546885330278555,0.6091532626119519
b0033,0,0.24101845640106057,0.6581313250803087
b0036,0,0.20177127458327038,0.4981207445590783
b0037,0,0.10392236833147558,0.5756065678060356
b0038,0,0.35716232267474574,0.679735345214891
b0040,0,0.1454919436311429,0.47904220214618315
b0047,0,0.19913138689508447,0.45624970793303293
b0048,1,0.8025595207444338,0.9228553975565249
b0049,0,0.5320414148002265,0.36356359696770735
b0052,0,0.604399051073305,0.6769441231377479
b0061,0,0.2967553275403363,0.3532503994241036
b0062,0,0.06410723231199039,0.23101269081996514
b0063,0,0.07299553675275133,0.1793288377709859
b0066,0,0.30144244263810405,0.4247311512416073
b0067,0,0.1391601258175032,0.2610697773353953
b0068,0,0.6447934379688951,0.5070636030430493
b0070,0,0.1005310182138147,0.22392309389657983
b0071,0,0.6896838084230238,0.4997478879847948
b0072,0,0.24286682273548502,0.4088053609506129
b0073,0,0.6914635379236097,0.4368342753398349
b0074,0,0.42877057786570105,0.5054464166831084
b0077,0,0.20126135905093404,0.5427794797623152
b0078,0,0.7310289692122618,0.5441152254255088
b0084,1,0.858662990102066,0.854948371732885
b0085,1,0.6563402721319733,0.7171103022940681
b0086,0,0.9235606505238597,0.5816418501519388
b0087,0,0.8839009972885888,0.6439205854594403
b0088,1,0.7530989011286975,0.7695630475343406
b0090,1,0.950358223838906,0.6141751752423025
b0091,1,0.5528421945649946,0.5841777537885224
b0092,1,0.6268906041500907,0.46908392351919925
b0099,0,0.6253336234532108,0.6747258353580307
b0103,1,0.971394367741298,0.7580799349207971
b0104,0,0.4091866692911335,0.5001527795511881
b0109,0,0.4622606519254359,0.6200037531493958
b0110,0,0.30831556438114094,0.44652452285382
b0112,0,0.16508555401886374,0.26649592631542024
b0114,0,0.33714367550071855,0.4545019444297632
b0115,1,0.42901676987252013,0.5296565498604543
b0116,1,0.776052835533438,0.41256405500501075
b0118,0,0.1952145107661071,0.24326773718858222
b0120,0,0.3275529019883534,0.353253040685065
b0121,0,0.39794793639611914,0.51119839037251
b0123,0,0.8818785160227509,0.8543035657439427
b0124,0,0.07326157569463362,0.1223695703416853
b0125,0,0.7140441725062388,0.6858211681642472
b0126,1,0.3370939820954308,0.462100056397057
b0131,0,0.8384933919642822,0.7769320488611009
b0133,0,0.7772151287695177,0.681354220242705
b0134,0,0.5861979125745841,0.6823497290131563
b0142,1,0.9885538343148148,0.8652926489982458
b0149,0,0.22586602458705907,0.7060152767136721
b0150,0,0.1691721382849335,0.42777119093609045
b0151,0,0.277681615545596,0.447254554672901
b0152,0,0.4433117114271256,0.4541614605072813
b0153,0,0.1472917979026674,0.3555318841602102
b0154,1,0.9062206386133738,0.664182459083534
b0155,0,0.1497945288324341,0.5850649062945377
b0158,0,0.5137527215014381,0.5013511629426513
b0159,1,0.905825184523986,0.768843592245304
b0160,0,0.28416320464041117,0.5675071569509619
b0166,1,0.8162402809457169,0.3815012587253046
b0171,1,0.8483451693120083,0.5698757697959198
b0173,1,0.7783479894837837,0.7373540318427454
b0174,1,0.9686179036518536,0.8292188686452517
b0175,1,0.8179089447660157,0.5858466547702815
b0180,1,0.9548952102613111,0.5627680059373711
b0181,1,0.9120796008309932,0.6924521218588826
b0182,1,0.680777713065149,0.5853969551101718
b0185,1,0.8184756922683852,0.6778391448640063
b0186,0,0.07855761315859257,0.41720697484235225
b0194,1,0.93367299955379,0.8955737113623591
b0197,0,0.5121470692967455,0.31609964617716746
b0198,0,0.43395751348771694,0.47311058125730004
b0199,0,0.5842572498434543,0.5501842599094743
b0200,0,0.5345731974497581,0.5302587690162694
b0207,0,0.7597587376574294,0.6088444425647215
b0212,0,0.24107380796311936,0.39334728119842094
b0221,0,0.08461701436383305,0.5632081646898
b0222,0,0.44994004244991237,0.30372548417216066
b0237,0,0.11384325460730917,0.3845905081024717
b0241,0,0.3479846247460683,0.4125736450376048
b0242,0,0.7267383237828919,0.6309830193958029
b0243,0,0.6584055372344086,0.5215994646582007
b0260,0,0.15688917177399717,0.2620233086598129
b0261,0,0.2341492596772032,0.3411056560112276
b0273,0,0.48434622985850373,0.4186739166508273
b0306,0,0.27392175722602113,0.2956742306897759
b0307,0,0.14623104135235035,0.22343802343163338
b0308,0,0.29721957638060165,0.27642885944653955
b0311,0,0.1440313528982054,0.34450369883019544
b0312,0,0.107488284078454,0.5356757710954516
b0314,0,0.13957631182745597,0.42527363366917675
b0323,0,0.5388474824856121,0.2648815159415523
b0331,0,0.17812092105978805,0.3221393029487777
b0333,0,0.3107066803143689,0.3136309872413575
b0334,0,0.1120861743634887,0.23051074856323425
b0336,0,0.0772692011433493,0.3814819740202407
b0337,0,0.1497712724154975,0.5313793984657023
b0339,0,0.15615493183475002,0.3027420394533743
b0340,1,0.2104197360600141,0.21101553561856695
b0341,0,0.07082156800838436,0.20651087619966216
b0343,0,0.0032796585306040667,0.0149422198584062
b0344,0,0.11382956768401302,0.4918025009796371
b0347,0,0.07278198395650422,0.40298952998753557
b0348,0,0.11031836476971912,0.22344406951326762
b0349,0,0.26988662913303346,0.6152025520984775
b0350,0,0.5390993721229957,0.7072322533898401
b0351,0,0.26621719614200723,0.41290210951574013
b0352,0,0.3184096488645443,0.4459184980541644
b0353,0,0.15114820439137755,0.31904892481159974
b0355,0,0.312893034472246,0.5163947273084665
b0356,0,0.19867775889457723,0.23884275351687181
b0365,0,0.42297515467125346,0.18884376321104807
b0366,0,0.27859039338044095,0.10579849144362655
b0367,0,0.23235028549849587,0.29352123635514304
b0368,0,0.2792302196841586,0.490622049443977
b0369,1,0.9254414519583208,0.7965019003811321
b0381,0,0.4467720298492634,0.3255995585168367
b0383,0,0.28596196249210815,0.297679865407413
b0386,1,0.7722052967192456,0.4443771275076386
b0388,0,0.6489738288189961,0.5025537998564021
b0394,0,0.010759975559263554,0.008202787118324343
b0401,0,0.17110191412201303,0.2551021209200098
b0403,0,0.12482102879724022,0.35369477802379296
b0404,0,0.5663052027656414,0.37731103194295257
b0411,0,0.4489623310050685,0.27895336578963686
b0414,1,0.8348841369178556,0.7428103983613848
b0415,1,0.9528182588144063,0.6368527283463805
b0417,1,0.8359984924643893,0.6244065874024515
b0418,1,0.28024623509896895,0.49790842395862855
b0420,1,0.7520263065461881,0.6996328020453968
b0421,1,0.9104614806611135,0.7373011250462327
b0423,0,0.9648875482492345,0.9162190529562202
b0425,0,0.6701094753124919,0.7450734505493366
b0428,0,0.5649176310625587,0.6290226221954474
b0429,1,0.7404105501052216,0.29846944250416596
b0430,0,0.612028645237531,0.49658358830024407
b0431,0,0.15481340071502886,0.4979568232595393
b0432,0,0.5677562005440803,0.4842124225760133
b0433,0,0.0837905956088518,0.20477722624976363
b0444,0,0.8881381091860173,0.8692469003483609
b0446,0,0.23228759662706902,0.4896514232883027
b0451,0,0.1461681269748681,0.419509287866841
b0452,0,0.2922771261785295,0.5075806151673222
b0459,0,0.3244796891247354,0.354467133791007
b0462,0,0.49347086447647415,0.9083847205291832
b0463,0,0.7256485167790572,0.779422873608794
b0469,1,0.7177989074669101,0.5384793733364992
b0474,1,0.9439686595715039,0.7790520988507079
b0475,1,0.9120166560551409,0.6119426943085964
b0477,0,0.17945460224669085,0.38253136244407465
b0480,0,0.21204698473661163,0.7468971446055767
b0484,0,0.1059352056515884,0.3371470704439161
b0485,0,0.2138932074186982,0.3906577997336133
b0494,0,0.5069931185998956,0.8971384699988234
b0505,1,0.2994405356923515,0.3176049162502799
b0507,0,0.17970325120339062,0.3600687090689493
b0508,0,0.09575548741756992,0.1362625428083716
b0509,0,0.19206143686547164,0.5480550307409068
b0511,0,0.03753326270285632,0.3158361361405657
b0512,0,0.21465643159842193,0.5089155367691193
b0514,0,0.052545002824239226,0.20917037004030062
b0516,0,0.6188960009815989,0.537016946938
b0517,0,0.49652683674316794,0.2719589074698508
b0521,1,0.6913785341126668,0.31045405205108023
b0522,0,0.4596798841363712,0.6136091602464182
b0523,0,0.6571249947896135,0.630050920992229
b0524,1,0.7849425823782864,0.48310104416235505
b0526,1,0.9184551248713358,0.933160730549359
b0529,0,0.5241799935734426,0.7959105028407544
b0572,0,0.3182705657800304,0.6059315775939751
b0573,0,0.1985703559151379,0.18504180228168876
b0574,0,0.33751499998554696,0.6616817329768702
b0575,0,0.06607955933981498,0.40561544151572176
b0576,0,0.3161660184927286,0.2943739121210234
b0578,0,0.3923859408101217,0.6128918259996713
b0583,0,0.6573134306553745,0.5360443027080538
b0584,0,0.11149961365887619,0.22051626014621825
b0585,0,0.1372596598439431,0.20658273643041922
b0586,0,0.43512840217944915,0.6655693911166697
b0588,0,0.27516772393970174,0.44599056843415025
b0590,0,0.2596049385142206,0.3011488984372459
b0592,1,0.1621325566164569,0.11715419927753933
b0593,0,0.44151757756615595,0.8227510508385616
b0594,0,0.24233314559437022,0.5620396749317028
b0595,0,0.627233142362847,0.6726773407086026
b0596,0,0.26161012189264277,0.6449957389877643
b0604,0,0.5683373358563077,0.7445436206403321
b0612,0,0.06584800586762384,0.26439382337959383
b0613,0,0.08819206407755828,0.4646439667101028
b0614,0,0.1316580354020658,0.5000057486780686
b0615,0,0.1313924279565251,0.1024555489337142
b0616,0,0.19158200139704826,0.2444120798345495
b0617,0,0.3837985452598943,0.16904669659138477
b0621,0,0.050828361753203224,0.0840500216530678
b0622,0,0.5318140092799031,0.25356237579742225
b0628,0,0.6013794711754648,0.6183181709317681
b0630,0,0.6140938054954509,0.6030905183997389
b0632,0,0.6495196069218658,0.6967053447313558
b0635,1,0.7541523517730659,0.7012347672255713
b0638,0,0.37478847931063675,0.2521794608690371
b0639,0,0.6092196582121038,0.7868630229260211
b0642,1,0.9252061594266279,0.9600532725845842
b0650,0,0.41849167797085884,0.6500596301221095
b0651,0,0.32478401144930874,0.46621041004579533
b0652,1,0.6445634554955223,0.3764647618048812
b0653,1,0.6000716726088111,0.4057158050562198
b0654,0,0.6792209083900815,0.45488274177777316
b0655,0,0.05405009585477858,0.02703628338444598
b0662,0,0.4395649447712692,0.5364073693817896
b0674,0,0.29486846294604246,0.51119839037251
b0677,0,0.086769116646707,0.35098988409182136
b0678,0,0.3595650081907517,0.4543654095253675
b0679,0,0.0457973389660851,0.17602793107427353
b0680,1,0.9380739156760656,0.9383405830980055
b0684,0,0.7273759783508403,0.33113924207613
b0688,0,0.16030669782359713,0.14538279526598535
b0692,0,0.2079065434389435,0.4301277205449628
b0693,0,0.07440674337624667,0.3659763350636434
b0697,0,0.11414965723114924,0.4758260703819392
b0698,0,0.19599443897485394,0.41536295600830375
b0709,0,0.2830686193491013,0.358613835990235
b0720,0,0.31401000185546835,0.49823882701885247
b0721,0,0.6932792643719698,0.4937434126642445
b0722,0,0.6216550835907986,0.4650468835214484
b0723,0,0.39334252702302075,0.5092230048413207
b0724,0,0.5179181879929093,0.5527213504902936
b0726,1,0.15881075726315338,0.34835248616743614
b0727,1,0.6250010456814512,0.5546376098476915
b0728,0,0.4278059681236933,0.5097242282553798
b0729,0,0.7197374939420182,0.49433191868042575
b0731,0,0.031233869398850884,0.07170854633392801
b0732,0,0.07527080918804474,0.1662669439654863
b0733,1,0.28013339491899863,0.4652734884682835
b0734,1,0.3067139037080625,0.5017836370422372
b0736,1,0.8610300830788035,0.64048056288306
b0750,0,0.6335248524094164,0.6090713990535274
b0751,0,0.12604886529616188,0.5463184709095567
b0752,0,0.0868878059526982,0.28062540399335023
b0754,0,0.5268842268789853,0.5189411286338718
b0755,0,0.655148801968338,0.2275508765745212
b0756,0,0.34210092809789033,0.2523288962706084
b0757,0,0.4362204179646909,0.22806608767426248
b0758,0,0.13473746997920358,0.3061780517642952
b0759,0,0.5314947549846837,0.7111831339879681
b0763,0,0.5124532243112541,0.4238283426306436
b0764,0,0.33520403598407017,0.2720336395197729
b0765,0,0.28277981394837864,0.19785790484272636
b0766,1,0.18687201426355668,0.4896514232883027
b0767,0,0.2521102954789218,0.22556331095558949
b0774,0,0.4159835605406228,0.7758174221322326
b0775,0,0.32605749085910696,0.6667897164597195
b0776,0,0.2341337299072165,0.7863149346192758
b0777,0,0.45311747904306793,0.6658137482125132
b0778,0,0.6708921089244924,0.7630638200980555
b0781,0,0.8350959651123319,0.6619923015808833
b0783,0,0.9701112582969921,0.737953546542899
b0784,0,0.9836791019409677,0.7978914759564981
b0785,0,0.9774612254276208,0.7782985185400203
b0789,0,0.1853346892499545,0.5712158636920066
b0805,0,0.14126552514358745,0.2899440637476482
b0809,0,0.6705176128126489,0.4082070720726315
b0810,1,0.5373107723652233,0.45488274177777316
b0811,0,0.6053145425270184,0.31672950788164816
b0813,0,0.22498162022257764,0.2923325897737787
b0822,0,0.24114015961395627,0.6299886639693624
b0825,0,0.4977643698999763,0.4505923350034925
b0826,0,0.8360886723262508,0.7345376710195562
b0827,0,0.7274604817787443,0.7996512966137223
b0828,0,0.31224899283759716,0.5516550064478951
b0829,0,0.33631315164753417,0.536053776457753
b0830,0,0.5047435580060928,0.46032367698336124
b0831,0,0.23142974721175805,0.24053816537507705
b0832,0,0.19279574414763206,0.2400088808760954
b0837,0,0.06968944204693826,0.21716564907276523
b0839,0,0.3711320611932417,0.5951267885593616
b0841,0,0.4668859069784853,0.5530761570063053
b0842,0,0.21133737112646211,0.4859995548646974
b0854,0,0.7058034934327545,0.640610867684991
b0855,0,0.2651534817917056,0.39508999737796197
b0856,0,0.4602751909414161,0.41237880649830166
b0857,0,0.4440000284429254,0.4201787101327044
b0860,0,0.40399081509040363,0.18811237299419656
b0861,0,0.41458742757574446,0.22744797609749276
b0862,0,0.3806585628460644,0.2338150615880898
b0863,0,0.40795696920246155,0.21289807111390602
b0864,0,0.4661195366887497,0.1601028662947792
b0870,0,0.22998915676220547,0.4293230272868611
b0871,0,0.5796829714882198,0.7026392339274572
b0875,0,0.480927627233451,0.34175390005026124
b0886,1,0.07387719435233855,0.36208598072677933
b0887,1,0.0688331213725458,0.3721233838177956
b0888,0,0.31783149733915683,0.6453026683919314
b0893,1,0.9552494558297469,0.9123145232712043
b0894,0,0.13415059656157058,0.27771826384135717
b0895,0,0.33632055432977664,0.3357269470799632
b0896,0,0.17624125054237913,0.13614060017803647
b0902,0,0.3238856413581324,0.5630758081336606
b0903,0,0.21185850471950576,0.3519907346956927
b0904,0,0.21770994466135338,0.32452149938810065
b0907,0,0.8978338109023015,0.6697830729839359
b0908,0,0.9506163142370254,0.7297793791119974
b0910,1,0.8457337601567776,0.6857840174909149
b0914,1,0.9102685640538173,0.8102554026923547
b0915,1,0.5686104946390599,0.4539819206844183
b0918,1,0.7734129984235767,0.5721009399545176
b0928,0,0.4977252067237375,0.6697078213834339
b0929,0,0.13734502893220568,0.617530395787655
b0930,1,0.8969575099311011,0.8331362417546458
b0931,0,0.26830726980095215,0.613604139298959
b0932,0,0.4431803569875816,0.6621782528596719
b0933,0,0.3352329882619491,0.28908861350494997
b0934,0,0.2401065803200071,0.29352123635514304
b0935,0,0.18130057778513073,0.4576159178612023
b0936,0,0.3838929491417475,0.3478802605644575
b0937,0,0.4236726479814926,0.47990033741399424
b0945,0,0.36432174328462263,0.6636348405950178
b0954,1,0.9074562337772756,0.6802746920982301
b0957,0,0.6713451465723097,0.6667933977746134
b0963,1,0.672098377949656,0.30899224092599425
b0968,0,0.6708783565808469,0.4436505480020788
b0972,1,0.22316162369689369,0.44412384595476323
b0973,0,0.12493765513132803,0.4237879614184494
b0974,1,0.21626437899672116,0.16094679300896012
b0978,0,0.12502444045589017,0.3616523694154332
b0979,0,0.12962045258663113,0.3577300718789715
b0980,0,0.18955720066982298,0.30892714350314926
b0996,0,0.40133463832564537,0.24123503562202947
b0997,0,0.12985923220145767,0.39511303632553246
b1002,0,0.1839225731783362,0.22472379808039752
b1006,0,0.05900803094607719,0.34910640288931416
b1007,0,0.4180007167769341,0.3019262693637747
b1008,0,0.34298272384418527,0.31344749027541857
b1009,0,0.4638378087301964,0.44768634100804705
b1010,1,0.5640062022638154,0.6012668444543026
b1011,1,0.2527163394550181,0.37764100238743975
b1012,0,0.34274895643055103,0.6488423542885767
b1014,0,0.009773220304961147,0.03916608303913482
b1015,0,0.14813030174054764,0.420147587942777
b1033,1,0.17867724863468945,0.745174064377777
b1054,0,0.4669325938688985,0.5396445980518361
b1059,0,0.16934270109063917,0.4578130688860401
b1062,0,0.48416874742740024,0.5382732630753949
b1064,0,0.589318031560259,0.3785807048150065
b1069,1,0.7864318054536577,0.6486286180926868
b1090,0,0.6541876939830183,0.49169356038301565
b1091,1,0.8946889949729011,0.739319106776539
b1092,1,0.8243839438303742,0.6716086090196702
b1093,1,0.8314843136350326,0.6871558801424033
b1095,0,0.9299856140146492,0.905175344319476
b1096,0,0.9246950728357534,0.6645361504840976
b1098,1,0.8645455187570145,0.593177288436584
b1101,0,0.13168631693397082,0.2821017066258681
b1102,0,0.08246622628088555,0.17623836568292833
b1106,0,0.20978794688146266,0.5390762624996946
b1107,0,0.1769445498996574,0.20253161688047375
b1109,0,0.3065597997060744,0.2907267813903386
b1119,0,0.008906141392583835,0.008115945642460277
b1123,1,0.3599770503763137,0.48318229555201336
b1124,1,0.6790397118135442,0.5583380279291625
b1125,0,0.6717583092494942,0.5504080221392263
b1126,0,0.46992041658408057,0.5529451949768965
b1131,0,0.5740123402596837,0.5970249268466035
b1134,0,0.4813580475573319,0.43601342523357123
b1136,0,0.48603439677437477,0.5626520514703492
b1185,0,0.4181030896133873,0.5791352838927518
b1186,0,0.05937068585933432,0.0716362678015599
b1189,1,0.22005704417759672,0.397433036404638
b1190,0,0.12427633904359835,0.5270706477182588
b1193,0,0.4530445758061435,0.658686195418775
b1192,0,0.4161892246260046,0.5205137932287702
b1197,0,0.09754509762164597,0.21506390061791633
b1198,0,0.003187251279281229,0.007336364446600267
b1199,1,0.3278513855428836,0.20207604383720756
b1200,0,0.2808799870251368,0.32662643340061853
b1206,0,0.11216323668267458,0.2563438818338456
b1207,1,0.7478748811514566,0.668363703050149
b1208,1,0.9290000790356552,0.6477671622002432
b1216,0,0.05181285387997526,0.1644219621295002
b1223,0,0.12290594422570085,0.3906674212376186
b1224,0,0.05976592843298712,0.15900131055227232
b1225,0,0.20394167203605562,0.19926530549855323
b1226,0,0.21230729948229543,0.06381982207962324
b1227,0,0.18578594701063617,0.1677325222722729
b1232,1,0.22095418654876525,0.4302240835143863
b1236,1,0.43367150416813965,0.5439884381830695
b1238,1,0.5617605331300607,0.34082470741041526
b1241,0,0.5768778011735755,0.6545679581623068
b1243,0,0.5132709627092025,0.470732287015804
b1244,0,0.2986632579334252,0.35987431106994944
b1245,1,0.33166473209395153,0.2763002178536668
b1246,1,0.24232069128418823,0.2218942460657127
b1247,0,0.3327200479022142,0.2571191059287174
b1249,0,0.11487162358197885,0.5171538878571645
b1250,0,0.0014672526752363456,0.011398076777640325
b1252,1,0.7283713695285128,0.6827386038904646
b1260,0,0.33213526334617666,0.5521765178341326
b1261,0,0.2821451722360999,0.5061180515070258
b1262,0,0.4644092888620988,0.5363471567160302
b1263,0,0.1685920345075295,0.5421125447652155
b1264,0,0.1588766964572283,0.5427794797623152
b1270,1,0.7087247752501966,0.616380196258025
b1276,0,0.22495443241923332,0.29239629468911565
b1277,1,0.912694908148835,0.7499685124185429
b1278,0,0.30566592172776047,0.6498527080847359
b1281,1,0.5746207970258106,0.5965262123235809
b1288,1,0.7847385472970267,0.7420308729487577
b1291,0,0.32891507927665303,0.3601645713403522
b1296,0,0.17327483603405366,0.48568629551539816
b1297,0,0.11174956083172896,0.5038001105165032
b1298,0,0.2034677963561873,0.400421044434992
b1300,0,0.06402407909623847,0.5860633772842747
b1301,0,0.20448772413367514,0.397433036404638
b1302,0,0.18746799747681403,0.4293230272868611
b1308,1,0.33913503803728046,0.32721773271156757
b1319,0,0.025349046817142677,0.01309889346623935
b1325,0,0.24212519018569822,0.3288133246338862
b1326,1,0.28806755209699814,0.35697937574204086
b1329,0,0.4003756819171233,0.4864494908210901
b1363,0,0.07220688131586173,0.2927763582758747
b1377,0,0.12529293946516662,0.3474889817237356
b1378,0,0.12106375490725758,0.3055569264533647
b1380,0,0.356412764200631,0.27565891654653596
b1385,0,0.25680813963804644,0.5919853970885267
b1386,0,0.3907828270659929,0.5598703681476195
b1387,0,0.3097673778498758,0.711945713129204
b1388,0,0.3415652378762582,0.5028038940114257
b1390,1,0.34295198199316673,0.6325667749312694
b1391,0,0.1853367834145778,0.4349575597451304
b1392,0,0.12942437945350047,0.274805300919326
b1393,0,0.5354611450169098,0.6157182046856265
b1394,0,0.3461106854580677,0.6157182046856265
b1395,0,0.22002406128648638,0.5448558593870663
b1397,0,0.14419287407320971,0.5083297072908878
b1398,0,0.1543124707013642,0.5760569486957389
b1415,0,0.5895109560835325,0.7153035474793076
b1440,0,0.4132652607687939,0.37569439855635256
b1441,1,0.4837444585277625,0.39508999737796197
b1442,1,0.37298205642952664,0.41237880649830166
b1443,1,0.507789383428742,0.3784365693656408
b1444,0,0.13396998389033762,0.6187244343034871
b1453,0,0.18698914618084375,0.26649592631542024
b1463,1,0.3599937463088572,0.28824737124003086
b1465,0,0.13611924429400818,0.09102380598475762
b1466,0,0.4864842810454885,0.12197219870546391
b1467,0,0.08950524339505786,0.082172327937387
b1468,0,0.040185706575095646,0.06989162554414104
b1469,0,0.07697324942173556,0.340790032047903
b1473,0,0.25951805982569864,0.16067305426910847
b1474,0,0.07497772272327455,0.3510068317416383
b1475,0,0.4446353592812627,0.4057263843178444
b1476,0,0.3129813402478665,0.25156458395103237
b1478,0,0.3011133799276565,0.3033419030340013
b1479,0,0.14305306968893458,0.4303046907038092
b1483,0,0.18575158590623422,0.4433092940225869
b1484,0,0.3183583179597516,0.18217449383001305
b1485,1,0.12377619426576941,0.19740498872178885
b1486,0,0.3221562932951023,0.311915860356931
b1487,0,0.3168532933704385,0.43196430028281063
b1488,0,0.4076664425392497,0.3805912667028352
b1489,0,0.06756726955107505,0.3549117955989068
b1492,0,0.17274480965846967,0.5705072826001735
b1493,0,0.19887540211013216,0.5761330999477625
b1519,0,0.4062576257219847,0.23707229284294534
b1521,0,0.1286641973112967,0.2264339796594397
b1524,0,0.11354039737761791,0.28751348777035746
b1525,0,0.4003890178498751,0.6553822176489299
b1528,0,0.2237729323303228,0.4212660592355215
b1533,0,0.2582889598163515,0.16067305426910847
b1539,0,0.42660079154617475,0.3546562611168742
b1584,0,0.9367817659825325,0.9307362551535693
b1587,0,0.31491438374206476,0.3507801100162672
b1588,0,0.2899212997611543,0.3507801100162672
b1589,1,0.21993327939365626,0.2618133823288878
b1590,0,0.11700477097099342,0.13614060017803647
b1592,0,0.12621579483565182,0.21229228734412475
b1599,1,0.3812565891407811,0.40881549315330273
b1600,0,0.5187800578944993,0.5434881418571803
b1602,0,0.1466483331379591,0.3831030819927385
b1603,0,0.37211400037752934,0.3554396226287857
b1605,0,0.1950576714744974,0.48568629551539816
b1606,0,0.37848509734495556,0.5464441436079644
b1611,0,0.591290295874455,0.5068062850133365
b1612,0,0.12266225708145369,0.25563899172233506
b1613,0,0.17921504410928554,0.21621894250492843
b1621,0,0.06729021641321982,0.12599996810641084
b1622,0,0.2053588653464762,0.2538763089243471
b1623,0,0.2271330542901201,0.4051626319090874
b1634,1,0.329032056591194,0.4668502421551999
b1636,0,0.14869083199502023,0.6236080403045724
b1637,1,0.9310756790345179,0.9310055132546516
b1638,0,0.3085912493846118,0.7375954309450078
b1640,0,0.17927475389580635,0.45746831226260287
b1646,0,0.350571775129978,0.2229365581839389
b1654,1,0.9188088316152405,0.6138017303197104
b1656,0,0.4952878385673782,0.47129180750226607
b1661,0,0.6832104132582094,0.5880427698461448
b1662,1,0.8789527450211227,0.7256947256146807
b1676,0,0.36942149196925017,0.4809747518641157
b1679,0,0.4180553402129741,0.4862849223046674
b1680,0,0.3574857294043063,0.724823852189152
b1681,0,0.4768629533958055,0.7262523213264709
b1682,0,0.7447394120296636,0.7258815749271631
b1683,0,0.1829951488083332,0.5565167997351501
b1684,1,0.6041699241669327,0.5931038716778749
b1692,0,0.23269391519806784,0.5456570769786675
b1693,0,0.4213305168254999,0.258558032721409
b1701,0,0.07929129146035874,0.5226201581837243
b1704,1,0.37586817935947875,0.3395049207433233
b1709,0,0.3453677264605893,0.4813900068991592
b1710,1,0.3295893809063232,0.4093170205545945
b1711,0,0.3003969989134611,0.4220239905604461
b1719,1,0.9256835112691876,0.9431472686948491
b1723,0,0.2355634854625982,0.3368276585142934
b1732,0,0.26365523718736983,0.4068092638634007
b1734,0,0.08856970212823373,0.14984146546421986
b1740,1,0.531052121652837,0.774299833498138
b1745,1,0.1809841169318676,0.27690871850912396
b1746,0,0.17120741787310856,0.5356757710954516
b1747,1,0.1563037950043178,0.20240851930329354
b1748,0,0.37253250640048324,0.6263735471555053
b1759,0,0.7442868307668187,0.5687163394436816
b1761,0,0.3277446369907908,0.5147841468888159
b1764,1,0.3239115973161507,0.38994957616562803
b1767,0,0.9597879692760031,0.9456152033893689
b1768,0,0.34189284795323766,0.5000751015408323
b1773,0,0.10430366815340907,0.3357643931806023
b1779,1,0.9329500604543083,0.5176834495407275
b1781,0,0.6310067601332707,0.7331232646639748
b1805,0,0.3000084595117929,0.5756065678060356
b1812,0,0.7548832454061062,0.703707791416094
b1814,0,0.2816349676124077,0.4397760193349921
b1817,0,0.6709354881654417,0.3275362918242046
b1818,0,0.25527461898990234,0.18835609321902833
b1819,0,0.30350504040487336,0.19327751105100838
b1849,0,0.24406012431866467,0.5259483521319032
b1850,0,0.38606374465357,0.38421580830971896
b1851,0,0.26888411878286494,0.3065297087326463
b1852,1,0.16591276472832414,0.18620847556675954
b1854,0,0.23452736067245072,0.35697332996272035
b1855,0,0.5321260672036279,0.5396445980518361
b1857,0,0.3065322445039883,0.23999623846797347
b1858,0,0.2940188825451658,0.30853842560736994
b1859,0,0.2520260790408368,0.3011488984372459
b1865,1,0.9114150892668874,0.7887045692548746
b1866,1,0.9475762924995317,0.9018640349453587
b1872,0,0.0683230680717812,0.27771826384135717
b1873,0,0.18479812587748828,0.18172014470540174
b1876,1,0.9582788446191515,0.9585794275539942
b1896,0,0.12546578040666947,0.32089154019527116
b1897,0,0.08287382190952981,0.2042946910625182
b1900,1,0.11585298127519865,0.23847677099261505
b1901,1,0.3461314704184624,0.3297475513330124
b1907,0,0.13637263134865785,0.23044530281882902
b1912,1,0.45060469706868983,0.5930285203385586
b1927,0,0.1305544888014556,0.2800871909259946
b1981,0,0.11126842127755177,0.24280650596573328
b1982,0,0.14913946652370588,0.7088478895156415
b1991,0,0.1858674605356791,0.6244220039552396
b1992,0,0.24229888441531228,0.6254276353054907
b1993,0,0.28502175303121957,0.6038895634617196
b2010,0,0.273684272183089,0.5344896530332965
b2020,0,0.33117564658771453,0.550987711934935
b2021,0,0.5331676613164853,0.6541836451993603
b2022,0,0.5366308907922789,0.4090301364410387
b2023,0,0.6495542796194419,0.44146604095649344
b2024,0,0.7488948953643908,0.4416922573500134
b2025,0,0.7384037782929348,0.5008763349706061
b2026,0,0.9330670146179703,0.5003131340218194
b2027,0,0.38578769181939115,0.3110590515508496
b2028,0,0.20651943926987384,0.49553041458328567
b2029,0,0.2928670253434052,0.3117450192359702
b2032,0,0.3368031808418711,0.5481025664431073
b2033,0,0.37867516430382786,0.2807686381891727
b2034,0,0.28850503155632073,0.17086079679426153
b2035,0,0.0011518010241404393,0.005615466024383803
b2037,0,0.13428060813000747,0.5057260595886122
b2038,0,0.47633957072897415,0.4835831829928765
b2039,0,0.30690957264440516,0.6097379488506565
b2040,0,0.27779892108052595,0.48517439788471833
b2041,0,0.16268603121606207,0.49392843218351234
b2045,0,0.19285490855343976,0.41137744087226935
b2048,0,0.0976979211568383,0.3289582530445691
b2049,0,0.34801547830231117,0.3074891243709426
b2051,0,0.24964646882223862,0.6279981121816123
b2052,0,0.6296048049493279,0.7003592273868942
b2053,0,0.28821742503160286,0.4812054486892245
b2065,0,0.6010954191688938,0.5929745213772484
b2066,0,0.7305648555503861,0.4242143637213635
b2091,1,0.16772717941947496,0.2038364959309054
b2093,0,0.503365442422602,0.15451705403387397
b2094,0,0.030548157441655486,0.006573822501298744
b2095,0,0.11497577274159969,0.12245154649009078
b2096,0,0.131226425545377,0.29450808061352024
b2097,0,0.3551367109436665,0.22025564436312586
b2103,0,0.4031250504577847,0.6668804463266895
b2104,0,0.2403521255968676,0.5076083769954727
b2114,1,0.966798060859605,0.9744088139532634
b2128,0,0.42128367274283846,0.30874097494013464
b2129,0,0.35907495974529213,0.3333371387121594
b2130,0,0.3017308404035233,0.33853678532469555
b2131,0,0.5079113602630185,0.46618468208012037
b2132,0,0.06303361934049886,0.29131589803894564
b2133,0,0.19904433375834463,0.36049607218777835
b2134,0,0.2567975218522027,0.4932501218847014
b2143,0,0.2731227858900492,0.49584267977383045
b2146,0,0.15324462422042445,0.14659926257186492
b2147,0,0.19584011543492652,0.5102462895249635
b2149,0,0.14370027276103783,0.23847677099261505
b2150,1,0.48120269953490385,0.3966373685846232
b2153,1,0.9129563556220723,0.7556698774904671
b2154,0,0.3468008589377387,0.5831628474416628
b2155,0,0.1608744321682705,0.2548485207581853
b2156,0,0.203367603249584,0.25442630446754033
b2162,0,0.10548747102416414,0.49447219458751385
b2167,0,0.0014757004633940876,0.0039052841284206914
b2168,0,0.09570301174976797,0.15453434644728167
b2169,0,0.21260515905552912,0.07797719315593664
b2170,0,0.13255082921337025,0.22392309389657983
b2174,0,0.25756577278303516,0.17086079679426153
b2197,1,0.6198702639544784,0.23990453708717854
b2198,0,0.9985742442296107,0.9921136817098262
b2199,0,0.5881963922757514,0.6895810205389532
b2200,0,0.44596793285579633,0.5734845786929397
b2201,0,0.6912795494460459,0.6138029264903169
b2202,0,0.32057091617032446,0.16668547544297777
b2203,0,0.2298696433722731,0.058995214866769737
b2204,0,0.18463925127259262,0.3358860760734311
b2205,0,0.22748847156367574,0.2618133823288878
b2206,0,0.12785792174700916,0.421924611110302
b2210,0,0.1249303795338377,0.24720138903869054
b2215,0,0.1484467340368781,0.4703222363187764
b2221,0,0.6579714579520506,0.5804704462951774
b2222,0,0.47613342465809516,0.5602471232872683
b2223,0,0.07269626982840355,0.25878684802509777
b2224,0,0.47911372041369527,0.6598675061115107
b2232,1,0.4975985689005956,0.7128916294686111
b2234,1,0.45100615032108365,0.6981330674762192
b2235,1,0.522479889833456,0.7896259719783303
b2239,0,0.10279360048666901,0.5936223798910423
b2240,0,0.14577730879953665,0.3271734935038798
b2241,0,0.09923242426418079,0.26886673891309093
b2242,0,0.1477479352796945,0.20575611015717427
b2243,0,0.3395231343965946,0.3739082867241411
b2251,0,0.4376194430177787,0.5006821909148063
b2254,0,0.3789896174395292,0.5459668226174683
b2255,0,0.8424714823004822,0.9508507200655475
b2256,0,0.32992704389060745,0.3185557256448785
b2257,0,0.25948941047449087,0.45894951385529137
b2258,0,0.1667285032494103,0.17560077591049422
b2260,1,0.3227928266006394,0.6525774275155721
b2265,0,0.2689808508749553,0.6489300650911654
b2276,0,0.3237593166265733,0.5313146054873377
b2277,0,0.15429736518409096,0.5803269370759038
b2278,0,0.3074161516520451,0.5861954094582602
b2280,0,0.538772538391455,0.562917539086389
b2281,0,0.6478306102963093,0.5993658933006418
b2282,0,0.2900147061833289,0.5863343989301475
b2283,0,0.4547138005654763,0.5673411740291838
b2284,0,0.29934245989898883,0.570563033904436
b2286,0,0.15218723094898495,0.5903114769997728
b2287,0,0.6696628062531917,0.5730409213377711
b2288,0,0.7396370721917048,0.533480546833507
b2291,0,0.7743471909566904,0.3570812809527186
b2296,1,0.3618120341428178,0.2802462787096127
b2297,0,0.4124964222412045,0.23083097147424386
b2303,0,0.7854945503133123,0.6755561735996656
b2306,0,0.4185376927427622,0.23658364639621834
b2307,0,0.3750981332315827,0.2602855907927456
b2308,0,0.34119788616768715,0.2338150615880898
b2309,0,0.3677796815927685,0.2464192095921359
b2310,0,0.2901093948127595,0.21289807111390602
b2311,1,0.7611776819074566,0.563038932992082
b2312,0,0.1663829475837579,0.6029306733130332
b2320,0,0.7560153638075846,0.6384664507766937
b2323,1,0.9596549173847155,0.7900411025016815
b2328,0,0.20522255825247135,0.3895708001709552
b2329,0,0.6457459575823199,0.45128096946974783
b2341,0,0.19630434180563364,0.6338902082027338
b2342,0,0.46869134916389926,0.6598675061115107
b2344,0,0.36090652603369827,0.6117290211141196
b2373,0,0.17153310790952786,0.7188263991523198
b2374,0,0.14754863406149724,0.6692883557452332
b2378,0,0.485877178786165,0.5396445980518361
b2379,0,0.5538283575193605,0.45663550323087143
b2388,0,0.27848532895433825,0.19972621192729767
b2392,0,0.11261304471420198,0.20151285020312318
b2393,0,0.156336932285851,0.2675741114992444
b2400,1,0.9966780029163449,0.9460037876785844
b2406,0,0.12872907694042085,0.17560077591049422
b2407,0,0.2402792255624949,0.5627505487319365
b2411,1,0.016009317110278313,0.02981707963742031
b2414,0,0.26898438725838303,0.5602290436446771
b2415,0,0.0406547824152249,0.019194119855468823
b2416,0,0.46212281229534197,0.4435783594811399
b2417,0,0.847535845831385,0.32883354329758224
b2418,0,0.17784285853269435,0.6473508052475182
b2421,0,0.22438310360864389,0.5451289310727789
b2422,0,0.16811995906811641,0.22611790945920202
b2423,1,0.2553117328710003,0.15529332770275558
b2424,0,0.2619025887244769,0.1802292654467519
b2425,0,0.2917653341955882,0.09222472496195623
b2428,0,0.26338247202106135,0.3898078770424626
b2429,0,0.05308881546436259,0.12599996810641084
b2435,0,0.47513177367707876,0.5663060315351314
b2436,0,0.29226748347046094,0.5460080352855605
b2440,0,0.23257654254261456,0.4084576064855423
b2441,0,0.12820496064186934,0.40685504696669794
b2458,0,0.3829066863280759,0.3408113961552172
b2463,0,0.2898713283121668,0.5246989483459784
b2464,0,0.3371946294418697,0.21180211529606818
b2465,0,0.07417630634533236,0.293052268132027
b2467,0,0.7111116874175627,0.7100231022059404
b2470,0,0.13309482930209007,0.6785458257931783
b2472,1,0.282563232088302,0.5063987330027019
b2476,0,0.8376158990904861,0.6030327453732616
b2478,1,0.9056028391240781,0.7535925336060252
b2480,0,0.6703409392064598,0.5665406771686843
b2481,0,0.11927465974221214,0.1748039615843195
b2482,0,0.03041434632461585,0.1150492755682159
b2483,0,0.06164837602779919,0.16954166027771903
b2484,0,0.08114563097070171,0.3041981575472999
b2485,0,0.13345493470555658,0.14274105615667423
b2486,0,0.04196165993511006,0.17247451319183946
b2487,0,0.07848285005068036,0.23066408382324513
b2489,0,0.08374301995637841,0.23030760907933615
b2490,0,0.30803841814026817,0.17086079679426153
b2492,0,0.09806010943599945,0.22095984411658204
b2497,0,0.10064776720617176,0.45203952327972174
b2498,0,0.5737156747159355,0.5380658317230527
b2499,0,0.6915682171555608,0.644508314386678
b2500,0,0.45505294538326363,0.6914700537342199
b2501,0,0.2648998607358275,0.41436440972766486
b2502,0,0.003021685553579597,0.016021354211009465
b2507,0,0.4754067414097166,0.5729321871193991
b2508,0,0.3450610811065591,0.5852508175981054
b2514,1,0.9349939802505188,0.9384125723860005
b2515,1,0.8692772192584681,0.5089657797823025
b2518,1,0.9189716112689058,0.4851248679588215
b2519,0,0.1957915213987055,0.38205448704056383
b2521,0,0.43314545064855103,0.3258789810165795
b2523,0,0.30047105437487265,0.4911877447185768
b2529,1,0.8241311783969871,0.6963422526019485
b2530,1,0.9443293686287091,0.47288605830276087
b2533,1,0.4639834850256943,0.4343185677472699
b2536,0,0.0704936567684216,0.17086079679426153
b2538,0,0.10209790350335828,0.1771882352398044
b2539,1,0.5117363105962376,0.4811988144785972
b2540,1,0.6223475812780537,0.2286122139905682
b2541,0,0.21373171978538602,0.5946592702909913
b2542,0,0.13830154773155903,0.4812487810409276
b2551,1,0.8010602247906385,0.5525177504944458
b2552,0,0.20168270249638018,0.325394926638657
b2557,0,0.4615393512368278,0.5048108474601469
b2558,0,0.07408805272414515,0.1774627575489118
b2563,1,0.8521025430735071,0.614412411612967
b2564,1,0.8073420801132488,0.7121230533216565
b2574,0,0.20009985291919513,0.7507285950337056
b2578,0,0.4125218860545733,0.40601129851370193
b2579,1,0.6623587415177977,0.4062476230777102
b2582,1,0.7864036606287912,0.5793958427475693
b2585,1,0.9123629395697355,0.601048100074636
b2587,0,0.17899855297469427,0.32446543860427407
b2599,0,0.4166681586686726,0.5088698178554213
b2600,0,0.7413564441275691,0.4427054765267151
b2601,0,0.41433090334786515,0.39888168934484397
b2615,1,0.9174666637929945,0.6466353640747347
b2661,0,0.32112560494544706,0.6444514139123454
b2662,0,0.15964786720256563,0.5040300524623135
b2663,0,0.07384390491807014,0.2943739121210234
b2675,0,0.25270010753835725,0.5056790354129956
b2676,0,0.3989170129219706,0.5875338643691433
b2677,0,0.3449939584528235,0.3385690799647127
b2678,0,0.21202716913294917,0.3143969716563563
b2679,0,0.4410066128274336,0.3896416451866602
b2682,0,0.31474706525646023,0.3386373812424974
b2683,0,0.01674255665782718,0.005615466024383803
b2688,0,0.1976158066541859,0.565658337735447
b2690,0,0.2030603053937675,0.29527207066410627
b2697,1,0.8658727678386664,0.9493881350226138
b2701,0,0.3594776289275616,0.5958758282525447
b2702,0,0.16179245056646815,0.06905965877602685
b2703,0,0.07140701045001019,0.06905965877602685
b2705,0,0.2885896839645437,0.6004574988175505
b2708,0,0.3723386767162605,0.17787463456679567
b2710,0,0.3807791041704525,0.27465579145298136
b2711,0,0.1698472562990912,0.27349171030292935
b2715,0,0.07328279646570314,0.12599996810641084
b2719,0,0.17731453489725338,0.2360465193493951
b2720,1,0.5087604127749695,0.39425701796433626
b2721,0,0.14662828798220856,0.2882638720039411
b2722,0,0.17393679523220087,0.283230453706782
b2723,0,0.08840254641077029,0.1612914757248068
b2738,0,0.14382427136742837,0.3283242275945484
b2744,0,0.9905619559631907,0.9929263720509925
b2746,1,0.9494891069576302,0.7880865286588358
b2747,1,0.9061374544322331,0.6671861308711611
b2751,0,0.16236313019989773,0.19334034669254163
b2752,0,0.5785455747752075,0.6085318299700514
b2762,0,0.8727839877005126,0.6896782778624349
b2763,0,0.2888804566717119,0.5266433827170238
b2764,0,0.18934492017619256,0.277044828817072
b2765,0,0.4036168527709419,0.7253307499713844
b2780,1,0.8643695194107367,0.6925785214914664
b2781,0,0.511350364876011,0.44984731290487734
b2784,0,0.012202436619415103,0.009579720749865447
b2787,0,0.28043474000246305,0.44677234167627633
b2788,0,0.08451289181299423,0.23156068588807693
b2789,0,0.06578120330998388,0.28438145955298916
b2794,0,0.9756084697079063,0.9023322246717643
b2796,0,0.3879732817620672,0.20505484306885485
b2797,0,0.1810439688456353,0.39381709931045783
b2799,0,0.19880589490036502,0.49899443329936055
b2800,0,0.508836956945096,0.48871392105419315
b2801,0,0.07986565779156164,0.22215634916160892
b2802,0,0.1955080125268217,0.18017205601487918
b2803,0,0.05273711399683802,0.2558282328912619
b2810,0,0.0771681712291938,0.5756038428750196
b2813,0,0.28406606190437755,0.523621442103034
b2817,0,0.27888414927868305,0.5663060315351314
b2818,0,0.6546614528480188,0.4068796295948146
b2827,1,0.8987210368846139,0.7968512281172987
b2835,0,0.13915402746809336,0.17086079679426153
b2836,0,0.4579496330275332,0.5907206551919222
b2838,0,0.3177168266448705,0.5229605087027736
b2841,0,0.10276942143232366,0.31904892481159974
b2866,0,0.07005924948699456,0.31714947384756026
b2867,0,0.11744104809782839,0.21902475231230378
b2868,0,0.3925907446937889,0.24753684278969573
b2871,0,0.23865670380313164,0.5493285717259945
b2874,0,0.60971778886921,0.2648815159415523
b2877,0,0.2766582209168357,0.555010305151014
b2882,0,0.07548506549035414,0.43288897592430475
b2883,0,0.19176431974446223,0.40206035133884654
b2889,0,0.6509843587353896,0.7191153089358978
b2893,0,0.6067733845877701,0.7294176637727602
b2895,0,0.6785981076046298,0.3680515337252135
b2901,0,0.13438944495296845,0.2666999816552634
b2903,0,0.3737536635988901,0.44849582510245567
b2904,0,0.8947048280953991,0.5702552801242775
b2905,0,0.6009303613262749,0.602519693379896
b2907,1,0.3021602476923837,0.40298952998753557
b2912,0,0.37703630327830184,0.6317472208074019
b2913,0,0.4187030854857226,0.7573013834875088
b2917,0,0.146065101636471,0.4370915962086633
b2919,0,0.3276358177277238,0.700891622900327
b2920,0,0.144081292701358,0.21098169895207972
b2923,1,0.19371535864694264,0.3217464894036142
b2925,1,0.479359487159084,0.39083072189305756
b2926,1,0.8335223268552788,0.27353092776148513
b2927,0,0.5239477067386908,0.41198551226084174
b2930,0,0.1553301065371726,0.22156554091703387
b2935,1,0.11933184823009495,0.4587189015278752
b2937,0,0.24578979132179093,0.5675470136484624
b2938,0,0.1307652332050906,0.3937353286165104
b2942,1,0.9436841293026574,0.8111157032959058
b2943,0,0.19936467138707142,0.31904892481159974
b2947,1,0.9828875604499479,0.9911944335746741
b2957,1,0.9565851889183448,0.9710900347231187
b2963,0,0.2501484279171266,0.6270081138925219
b2964,0,0.09621880767626828,0.22344406951326762
b2965,0,0.06912459550594065,0.33608568851462156
b2975,0,0.08887519536132336,0.20989950730957763
b2979,0,0.20960657637208768,0.38229334818818184
b2987,0,0.13220331237641464,0.22399984518842164
b2988,0,0.2431349944212437,0.4410689416051287
b2994,0,0.22656514812280787,0.40111967103215906
b2995,0,0.17245614263811349,0.17872258356306261
b2996,0,0.2493923657238711,0.3357269470799632
b2997,0,0.18141581190478953,0.38329810585747154
b3001,0,0.25761691279714455,0.6185062920670256
b3005,0,0.9948014159770743,0.9967897808419123
b3006,0,0.9758700949168623,0.9966774200787515
b3008,0,0.2906142169937418,0.5570602728117464
b3012,0,0.8094669804339238,0.7730817374647102
b3018,1,0.9040252728931213,0.5847804145409442
b3028,0,0.24914543450086715,0.10475539675198343
b3029,0,0.6459151110701569,0.3169885147985662
b3034,0,0.39742006038718525,0.6158083776551123
b3035,0,0.4437776442946653,0.6948903290827159
b3040,0,0.7251238032729519,0.2586159300339253
b3041,1,0.9510844858215098,0.7894509622126445
b3052,0,0.38644989000461344,0.42040372851705043
b3057,0,0.4445796133121919,0.6983755231291245
b3058,0,0.9718402715963376,0.6755561735996656
b3059,0,0.5536278521716105,0.48554660020288043
b3062,0,0.27604156548222447,0.2569864663731549
b3063,0,0.060890988189270974,0.26439382337959383
b3073,0,0.19253966747822424,0.5772501685791462
b3089,0,0.20184761328332873,0.20917044595440437
b3091,0,0.048983374273576914,0.18645162334931267
b3093,0,0.08438151830779558,0.19634691752207334
b3114,0,0.06048035701491713,0.18642707903615757
b3115,0,0.06801896693523592,0.2802462787096127
b3117,0,0.055592603398472586,0.39533853383604917
b3125,0,0.2225616285263724,0.5415423364676245
b3126,0,0.07088702194534556,0.18689970630317787
b3127,0,0.05203430622712051,0.19634691752207334
b3128,0,0.05346096929912145,0.24378446067280676
b3132,0,0.15000654758617346,0.0974430681929876
b3137,0,0.20017768977592393,0.34111689113094096
b3172,0,0.6878718445974428,0.5555075031333603
b3176,0,0.5876408419983027,0.22684577671754194
b3177,0,0.964741399418804,0.8575269985131101
b3182,0,0.14906965627841456,0.6071692606123119
b3187,1,0.900283433787406,0.71272176006717
b3189,0,0.9739509615604505,0.6922789598957474
b3196,0,0.539271205988259,0.2631990974049834
b3197,0,0.009838094918883607,0.010732196413169005
b3201,1,0.8589085977054595,0.681487215752487
b3212,0,0.061036225607239925,0.4870736105968606
b3213,0,0.1658523580119575,0.2507004825180344
b3222,0,0.011022836502981094,0.010153044465135807
b3223,0,0.0947316414271634,0.10244608870849471
b3224,0,0.10139753370885012,0.31904892481159974
b3225,0,0.7588248951283857,0.6572175100091777
b3236,0,0.6031136915007147,0.5664011893613237
b3258,0,0.14010284314541954,0.3843186335982375
b3265,0,0.3252162805809857,0.47478892421005875
b3266,0,0.04336723184143265,0.44867290829749584
b3281,0,0.2950673347478231,0.47981911188126497
b3288,1,0.8790401241503317,0.8964032047786256
b3290,0,0.19387703919072746,0.13770043055204934
b3350,0,0.057416602126956706,0.30511144819734165
b3360,0,0.9426876271841859,0.7606120412820754
b3365,0,0.08144288564265084,0.27349171030292935
b3366,0,0.9240819753199508,0.618833007632443
b3370,0,0.15770555886147047,0.48568629551539816
b3371,0,0.1613768079564863,0.34421000338014723
b3374,1,0.11593102284650975,0.314416468150189
b3380,0,0.085165943654326,0.18493241844236957
b3384,1,0.944594874551969,0.9356692899023326
b3385,0,0.2013079812072156,0.3065563191453717
b3386,1,0.43904154992345035,0.22033690873289954
b3389,0,0.6149410339388206,0.4987537458950173
b3390,1,0.8503906953780747,0.5561331786905809
b3396,0,0.09617025710101776,0.4504663818686257
b3397,0,0.7289311305423611,0.7446182238463336
b3403,0,0.3834425487673471,0.49409964963012415
b3409,0,0.1514711943448322,0.32937322361643206
b3412,0,0.8049391420311487,0.5804779189304868
b3415,0,0.08243510596353679,0.2275244626210762
b3416,0,0.20622679451010806,0.32044478062726783
b3417,0,0.10167394742150421,0.42587130048186506
b3426,0,0.27626818241771595,0.4105151775732605
b3428,0,0.03428159678962182,0.18420979971865836
b3429,0,0.07033379687923041,0.3117683228296111
b3430,0,0.27366270337898563,0.3853664969628102
b3431,0,0.03223350807545216,0.2021786080264765
b3432,0,0.09113664699164806,0.32278291037823437
b3433,1,0.4975114105427645,0.5649862802009048
b3447,0,0.2505544937247916,0.6295973176702693
b3449,0,0.2494414387835835,0.509441115589243
b3451,0,0.19189924629835856,0.18010318238932949
b3452,0,0.2580746964194347,0.267066826636622
b3453,0,0.3904507821194342,0.33656179242712303
b3454,0,0.47285346078402457,0.36315687612484737
b3455,0,0.4687253312350394,0.386686112002936
b3456,0,0.25911790576560595,0.4410041192198191
b3458,0,0.551921466012043,0.5440010098484183
b3460,0,0.5811343541273792,0.5692971435689349
b3469,0,0.04341378887506621,0.31471259293762754
b3476,0,0.6066695479782173,0.7326783344234501
b3477,0,0.25716187377075195,0.1978693942324965
b3478,0,0.22868357806891176,0.19740498872178885
b3479,0,0.3289102165746578,0.2858454876260044
b3480,0,0.5181921636637671,0.13826738852004974
b3493,0,0.29400149476274984,0.22399984518842164
b3496,0,0.2855251494800385,0.5123241542917506
b3500,1,0.2585089892435303,0.4514705899846748
b3502,0,0.0763390138971717,0.27335556631960556
b3503,0,0.22119596199327698,0.2776263617111666
b3526,0,0.22995347433276744,0.22018828967225051
b3528,0,0.27596312292070424,0.3474630622167216
b3540,0,0.37206444664056293,0.39514892210112523
b3541,0,0.3068335812871043,0.29668368519590405
b3542,0,0.2940942098202488,0.34025583357129463
b3543,0,0.26217732564867535,0.34090702424517094
b3544,0,0.5280637038803428,0.6110658172301231
b3546,0,0.2040944876648904,0.3098411295840751
b3551,0,0.10139979779848733,0.27505753131674987
b3553,0,0.17211402247341245,0.2508048190110366
b3559,1,0.9076411441498081,0.9068149521902309
b3560,1,0.9653994197314838,0.9398582306714752
b3565,0,0.2468205971858002,0.20336987516094415
b3566,0,0.33859995425977496,0.2506270608334766
b3567,0,0.22934723859783282,0.24875896670283354
b3568,0,0.19228441767460525,0.18414538224251037
b3571,0,0.08926595137845518,0.32313771081630915
b3572,0,0.37233017565133736,0.2014721706164865
b3575,0,0.351339584111013,0.24762442000658766
b3577,0,0.1743151310628925,0.20675099121824309
b3579,0,0.15476952140397718,0.2289635191428449
b3580,0,0.07250472673086163,0.2558282328912619
b3583,0,0.18145935048769013,0.2879182114192884
b3591,0,0.907606350921345,0.8898210989477339
b3599,0,0.09563854105947923,0.192402901471434
b3600,0,0.162581055969086,0.2119837111467207
b3603,0,0.11829363779127758,0.20989950730957763
b3605,0,0.23237349194213183,0.17445386860680603
b3607,1,0.6890497873266535,0.4624208359867843
b3608,0,0.6385009172474607,0.38782532781875717
b3610,0,0.8729731010562726,0.6893043225770121
b3612,0,0.2594392442570782,0.17957913676218268
b3616,0,0.29263238775491957,0.14147969327387477
b3617,0,0.10680756061645849,0.713272812206831
b3619,0,0.5035060991755488,0.6242946916231575
b3620,0,0.4744811729526288,0.4977440814409764
b3621,1,0.6961217057285921,0.46549773607806505
b3622,0,0.07857413382579741,0.41339524678256784
b3623,0,0.24226596964225344,0.46549773607806505
b3624,0,0.453165057062271,0.17086079679426153
b3629,0,0.10439712186263052,0.17560077591049422
b3630,0,0.21504338995907807,0.17086079679426153
b3631,0,0.6683056202578075,0.6489491544774277
b3632,0,0.2986328452096019,0.444160974642707
b3633,1,0.533043154125379,0.4526992458695987
b3634,1,0.9775657376422366,0.8366781542813022
b3639,1,0.821928379485526,0.7937818715090345
b3640,1,0.77247046855517,0.5593574725004993
b3642,0,0.47689346898385615,0.5636221283511723
b3648,1,0.9494621375031158,0.5792831461690392
b3653,0,0.3369773542225413,0.2649894611133771
b3654,0,0.11901622305562827,0.43288897592430475
b3665,0,0.07077887521676532,0.27748456351313383
b3666,0,0.15583008894556294,0.28438145955298916
b3671,0,0.2570102364737821,0.6938381313117123
b3679,0,0.07193447210496658,0.12293398609357416
b3691,0,0.06993712907146561,0.26546331914816423
b3693,0,0.08333495081047346,0.09908905916679984
b3708,0,0.5197391007521175,0.3600586579472481
b3709,0,0.15724957697675268,0.20505484306885485
b3714,0,0.17140142823770582,0.4339201560331863
b3722,0,0.05122634692971312,0.17602793107427353
b3725,0,0.6347598118019387,0.24140760237827993
b3726,0,0.33707287506784744,0.2408825292236377
b3727,0,0.3616403247920591,0.3005065201697159
b3728,0,0.7555062190811317,0.5351957828982156
b3729,1,0.6372784029365408,0.7249917061884791
b3730,1,0.9523110126842818,0.6902781385172468
b3731,1,0.984527706293945,0.590873718462776
b3732,0,0.9138493732605298,0.5533185153552795
b3733,0,0.8702818627770856,0.5569989951261165
b3734,0,0.7075193766886402,0.5766543654368895
b3736,1,0.9947781475524188,0.5592929820811336
b3737,0,0.5702976986490009,0.018839106356101948
b3738,0,0.8985716677932353,0.5767669007742938
b3739,0,0.5489125563513241,0.19146154448227717
b3744,0,0.37795720857572074,0.27424326398294335
b3747,0,0.06549338564692665,0.1598220580369017
b3748,0,0.4204742417081688,0.10810914019444906
b3749,0,0.2025875213996638,0.24875896670283354
b3750,0,0.2402006041811236,0.22772128127627972
b3751,0,0.483867577079464,0.37597459000746597
b3752,0,0.37287808498955577,0.34841225666068004
b3770,0,0.6895222602533385,0.7520640722785539
b3771,0,0.3046887951938456,0.13221601008110523
b3772,0,0.1709762426105446,0.6302468521782523
b3774,0,0.7780576573399233,0.6318639924112207
b3779,0,0.005079677698317839,0.016021354211009465
b3781,0,0.8883484191123941,0.8200058312912306
b3784,0,0.15298171494326013,0.5245743574038847
b3785,0,0.2619281834304005,0.35839986101167576
b3786,0,0.5603938203732696,0.5641419024369434
b3787,0,0.2407550540053297,0.4836366619377376
b3788,0,0.3619679133166117,0.5575452886819036
b3789,0,0.3147911904527019,0.5605860113608628
b3790,0,0.2775951887665105,0.17560077591049422
b3791,0,0.35666664830560346,0.5963608072607542
b3792,0,0.25547205457852673,0.6632584821942404
b3793,1,0.0020466776364103565,0.005615466024383803
b3794,0,0.24581666042503453,0.4482503534110843
b3803,0,0.4634643618426813,0.0806441947806617
b3804,1,0.8163557122216957,0.6321735790966911
b3805,1,0.8085230870294557,0.7364181243243814
b3806,0,0.18400696109140433,0.08859479351857662
b3807,0,0.7881550784717292,0.20027985857664904
b3809,1,0.7417063147903084,0.5951654948274074
b3816,1,0.24275852635443584,0.38652009443642926
b3821,0,0.4472022836925466,0.481972118459381
b3823,0,0.41674167299631293,0.40601129851370193
b3824,0,0.23262568806601086,0.3743103719937312
b3825,0,0.2807217962949277,0.49450528569004315
b3826,0,0.17061720035922315,0.4896514232883027
b3829,0,0.17780488340003892,0.438124284651446
b3831,0,0.625453830267855,0.48234898966312484
b3833,1,0.5117952024983721,0.6898196976943057
b3835,1,0.0022203489293489533,0.031046624870988068
b3843,0,0.7059791184262624,0.6959777633541656
b3844,0,0.44188584913610096,0.44904818838278504
b3845,0,0.30473361769486795,0.564111072612555
b3846,0,0.07984157009330364,0.5517517194028567
b3849,0,0.08967608376082499,0.2927763582758747
b3850,1,0.8519577042908081,0.4574131680098196
b3856,0,0.6057224642356833,0.6141822867410478
b3857,0,0.974658324212963,0.7649449137819649
b3860,1,0.5875999278831133,0.8478227731511299
b3867,0,0.4492597810869534,0.7292885220658304
b3870,0,0.43583460697320964,0.5546167326082123
b3875,0,0.2863718226560026,0.17560077591049422
b3882,0,0.19751969904698305,0.6392936452929494
b3892,0,0.24707907532125886,0.18515471200109215
b3893,0,0.4405822576159669,0.3357269470799632
b3894,0,0.07133260150798955,0.27505753131674987
b3902,1,0.5178159149234075,0.46755761112038235
b3907,0,0.003694235529297955,0.005615466024383803
b3908,0,0.5513578326416314,0.517575093552394
b3909,0,0.004700904841894381,0.005615466024383803
b3915,0,0.1456897259280482,0.39611156249115886
b3917,0,0.4337232894240412,0.19118025948895778
b3918,0,0.4937226103631306,0.2648061296269477
b3924,0,0.614117088198418,0.3490642734622698
b3925,0,0.46543548134389684,0.33352654594250425
b3926,0,0.2985862643344338,0.47765505838269917
b3927,0,0.19497780923760813,0.3792581240606981
b3930,0,0.2672424702370075,0.5657919206850158
b3939,0,0.5213744570030969,0.4716076357734057
b3940,0,0.07154806489521862,0.42218430621588116
b3941,0,0.6773325379744977,0.6128694462778188
b3942,0,0.07695005194549794,0.33477404874815764
b3945,0,0.14308916999050234,0.2969094480094279
b3946,0,0.5007727886349224,0.30573608164737237
b3951,0,0.03335658312414004,0.2411618252602659
b3952,0,0.3086186073951051,0.5515526856221588
b3956,0,0.22688936689929193,0.41261561554253656
b3958,1,0.5699460012805493,0.4071076053641566
b3959,0,0.8624007762604129,0.6532522298883938
b3960,0,0.3942645065818362,0.47423533146565977
b3962,0,0.38982591850324494,0.3330178154778022
b3966,0,0.25296524986595553,0.7180179283642315
b3967,1,0.6222697953481843,0.5655504108023338
b3972,0,0.9316960706871698,0.6548075463837255
b3974,1,0.9147540272901331,0.599901680978343
b3992,0,0.46480940196418846,0.7345376710195562
b3993,0,0.5092588859131064,0.6645238275055555
b3994,0,0.23876997253030238,0.5985259311911089
b3996,0,0.18383254792477927,0.583137840038869
b3997,1,0.9123921601096275,0.6328214688865849
b4005,0,0.3642525554038227,0.5460703428652506
b4006,0,0.27733401757461995,0.49528567808437884
b4013,0,0.49594713087121955,0.35928975600781515
b4014,0,0.18506546499714077,0.3085228275127022
b4015,0,0.1636840517673275,0.2451183459159869
b4019,0,0.2559183650336148,0.6473760131109589
b4024,0,0.5394554814668382,0.600056138060541
b4025,0,0.5263369874005358,0.3598867414899024
b4031,0,0.10349836536477582,0.27344469724204346
b4033,0,0.24804596337131515,0.433335885318047
b4034,0,0.4681603868910503,0.6038672472852038
b4035,0,0.1705892101820182,0.4120002143734306
b4036,0,0.10806752964884532,0.17233979953403056
b4039,0,0.9626239475842713,0.6217136211751593
b4053,0,0.31082817172989424,0.6879970292489995
b4054,1,0.1567133427861725,0.3627236196257017
b4055,0,0.04283412153421835,0.02932239236867254
b4067,0,0.0686607585304066,0.2347002335780778
b4069,0,0.17443249178610695,0.5670299293380177
b4070,0,0.07770364021288435,0.24913351059051328
b4071,0,0.4137151057526298,0.22472379808039752
b4072,0,0.3304259827339333,0.2618133823288878
b4073,0,0.13320378545435296,0.14344934601919282
b4077,0,0.40629496914126234,0.3474630622167216
b4079,0,0.08499370233399445,0.37451052674764035
b4084,0,0.009388305788108443,0.009795064466882962
b4087,0,0.27781017342519343,0.24875896670283354
b4088,0,0.36558049142527105,0.33306607775910485
b4090,0,0.4491151303460646,0.3313449477392443
b4111,0,0.0801166095835744,0.2697430746815046
b4117,0,0.1939989462628286,0.41720697484235225
b4119,0,0.0397396021180646,0.14984146546421986
b4120,0,0.06212898081018519,0.17163218208085537
b4122,0,0.21854747061387497,0.3302019346645594
b4123,0,0.07722617121976308,0.08802001065568782
b4129,0,0.9335049505188299,0.9587313920132695
b4130,0,0.24024591306809728,0.358613835990235
b4131,0,0.3220018631565299,0.5486424456576412
b4132,0,0.20769706459575016,0.3980430033758445
b4136,0,0.23912728039710934,0.7375357264065288
b4138,0,0.1188633610431554,0.08802001065568782
b4139,0,0.2378051334233673,0.35103603868891553
b4152,0,0.7968771364902194,0.17788131379730748
b4153,0,0.8295335505173035,0.5472984799851266
b4154,0,0.4515118475284795,0.5149734265534505
b4169,0,0.17840324515511669,0.5102481723820429
b4177,0,0.8310399086789101,0.709353704663607
b4192,0,0.27069537102893126,0.3541342600085245
b4193,0,0.09201800422443249,0.12835518769345408
b4195,0,0.023346763714903452,0.006573822501298744
b4196,0,0.1941101683785725,0.28888059155240686
b4197,0,0.10971662568014626,0.06751263162846957
b4198,0,0.3344947606031284,0.2803344656250552
b4208,0,0.18873065146971513,0.26649592631542024
b4209,0,0.6945261287957522,0.4777117258272132
b4213,0,0.21112051558274406,0.6014040954809361
b4214,0,0.6896858064074056,0.18523965528372954
b4219,0,0.4161858345719058,0.6772074052168794
b4226,1,0.9749152390231551,0.5416511165954363
b4227,0,0.38038618308256794,0.28707800979941617
b4230,0,0.19396322025188673,0.23974584964982554
b4231,0,0.15649058985863512,0.22772128127627972
b4232,0,0.5657827222267536,0.335208862411839
b4233,0,0.10706937843532796,0.5327388250799813
b4237,0,0.6116943329060269,0.610777276500292
b4238,0,0.2815678185630695,0.4151785413357111
b4239,0,0.12776422917060012,0.2800871909259946
b4240,0,0.14584958240167192,0.19075539042295162
b4242,0,0.075305286090132,0.43493244958430266
b4244,0,0.49041422373731497,0.5943804229697609
b4245,0,0.5904810626165947,0.8186817042454029
b4258,1,0.9152682359921592,0.9334762506743073
b4260,0,0.14100445052180732,0.522645572047601
b4261,1,0.9958860563145767,0.9961632357042438
b4262,1,0.6597939079307311,0.6526718532162262
b4265,0,0.07487607741107756,0.2275244626210762
b4266,0,0.2521712471978935,0.6004574988175505
b4268,0,0.23473775273152142,0.19018585746366995
b4287,0,0.38829987210731776,0.4009491500011784
b4288,0,0.19895632762652435,0.3011488984372459
b4289,0,0.22271131166308683,0.31216550455893843
b4291,0,0.2161769208901599,0.3088501381228517
b4311,0,0.23454744576751022,0.22472379808039752
b4321,0,0.10515135311302044,0.1529305356725311
b4322,0,0.1319046978746821,0.2373468027140842
b4323,0,0.1164783906983484,0.2119837111467207
b4356,0,0.06868278556002094,0.28438145955298916
b4358,0,0.22852430744520427,0.2771587075528311
b4374,0,0.27564874760593405,0.6411105080204954
b4381,0,0.794443857779713,0.6823928820632789
b4382,0,0.30300127766284335,0.6119230987298842
b4383,0,0.26484758360364036,0.1349788455272657
b4384,0,0.3690483302454089,0.6336492665685712
b4386,1,0.5163299937070086,0.673152716271809
b4388,0,0.3355312803599538,0.47545546345309575
b4390,0,0.038509883963105423,0.038787550313078116
b4392,0,0.2098832006345985,0.6082302803362468
b4394,0,0.7370058397542048,0.4518068412371205
b4395,0,0.3264953777409445,0.29978173658508245
