Entry	Pfam
A5A616	PF22865;
O32583	PF02597;
P00350	PF00393;PF03446;
P00363	PF00890;PF02910;
P00370	PF00208;PF02812;
P00393	PF07992;
P00448	PF02777;PF00081;
P00452	PF03477;PF02867;PF00317;
P00490	PF00343;
P00509	PF00155;
P00550	PF00359;PF02378;PF02302;
P00561	PF00696;PF22468;PF00742;PF03447;
P00562	PF00696;PF00742;PF03447;
P00579	PF04546;PF03979;PF00140;PF04542;PF04539;PF04545;
P00582	PF01367;PF02739;PF00476;PF01612;
P00634	PF00245;
P00722	PF02929;PF00703;PF02836;PF02837;PF16353;
P00803	PF10502;
P00804	PF01252;
P00805	PF00710;PF17763;
P00811	PF00144;
P00861	PF02784;PF00278;
P00864	PF00311;
P00893	PF02775;PF00205;PF02776;
P00894	PF22629;PF10369;
P00903	PF00117;
P00904	PF00117;PF02885;PF00591;
P00914	PF00875;PF03441;
P00926	PF00291;
P00935	PF01053;
P00936	PF12633;PF01295;PF26690;PF26691;PF26693;
P00946	PF21621;PF20511;PF20512;
P00956	PF08264;PF00133;PF06827;
P00957	PF02272;PF01411;PF07973;
P00959	PF19303;PF09334;PF01588;
P00962	PF00749;PF03950;PF20974;
P00963	PF03590;
P00968	PF25596;PF02786;PF02787;PF02142;
P02358	PF01250;
P02359	PF00177;
P02916	PF00528;PF20872;PF14785;
P02918	PF29195;PF17092;PF00912;PF00905;
P02919	PF14812;PF30367;PF00912;PF00905;PF14814;
P02920	PF01306;
P02921	PF13347;
P02925	PF13407;
P02929	PF03544;PF16031;
P02930	PF02321;
P02931	PF00267;
P02942	PF00672;PF00015;PF02203;
P02943	PF02264;
P03004	PF00308;PF08299;PF11638;
P03007	PF00929;
P03018	PF21196;PF00580;PF13361;
P03023	PF00356;PF13377;
P03819	PF27452;PF00999;PF02254;
P03959	PF03814;
P03960	PF00122;PF00702;
P03961	PF02669;
P04036	PF05173;PF01113;
P04079	PF00117;PF00958;PF02540;
P04152	PF13438;PF00817;PF11799;PF11798;
P04391	PF00185;PF02729;
P04395	PF06029;PF00730;
P04425	PF02955;PF02951;
P04693	PF00155;
P04805	PF19269;PF00749;
P04825	PF11940;PF17432;PF01433;PF17900;
P04968	PF00291;PF00585;
P04982	PF05025;
P04983	PF00005;
P04993	PF13245;PF21185;PF13538;
P04994	PF02601;PF13742;
P04995	PF26016;PF08411;PF00929;
P05020	PF01979;
P05041	PF00425;
P05042	PF10415;PF00206;
P05050	PF13532;
P05055	PF00013;PF03726;PF01138;PF03725;PF00575;
P05194	PF01487;
P05458	PF00675;PF05193;PF16187;PF22456;
P05523	PF01149;PF06831;PF06827;
P05637	PF00149;
P05704	PF00672;PF00015;PF02203;
P05791	PF24877;PF00920;
P05793	PF01450;PF07991;
P05804	PF00703;PF02836;PF02837;
P05824	PF02463;
P05825	PF07715;PF00593;
P05852	PF00814;
P06129	PF07715;PF00593;
P06134	PF02805;PF01035;PF12833;PF02870;
P06136	PF03799;PF08478;
P06149	PF01565;PF09330;
P06609	PF01032;
P06610	PF00255;
P06611	PF00005;
P06612	PF01131;PF01751;PF21372;PF01396;PF08272;
P06616	PF07650;PF01926;
P06709	PF02237;PF03099;PF08279;
P06710	PF13177;PF12169;PF12168;PF12170;PF22608;
P06715	PF07992;PF02852;
P06721	PF01053;
P06722	PF02976;
P06959	PF00198;PF00364;PF02817;
P06961	PF01966;PF01743;PF12627;
P06968	PF00692;
P06971	PF07715;PF00593;
P06972	PF01032;
P06974	PF02154;PF01052;
P06983	PF01379;PF03900;
P06988	PF00815;
P06992	PF00398;
P06993	PF00196;PF17874;PF25873;
P06996	PF00267;
P06999	PF00294;
P07001	PF01262;PF05222;PF12769;
P07003	PF02775;PF00205;PF02776;
P07004	PF00171;
P07012	PF03462;PF00472;
P07013	PF22657;
P07014	PF13085;PF13534;
P07017	PF00672;PF00015;PF02203;
P07024	PF02872;PF00149;
P07026	PF03472;PF00196;
P07102	PF00328;
P07117	PF00474;
P07118	PF08264;PF00133;PF10458;
P07330	PF01339;PF00072;
P07363	PF01584;PF09078;PF02895;PF02518;PF01627;
P07395	PF03483;PF03484;PF03147;PF01588;PF17759;
P07464	PF00132;PF12464;
P07604	PF25601;PF18024;PF13188;PF00158;
P07623	PF04204;
P07639	PF01761;PF24621;
P07648	PF27451;PF17946;PF04257;
P07649	PF01416;
P07658	PF04879;PF00384;PF01568;
P07821	PF00005;
P07822	PF01497;
P07862	PF07478;PF01820;
P07913	PF08240;PF00107;
P08179	PF00551;
P08191	PF00419;PF09160;
P08192	PF02875;PF08245;
P08200	PF00180;
P08201	PF04324;PF01077;PF03460;PF07992;PF18267;
P08202	PF24856;PF02610;PF11762;
P08203	PF00596;
P08244	PF00215;
P08312	PF02912;PF01409;
P08337	PF00293;
P08373	PF01565;PF02873;
P08394	PF12705;PF00580;PF13361;
P08395	PF01343;
P08400	PF02518;PF00512;PF00989;PF11808;
P08506	PF07943;PF00768;
P08622	PF00226;PF01556;PF27439;PF00684;
P08660	PF00696;PF22468;
P08839	PF05524;PF00391;PF02896;
P08956	PF08463;PF31092;PF00271;PF04851;PF30170;
P09029	PF02222;PF17769;PF22660;
P09030	PF03372;
P09099	PF02782;PF00370;
P09147	PF01370;
P09148	PF02744;PF01087;
P09152	PF00384;PF01568;PF28599;PF14710;
P09158	PF17284;PF01564;
P09169	PF01278;
P09323	PF00358;PF00367;PF02378;
P09348	PF01618;PF20560;
P09372	PF01025;
P09373	PF01228;PF02901;
P09377	PF02311;PF12833;
P09391	PF01694;PF12122;
P09394	PF03009;
P09546	PF00171;PF01619;PF14850;PF18327;PF21775;
P09831	PF00310;PF04898;PF01645;PF01493;
P09832	PF14691;PF07992;
P09835	PF02518;PF07730;PF05231;
P09980	PF00580;PF13361;
P0A698	PF00005;PF17755;PF17760;
P0A6A0	PF03109;PF27536;
P0A6A3	PF00871;
P0A6A8	PF00550;
P0A6B4	PF00842;PF01168;
P0A6B7	PF00266;
P0A6C1	PF01261;
P0A6C8	PF00696;
P0A6D0	PF01316;PF02863;
P0A6D3	PF00275;
P0A6D5	PF18317;PF08501;
P0A6D7	PF01202;
P0A6E1	PF01202;
P0A6E4	PF20979;PF00764;
P0A6E6	PF00401;PF02823;
P0A6F1	PF00988;PF00117;
P0A6F3	PF02782;PF00370;
P0A6F5	PF00118;
P0A6F9	PF00166;
P0A6G7	PF00574;
P0A6H1	PF07724;PF10431;PF06689;
P0A6H5	PF00004;PF07724;
P0A6H8	PF13091;PF13396;
P0A6I0	PF02224;
P0A6I6	PF01467;
P0A6J1	PF01583;
P0A6J3	PF07264;
P0A6J5	PF01266;
P0A6K1	PF01678;
P0A6K3	PF01327;
P0A6K6	PF01676;
P0A6L0	PF01791;
P0A6L2	PF00701;
P0A6L4	PF00701;
P0A6M2	PF02600;
P0A6M4	PF02580;
P0A6M8	PF00679;PF14492;PF03764;PF00009;PF03144;
P0A6N4	PF01132;PF08207;PF09285;
P0A6N8	PF01132;PF08207;PF09285;
P0A6P1	PF00889;
P0A6P5	PF14714;PF01926;
P0A6P9	PF00113;PF03952;
P0A6Q3	PF07977;
P0A6Q6	PF07977;
P0A6R0	PF08545;PF08541;
P0A6R3	PF27465;PF02954;
P0A6S5	PF04977;
P0A6S7	PF07479;PF01210;
P0A6T1	PF00342;
P0A6T3	PF10509;PF08544;PF00288;
P0A6T5	PF01227;
P0A6U3	PF01134;PF21680;PF13932;
P0A6U5	PF02527;
P0A6V1	PF24894;PF00483;
P0A6V5	PF00581;
P0A6W3	PF00953;PF10555;
P0A6X1	PF00745;PF05201;PF01488;
P0A6X3	PF17209;
P0A6X7	PF00216;
P0A6Y1	PF00216;
P0A6Y5	PF01430;
P0A6Y8	PF00012;
P0A6Z3	PF13589;PF00183;
P0A6Z6	PF08753;PF01402;
P0A700	PF01155;
P0A703	PF01155;
P0A705	PF22042;PF00009;PF03144;PF11987;PF08364;PF04760;
P0A707	PF00707;PF05198;
P0A710	PF04279;
P0A712	PF03812;
P0A715	PF00793;
P0A717	PF14572;PF13793;
P0A720	PF02223;
P0A722	PF13720;PF00132;
P0A725	PF03331;
P0A729	PF02545;
P0A731	PF02142;
P0A738	PF01967;
P0A742	PF01741;
P0A744	PF01625;
P0A746	PF01641;
P0A749	PF00275;
P0A754	PF02525;
P0A759	PF01182;
P0A761	PF04131;
P0A763	PF00334;
P0A769	PF01566;
P0A776	PF00293;
P0A784	PF00929;
P0A786	PF00185;PF02729;
P0A790	PF02261;
P0A794	PF03740;
P0A796	PF00365;
P0A799	PF00162;
P0A7A7	PF01553;PF19277;PF27464;
P0A7A9	PF00719;
P0A7B1	PF02503;PF13090;PF17941;PF13089;
P0A7B3	PF01513;PF20143;
P0A7B5	PF00696;PF01472;
P0A7B8	PF00227;
P0A7C2	PF01726;PF00717;
P0A7D1	PF01195;
P0A7D4	PF00709;
P0A7E1	PF01180;
P0A7E3	PF00156;
P0A7E5	PF06418;PF00117;
P0A7E9	PF00696;
P0A7F6	PF02675;
P0A7F9	PF02547;
P0A7G2	PF02033;
P0A7G6	PF21096;PF00154;
P0A7H0	PF02463;
P0A7I4	PF22042;PF00009;PF16658;
P0A7I7	PF00925;
P0A7J0	PF00926;
P0A7J3	PF00466;PF27436;
P0A7J7	PF00298;PF03946;
P0A7K2	PF00542;PF16320;
P0A7K6	PF01245;
P0A7L0	PF00687;
P0A7L3	PF00453;
P0A7L8	PF01016;
P0A7M2	PF00830;
P0A7M6	PF00831;
P0A7M9	PF01197;
P0A7N4	PF01783;
P0A7N9	PF00471;
P0A7R1	PF03948;PF01281;
P0A7R5	PF00338;
P0A7R9	PF00411;
P0A7S3	PF00164;
P0A7S9	PF00416;
P0A7T3	PF00886;
P0A7T7	PF01084;
P0A7U3	PF00203;
P0A7U7	PF01649;
P0A7V0	PF00318;
P0A7V3	PF07650;PF00189;
P0A7V8	PF00163;PF01479;
P0A7W1	PF00333;PF03719;
P0A7W7	PF00410;
P0A7X3	PF00380;
P0A7X6	PF24986;PF01782;
P0A7Y0	PF00035;PF14622;
P0A7Y4	PF00075;
P0A7Z0	PF06026;
P0A7Z4	PF01000;PF03118;PF01193;
P0A800	PF01192;
P0A809	PF14520;PF07499;PF01330;
P0A812	PF17864;PF05496;PF05491;
P0A814	PF02075;
P0A817	PF02773;PF02772;PF00438;
P0A821	PF12390;PF03841;
P0A825	PF00464;
P0A830	PF00375;
P0A832	PF01668;
P0A836	PF08442;PF00549;
P0A840	PF01975;
P0A847	PF01702;
P0A850	PF00254;PF05698;PF05697;
P0A853	PF01212;
P0A855	PF07676;PF04052;
P0A858	PF00121;
P0A862	PF08534;
P0A870	PF00923;
P0A873	PF01746;
P0A879	PF00291;
P0A884	PF00303;
P0A887	PF01209;
P0A890	PF01206;
P0A894	PF22740;PF03668;
P0A898	PF02130;
P0A8B2	PF01713;
P0A8D6	PF01661;
P0A8E7	PF04461;
P0A8F0	PF14681;
P0A8F8	PF00271;PF04851;PF02151;PF12344;PF27431;PF17757;
P0A8G0	PF30054;PF14520;PF02151;PF27096;PF22920;PF08459;
P0A8G6	PF03358;
P0A8G9	PF02609;
P0A8H3	PF02535;
P0A8H6	PF04220;
P0A8I1	PF03652;
P0A8I5	PF02390;
P0A8I8	PF02590;
P0A8J2	PF17948;
P0A8J8	PF00270;PF00271;
P0A8K1	PF02666;PF27523;
P0A8L1	PF02403;PF00587;
P0A8M0	PF00152;PF01336;
P0A8M3	PF03129;PF02824;PF00587;PF07973;
P0A8M6	PF04363;
P0A8N0	PF06303;PF17414;
P0A8N3	PF00152;PF01336;
P0A8N5	PF00152;PF01336;
P0A8N7	PF00152;
P0A8P6	PF02899;PF00589;
P0A8P8	PF02899;PF00589;
P0A8Q0	PF02300;
P0A8Q3	PF02313;
P0A8R0	PF03737;
P0A8S1	PF00126;PF03466;
P0A8S9	PF05247;
P0A8T1	PF06325;
P0A8T7	PF04997;PF00623;PF04983;PF05000;PF04998;
P0A8V0	PF23023;
P0A8V2	PF04563;PF04561;PF04565;PF10385;PF00562;PF04560;
P0A8V6	PF07840;PF00392;
P0A8W0	PF07729;PF00392;
P0A8X0	PF04751;
P0A8Y1	PF00702;
P0A8Y3	PF00702;
P0A8Y5	PF08282;
P0A8Y8	PF03061;
P0A903	PF29358;PF06804;
P0A910	PF00691;PF01389;
P0A912	PF00691;
P0A921	PF02253;
P0A924	PF01569;
P0A935	PF06725;PF03562;
P0A937	PF04355;
P0A940	PF01103;PF07244;
P0A944	PF00583;
P0A948	PF13302;
P0A951	PF13302;
P0A953	PF00109;PF02801;
P0A955	PF01081;
P0A959	PF00155;
P0A962	PF00710;PF17763;
P0A964	PF01584;
P0A968	PF00313;
P0A972	PF00313;
P0A988	PF00712;PF02767;PF02768;
P0A991	PF01791;
P0A993	PF00316;PF18913;
P0A998	PF00210;
P0A9A6	PF12327;PF00091;
P0A9A9	PF01475;
P0A9B2	PF02800;PF00044;
P0A9B6	PF02800;PF00044;
P0A9C0	PF01266;PF04324;
P0A9C5	PF00120;PF03951;
P0A9C9	PF03320;
P0A9D2	PF00043;PF13409;
P0A9D8	PF14602;PF14805;
P0A9E0	PF02311;PF12833;
P0A9E5	PF00027;PF13545;
P0A9G4	PF13411;
P0A9G6	PF00463;
P0A9G8	PF03459;
P0A9H3	PF01276;PF03711;PF03709;
P0A9H7	PF02353;
P0A9H9	PF04344;
P0A9J0	PF10150;PF20833;PF00575;
P0A9J4	PF02558;PF08546;
P0A9J6	PF00294;
P0A9J8	PF01817;PF00800;
P0A9K7	PF01895;
P0A9K9	PF00254;
P0A9L3	PF00254;PF01346;
P0A9M0	PF00004;PF05362;PF22667;PF02190;
P0A9M2	PF00156;
P0A9M5	PF00156;
P0A9M8	PF13500;PF07085;PF01515;
P0A9N4	PF04055;
P0A9N8	PF13353;
P0A9P0	PF07992;PF02852;
P0A9P4	PF07992;
P0A9P6	PF03880;PF00270;PF12343;PF25399;PF00271;
P0A9Q1	PF00072;PF00486;
P0A9Q5	PF01039;PF17848;
P0A9Q7	PF25137;PF00171;PF00465;
P0A9Q9	PF01118;PF02774;
P0A9R7	PF00005;
P0A9S1	PF25137;PF00465;
P0A9S5	PF00465;
P0A9S7	PF00005;PF12399;
P0A9T0	PF00389;PF02826;PF22629;
P0A9V1	PF00005;PF12399;
P0A9V8	PF14833;PF03446;
P0A9W3	PF00005;PF12848;
P0A9X4	PF06723;
P0A9X9	PF00313;
P0A9Y6	PF00313;
P0A9Z1	PF00543;
P0AA04	PF00381;
P0AA10	PF00572;
P0AA16	PF00072;PF00486;
P0AA25	PF00085;
P0AA37	PF00849;
P0AA41	PF00849;
P0AA43	PF00849;PF01479;
P0AA47	PF00324;
P0AA76	PF07690;
P0AA78	PF07690;
P0AA84	PF13091;
P0AA89	PF21118;PF00990;PF11563;
P0AA93	PF07694;PF01590;PF02518;PF06580;
P0AA99	PF03734;
P0AAA9	PF13801;
P0AAB4	PF01977;PF20696;PF20695;
P0AAC6	PF01027;
P0AAC8	PF01521;
P0AAD6	
P0AAD8	PF03222;
P0AAE0	PF00324;
P0AAE8	PF13520;
P0AAF1	PF13520;
P0AAG0	PF00005;PF08352;
P0AAH0	PF00005;
P0AAH4	PF00005;PF08352;
P0AAI3	PF00004;PF17862;PF06480;PF01434;
P0AAI5	PF00109;PF02801;
P0AAJ3	PF13247;PF12800;PF09163;
P0AAJ5	PF13247;PF09163;
P0AAM1	PF01292;
P0AAM3	PF01455;
P0AAM7	PF01455;
P0AAN3	PF02492;
P0AAP3	PF02583;
P0AAR3	PF04073;
P0AAT4	PF00924;PF21082;
P0AAT6	PF02410;
P0AAW9	PF10766;
P0AAX8	PF17969;PF03734;
P0AAZ4	PF00004;PF16193;PF12002;
P0AB06	PF05951;
P0AB38	PF13036;
P0AB58	PF14559;PF13176;PF18073;
P0AB71	PF01116;
P0AB74	PF01116;
P0AB77	PF00155;
P0AB80	PF01063;
P0AB83	PF10576;PF00633;PF00730;
P0AB85	PF02424;
P0AB87	PF00596;
P0AB89	PF08328;PF00206;
P0AB91	PF00793;
P0AB98	PF00119;
P0ABA6	PF00231;
P0ABB0	PF00006;PF00306;PF02874;
P0ABB4	PF00006;PF02874;PF22919;
P0ABB8	PF13246;PF00689;PF00690;PF00122;
P0ABC3	PF01145;
P0ABC7	PF01145;PF12221;
P0ABD3	PF00210;
P0ABD5	PF03255;
P0ABD8	PF00364;PF30639;
P0ABE5	PF01292;
P0ABF1	PF01743;PF12626;PF12627;
P0ABF6	PF00383;PF08211;
P0ABG1	PF01148;
P0ABG4	PF01098;
P0ABG7	PF01098;
P0ABH0	PF14450;PF02491;
P0ABH7	PF00285;
P0ABH9	PF00004;PF07724;PF17871;PF02861;PF10431;
P0ABI4	PF01544;
P0ABI8	PF00115;
P0ABJ1	PF00116;PF06481;
P0ABJ3	PF00510;
P0ABJ6	PF03626;
P0ABJ9	PF01654;
P0ABK2	PF02322;
P0ABK5	PF00291;
P0ABK7	PF07012;
P0ABK9	PF02335;
P0ABL3	PF03892;
P0ABN1	PF01219;
P0ABN5	PF03605;
P0ABN9	PF03605;
P0ABP8	PF01048;
P0ABQ0	PF04127;PF02441;
P0ABQ4	PF00186;
P0ABR9	PF02900;
P0ABS1	PF21157;PF01258;
P0ABS5	PF10410;PF08278;PF08275;PF13155;PF01807;
P0ABS8	PF06440;
P0ABT2	PF00210;
P0ABU0	PF00378;
P0ABU2	PF01926;PF06071;
P0ABU7	PF01618;
P0ABU9	PF01618;
P0ABV2	PF02472;
P0ABV6	PF02472;
P0ABY7	PF05280;
P0ABZ1	PF01706;PF14841;PF14842;
P0ABZ6	PF00639;PF09312;
P0AC00	PF01380;
P0AC02	PF13525;
P0AC13	PF00809;
P0AC16	PF02152;
P0AC19	PF02152;
P0AC23	PF01226;
P0AC30	PF02687;PF18075;
P0AC33	PF05681;PF05683;
P0AC38	PF10415;PF00206;
P0AC41	PF00890;PF02910;
P0AC44	PF01127;
P0AC47	PF13085;PF13237;
P0AC53	PF02781;PF00479;
P0AC55	PF00543;
P0AC69	PF00462;
P0AC75	PF00534;PF04413;
P0AC78	PF00953;
P0AC81	PF00903;
P0AC84	PF16123;PF00753;
P0AC88	PF16363;
P0AC98	PF01184;
P0ACB0	PF00772;PF03796;
P0ACB2	PF00490;
P0ACB4	PF12724;
P0ACC1	PF05175;PF17827;
P0ACC3	PF01521;
P0ACC7	PF25087;PF00132;PF12804;
P0ACD4	PF01592;
P0ACD8	PF27537;PF00374;
P0ACE0	PF27537;PF00374;
P0ACE3	PF05321;
P0ACE7	PF01230;
P0ACF0	PF00216;
P0ACF4	PF00216;
P0ACF8	PF00816;PF22470;
P0ACG1	PF00816;PF22470;
P0ACG8	PF28601;PF01479;
P0ACJ0	PF01037;PF13412;
P0ACJ8	PF00027;PF13545;
P0ACN4	PF09339;PF01614;
P0ACN7	PF00356;PF13377;
P0ACP7	PF00356;PF13377;
P0ACQ4	PF00126;PF03466;
P0ACR9	PF01047;
P0ACS9	PF08361;PF00440;
P0ACV0	PF03279;
P0ACV6	PF00246;
P0ACY3	PF08298;PF06798;
P0ACZ4	PF00196;PF00072;
P0AD14	PF07694;PF13185;PF06580;
P0AD27	PF11893;PF00884;
P0AD49	PF02482;
P0AD57	PF00348;
P0AD59	PF08816;
P0AD61	PF00224;PF02887;
P0AD65	PF03717;PF00905;
P0AD68	PF03717;PF00905;
P0AD70	PF00144;
P0AD99	PF05525;
P0ADA1	PF13472;
P0ADC1	PF04390;
P0ADE4	PF01103;PF07244;PF17243;
P0ADG4	PF00459;
P0ADG7	PF00571;PF00478;
P0ADI4	PF00857;PF00550;
P0ADL1	PF07690;
P0ADN0	PF30376;PF05762;
P0ADN2	PF04219;
P0ADP0	PF00702;
P0ADP2	PF03061;
P0ADR8	PF14793;PF03641;PF11892;
P0ADS2	PF05164;
P0ADV1	PF03968;
P0ADV9	PF06835;
P0ADY1	PF13145;PF13624;
P0ADY3	PF00238;
P0ADY7	PF00252;
P0ADZ0	PF00276;
P0ADZ4	PF00312;
P0AE01	PF00588;PF30410;
P0AE06	PF25944;PF25917;PF25876;PF25967;
P0AE08	PF10417;PF00578;
P0AE12	PF10423;PF01048;
P0AE16	PF07690;
P0AE18	PF00557;
P0AE22	PF03767;
P0AE24	PF00083;
P0AE52	PF00578;
P0AE67	PF00072;
P0AE70	PF02452;
P0AE72	PF04014;
P0AE82	PF16527;PF00672;PF02518;PF00512;
P0AE85	PF07813;
P0AE88	PF00072;PF00486;
P0AEA8	PF10414;PF13241;PF14824;PF00590;
P0AEB2	PF07943;PF00768;
P0AEC3	PF02518;PF00512;PF18415;PF01627;PF00989;PF00072;
P0AEC5	PF00672;PF02518;PF00512;PF01627;PF00072;PF09984;
P0AEC8	PF02518;PF00989;PF17203;PF14689;
P0AED7	PF07687;PF01546;
P0AEE3	PF13180;PF13365;
P0AEE5	PF13407;
P0AEE8	PF02086;
P0AEF0	PF01695;
P0AEG4	PF01323;
P0AEG6	PF10411;PF13098;
P0AEH1	PF17820;PF02163;
P0AEI1	PF04055;PF01938;PF00919;
P0AEJ2	PF30495;
P0AEJ4	PF00672;PF02518;PF00512;
P0AEJ6	PF06751;
P0AEK2	PF13561;
P0AEK4	PF13561;
P0AEK7	PF01292;
P0AEL0	PF01292;
P0AEL8	PF00196;PF00072;
P0AEM6	PF04542;PF04539;PF04545;
P0AEM9	PF00497;
P0AEN1	PF00970;PF00175;
P0AEN4	PF04999;
P0AEN8	PF05025;
P0AEP3	PF00483;
P0AEP7	PF02775;PF00205;PF02776;
P0AEP9	PF02913;PF01565;
P0AER0	PF00230;
P0AES0	PF05257;PF03738;
P0AES2	PF13378;
P0AES4	PF03989;PF00521;
P0AES6	PF00204;PF00986;PF21249;PF18053;PF02518;PF01751;
P0AES9	PF06411;
P0AET2	PF06411;
P0AET8	PF13561;
P0AEU7	PF03938;
P0AEV1	PF00072;
P0AEW6	PF00294;
P0AEW9	PF00294;
P0AEX7	PF02653;
P0AEX9	PF01547;
P0AEY3	PF03819;
P0AEY5	PF02525;
P0AEY8	PF07690;
P0AEZ1	PF02219;
P0AEZ3	PF01656;
P0AF06	PF13677;PF00691;
P0AF12	PF01048;
P0AF16	PF03023;
P0AF18	PF01979;
P0AF24	PF13344;PF13242;
P0AF28	PF00196;PF00072;
P0AF32	PF02665;
P0AF36	PF06005;
P0AF52	PF00860;
P0AF61	PF11080;
P0AF67	PF02367;
P0AF90	PF06877;
P0AF93	PF01042;
P0AFA2	PF00672;PF02518;PF07730;PF13675;
P0AFA7	PF06450;
P0AFB1	PF13432;
P0AFB5	PF02518;PF00512;PF00989;
P0AFB8	PF25601;PF02954;PF00072;PF00158;
P0AFC0	PF00293;
P0AFC3	PF00507;
P0AFC7	PF01058;
P0AFD1	PF01257;
P0AFD4	PF00146;
P0AFD6	PF12838;
P0AFE0	PF00499;
P0AFE4	PF00420;
P0AFE8	PF00361;
P0AFF0	PF00361;
P0AFF2	PF07670;PF07662;PF01773;
P0AFF4	PF03825;
P0AFF6	PF14520;PF13184;PF26594;PF08529;PF00575;
P0AFG0	PF00467;PF02357;
P0AFG3	PF16078;PF00676;PF16870;PF02779;
P0AFG6	PF00198;PF00364;PF02817;
P0AFG8	PF17831;PF28598;PF22613;PF00456;
P0AFI0	PF02775;PF00205;PF02776;
P0AFI2	PF03989;PF00521;
P0AFI7	PF10590;PF01243;
P0AFJ7	PF01384;
P0AFL3	PF00160;
P0AFL6	PF02541;PF21447;
P0AFM2	PF04069;
P0AFM6	PF04012;
P0AFP6	PF01784;
P0AFQ5	PF01042;
P0AFR2	PF01740;PF00916;
P0AFS3	PF13561;
P0AFS9	PF19425;PF01476;PF08525;PF01551;
P0AFT2	PF00528;
P0AFU0	PF00528;
P0AFU4	PF25601;PF00072;PF00158;
P0AFV4	PF00877;
P0AFW0	PF02357;
P0AFW2	PF04957;
P0AFX0	PF02482;
P0AFX7	PF03873;PF03872;
P0AFX9	PF03888;PF17188;
P0AFY6	PF05992;
P0AFY8	PF03925;PF17206;
P0AFZ3	PF04386;
P0AFZ5	PF03846;
P0AG07	PF00834;
P0AG11	PF00717;
P0AG16	PF13537;PF00156;
P0AG18	PF00731;
P0AG24	PF13291;PF13328;PF19296;PF28438;PF04607;PF02824;
P0AG30	PF00006;PF07498;PF07497;
P0AG55	PF00347;
P0AG59	PF00253;
P0AG63	PF00366;
P0AG67	PF00575;
P0AG74	PF05866;
P0AG80	PF13416;
P0AG86	PF02556;
P0AG90	PF07549;PF13721;PF21760;PF02355;PF22599;
P0AG93	PF07549;PF02355;
P0AG96	PF00584;
P0AG99	PF03840;
P0AGA2	PF00344;
P0AGB0	PF18429;PF12710;
P0AGB3	PF04542;PF04545;
P0AGB6	PF04542;PF08281;
P0AGC0	PF07690;
P0AGC3	PF01464;PF14718;PF27553;
P0AGD1	PF00080;
P0AGD3	PF02777;PF00081;
P0AGD7	PF00448;PF02881;PF02978;
P0AGE0	PF00436;
P0AGE4	PF00375;
P0AGE6	PF03358;
P0AGE9	PF02629;PF00549;
P0AGF2	PF02657;
P0AGF4	PF00083;
P0AGF6	PF00291;
P0AGG0	PF00586;PF02769;
P0AGG2	PF13622;PF02551;
P0AGI1	PF02653;
P0AGJ7	PF00588;
P0AGJ9	PF22421;PF00579;
P0AGK1	PF01040;
P0AGM7	PF00860;
P0C018	PF00861;
P0C037	PF06865;
P0C054	PF00011;
P0C058	PF00011;
P0C077	PF05016;
P0C079	PF04221;
P0C093	PF22276;PF00440;
P0C0K3	PF01636;
P0C0L2	PF02566;
P0C0L7	PF08946;PF00083;
P0C0R7	PF01728;
P0C0S1	PF21088;PF05552;PF00924;PF21082;
P0C0T5	PF03411;
P0C0V0	PF00595;PF13365;
P0CE47	PF00009;PF03144;PF03143;
P0CE48	PF00009;PF03144;PF03143;
P0CG19	PF01138;PF03725;
P0DM85	PF00350;
P0DMC5	PF02518;PF00512;PF09456;PF00072;
P0DMC7	PF00196;PF00072;
P0DTT0	PF21018;PF00679;PF00009;PF03144;
P0DTV7	
P10121	PF00448;PF02881;
P10378	PF00501;PF13193;
P10408	PF21090;PF02810;PF07517;PF01043;PF07516;
P10443	PF07733;PF17657;PF20914;PF14579;PF02811;PF01336;
P10902	PF00890;PF02910;
P10903	PF07690;
P10905	PF00528;
P10906	PF00528;
P10907	PF00005;PF17912;
P10908	PF03009;
P11071	PF06315;PF20423;
P11349	PF13247;PF14711;
P11350	PF02665;
P11454	PF00501;PF00668;PF00550;PF00975;
P11458	PF02445;
P11551	PF07690;
P11553	PF02782;PF00370;
P11557	PF05036;
P11667	PF01810;
P11880	PF01225;PF02875;PF08245;
P12008	PF01264;
P12281	PF00994;PF03454;PF03453;
P12282	PF00899;
P12295	PF03167;
P12758	PF01048;
P12995	PF00202;
P12996	PF06968;PF04055;
P12998	PF00155;
P13000	PF13500;
P13001	PF00561;
P13009	PF02310;PF02607;PF02965;PF00809;PF02574;
P13029	PF00141;
P13035	PF01266;PF16901;
P13036	PF07715;PF07660;PF00593;
P13039	PF11806;PF00756;
P13445	PF00140;PF04542;PF04539;PF04545;
P13458	PF13476;PF13558;
P13482	PF01204;
P13518	PF00563;PF17157;PF00990;
P13738	PF06965;
P14081	PF25461;PF00009;PF03144;PF21458;PF09106;PF21214;PF09107;
P14175	PF00005;PF00571;
P14176	PF00528;
P14294	PF01131;PF01751;
P14375	PF25601;PF02954;PF00072;PF00158;
P14377	PF02518;PF00512;
P14407	PF05681;PF05683;
P14900	PF02875;PF08245;PF21799;
P15005	PF07728;PF28529;PF12102;
P15028	PF01497;
P15029	PF01032;
P15030	PF01032;
P15034	PF05195;PF00557;
P15042	PF00533;PF01653;PF03119;PF12826;PF14520;PF22745;PF03120;
P15043	PF00270;PF00271;PF00570;PF16124;PF09382;
P15047	PF13561;
P15067	PF00128;PF02922;PF18390;
P15254	PF02769;PF18072;PF18076;PF22689;PF13507;
P15288	PF07687;PF01546;
P15373	PF15937;
P15640	PF01071;PF02843;PF02844;
P15723	PF01966;
P15770	PF18317;PF01488;PF08501;
P15877	PF01011;
P15993	PF00324;
P16384	PF01715;
P16456	PF00586;PF02769;
P16528	PF09339;PF01614;
P16659	PF03129;PF00587;PF04073;
P16686	PF05845;
P16687	PF05861;
P16688	PF06007;
P16692	PF12706;
P16703	PF00291;
P16869	PF07715;PF00593;
P16926	PF04085;
P17109	PF02775;PF16582;PF02776;
P17115	PF00571;PF01380;
P17117	PF00881;PF28600;
P17169	PF13537;PF01380;
P17411	PF02056;PF11975;
P17443	PF04101;PF03033;
P17444	PF05199;PF00732;
P17445	PF00171;
P17846	PF01077;PF03460;
P17854	PF01507;
P17888	PF00270;PF00271;PF17764;PF18074;PF21213;PF18319;
P17952	PF01225;PF02875;PF08245;
P17993	PF13489;
P18196	PF03775;PF05209;
P18200	PF04608;
P18335	PF00202;
P18775	PF04879;PF00384;PF01568;
P18776	PF13247;PF12797;
P18843	PF02540;
P18956	PF01019;
P19318	PF13247;PF14711;
P19319	PF00384;PF01568;PF28599;PF14710;
P19624	PF04166;
P19636	PF05985;
P19925	PF17837;PF01648;
P19926	PF00328;
P19934	PF06519;
P20083	PF00204;PF00986;PF02518;PF01751;
P20966	PF25554;PF02378;PF02302;
P21151	PF02803;PF00108;
P21156	PF01507;
P21165	PF21216;PF00557;
P21170	PF17810;PF17944;PF02784;
P21177	PF00725;PF02737;PF00378;
P21179	PF00199;PF06628;PF18011;
P21338	PF00445;
P21345	PF00375;
P21437	PF03320;
P21499	PF17876;PF08206;PF00773;PF00575;PF08461;
P21507	PF00270;PF00271;
P21513	PF12111;PF10150;PF20833;PF00575;
P21514	PF00563;PF00196;
P21599	PF00224;PF02887;
P21645	PF00132;PF04613;
P21693	PF03880;PF00270;PF00271;
P21829	PF08282;
P21865	PF13493;PF13492;PF02518;PF00512;PF02702;
P21888	PF23493;PF09190;PF01406;
P22106	PF00733;PF13522;
P22188	PF01225;PF02875;PF08245;
P22255	PF00459;
P22256	PF00202;
P22259	PF01293;
P22333	PF00962;
P22523	PF04310;PF30340;PF16330;PF13558;
P22525	PF01471;PF20142;PF03734;
P22634	PF01177;
P22729	PF02653;PF11862;
P22731	PF00005;
P23003	PF05958;
P23256	PF00155;
P23367	PF01119;PF13589;PF08676;
P23522	PF03328;
P23538	PF00391;PF02896;PF01326;
P23721	PF00266;
P23827	PF03974;
P23830	PF13091;
P23836	PF00072;PF00486;
P23837	PF26769;PF02518;PF08918;
P23843	PF00496;
P23845	PF22594;PF00009;
P23847	PF00496;
P23857	PF00581;
P23862	PF07445;
P23865	PF11818;PF00595;PF03572;PF17804;
P23872	PF07859;
P23873	PF01381;
P23874	PF13657;PF07804;
P23882	PF02911;PF00551;
P23883	PF00171;
P23886	PF00664;PF00005;
P23890	PF29986;PF18500;PF00486;
P23893	PF00202;
P23894	PF01435;
P23895	PF00893;
P23908	PF07687;PF01546;
P23909	PF27441;PF01624;PF05188;PF05192;PF05190;PF00488;
P23930	PF00795;PF20154;
P24171	PF01432;
P24173	PF01075;
P24177	PF00873;
P24182	PF02785;PF00289;PF02786;
P24183	PF04879;PF00384;PF01568;
P24186	PF00763;PF02882;
P24188	PF00581;PF12368;PF17773;
P24192	PF01924;
P24193	PF00586;PF02769;
P24203	PF02492;PF07683;
P24205	PF03279;
P24207	PF00324;
P24215	PF03786;
P24224	PF01648;
P24228	PF02113;
P24230	PF00270;PF00271;PF19833;PF17191;
P24232	PF00970;PF00042;PF00175;
P24554	PF13481;PF13541;PF18073;
P25397	PF03848;
P25437	PF08240;PF00107;
P25516	PF00330;PF00694;
P25519	PF16360;PF13167;PF19275;PF01926;
P25522	PF01926;PF12631;PF10396;
P25524	PF07969;
P25526	PF00171;
P25527	PF00324;
P25534	PF01494;
P25535	PF01494;
P25536	PF02545;
P25539	PF00383;PF01872;
P25552	PF02541;PF21447;
P25553	PF00171;
P25665	PF08267;PF01717;
P25714	PF02096;PF14849;
P25718	PF00128;PF30434;
P25737	PF00324;
P25740	PF13439;PF00534;
P25745	PF03054;PF20258;PF20259;
P25888	PF00270;PF00271;
P25889	PF01180;PF14697;
P25894	PF01435;
P26458	PF02322;
P26459	PF01654;
P26602	PF04345;
P26616	PF00390;PF03949;
P26648	PF07731;PF07732;
P27125	PF06379;
P27128	PF01501;PF08437;
P27243	PF04932;
P27249	PF01842;PF27444;PF27446;PF08335;PF01966;PF01909;
P27250	PF08240;PF00107;
P27278	PF13521;PF01381;
P27296	PF00270;PF06733;PF13307;
P27302	PF02779;PF22613;PF00456;
P27303	PF25963;PF25885;
P27306	PF07992;PF02852;
P27431	PF08007;PF20514;
P27434	PF13413;PF13464;
P27550	PF16177;PF00501;PF13193;
P27828	PF02350;
P27829	PF00984;PF03720;PF03721;
P27830	PF16363;
P27833	PF01041;
P27837	PF00324;
P27838	PF01491;
P27848	PF08282;
P27859	PF01026;
P28246	PF07690;
P28248	PF22769;
P28305	PF01063;
P28306	PF02618;
P28629	PF01276;PF03711;PF03709;
P28630	PF14840;PF06144;
P28631	PF13177;PF09115;PF21500;
P28632	PF03603;
P28861	PF00970;PF00175;
P28903	PF03477;PF13597;
P28905	PF04364;
P29018	PF00664;PF00005;
P29131	PF05036;
P29745	PF07687;PF01546;
P30011	PF01729;PF02749;
P30014	PF00929;
P30015	PF00270;PF08494;PF00271;PF23236;PF23235;PF23234;PF19306;
P30125	PF00180;
P30131	PF00708;PF17788;PF22521;PF01300;PF07503;
P30138	PF00899;
P30139	PF05690;
P30140	PF06968;PF04055;
P30147	PF01261;
P30176	PF08719;
P30177	PF02885;
P30178	PF02615;
P30745	PF06463;PF04055;
P30748	PF02597;
P30749	PF02391;
P30750	PF00005;PF09383;
P30844	PF02518;PF00512;
P30847	PF29282;PF00672;PF02518;PF00512;
P30850	PF08206;PF00773;PF00575;
P30855	PF02518;PF00512;PF01627;PF00072;PF00497;
P30863	PF00248;
P30870	PF08335;PF03710;
P30958	PF02559;PF00270;PF00271;PF21132;PF03461;PF17757;
P31057	PF02548;
P31069	PF07885;PF02254;
P31119	PF01553;PF00501;
P31120	PF02878;PF02879;PF02880;PF00408;
P31129	PF13682;PF00990;
P31133	PF13416;
P31134	PF00005;PF08402;
P31135	PF00528;
P31142	PF00581;
P31224	PF00873;
P31460	PF07729;PF00392;
P31466	PF00860;
P31473	PF17868;PF12592;PF20030;PF20265;
P31545	PF20628;PF04261;
P31547	PF00528;
P31550	PF01547;
P31551	PF00378;
P31552	PF00501;PF13193;
P31553	PF02028;
P31554	PF04453;PF03968;
P31572	PF02515;
P31658	
P31660	PF00285;
P31663	PF02569;
P31667	PF27070;PF04754;
P31677	PF00982;
P31678	PF02358;
P31806	PF01256;PF03853;
P31979	PF01512;PF10589;
P31992	PF01361;
P32055	PF01370;
P32056	PF00293;
P32099	PF10437;PF21948;
P32131	PF06969;PF04055;
P32138	PF13802;PF01055;PF21365;
P32140	PF07221;
P32143	PF00294;
P32156	PF05336;
P32157	PF03473;PF03475;
P32169	PF00596;
P32170	PF06134;
P32171	PF02782;PF00370;
P32173	PF12804;
P32176	PF04879;PF00384;PF01568;
P32177	PF02634;
P32662	PF00702;
P32664	PF00293;PF09297;
P32684	PF00849;PF01479;
P32695	PF01207;
P32705	PF00474;
P32717	PF14864;PF14863;PF00753;
P32719	PF00834;
P33013	PF07943;PF00768;
P33015	PF04143;
P33018	PF00756;
P33022	PF01156;
P33025	PF04227;
P33195	PF21478;PF02347;
P33219	PF13995;
P33221	PF02222;PF21244;PF22660;
P33224	PF00441;PF02770;PF18158;
P33225	PF00384;PF18364;PF01568;
P33226	PF03264;PF29414;
P33231	PF02652;
P33232	PF01070;
P33234	PF30441;PF12833;
P33371	PF01207;
P33570	PF02779;PF22613;PF00456;
P33599	PF00329;PF00346;
P33602	PF13510;PF22117;PF04879;PF00384;PF01568;PF10588;
P33607	PF00361;PF00662;
P33643	PF00849;PF01479;
P33644	PF02578;
P33647	PF02452;
P33650	PF07664;PF17910;PF02421;PF07670;
P33667	PF26341;
P33913	PF00496;
P33916	PF00005;PF08352;
P33919	PF00271;PF29401;PF29404;PF04851;
P33937	PF04879;PF00384;PF01568;
P35340	PF07992;PF13192;
P36548	PF01520;
P36553	PF01218;
P36566	PF13847;
P36649	PF00394;PF07731;PF07732;
P36655	PF30370;PF11412;PF02683;PF13098;
P36675	PF03889;
P36680	PF07072;
P36683	PF00330;PF06434;PF11791;
P36837	PF00854;
P36929	PF01189;PF01029;PF22458;
P36937	PF09604;
P36979	PF04055;PF21016;
P37001	PF07017;
P37002	PF02537;
P37013	PF25601;PF01590;PF00158;
P37019	PF00654;
P37025	PF13563;
P37028	PF01497;
P37051	PF01842;PF00551;
P37095	PF12404;PF00883;
P37128	PF00293;PF27456;
P37177	PF01590;PF05524;PF00391;PF02896;
P37188	PF02302;
P37197	PF03150;PF00034;PF14376;
P37306	PF00696;
P37313	PF00005;PF08352;
P37329	PF13531;
P37330	PF20659;PF20656;PF01274;PF20658;
P37340	PF01554;
P37344	PF25601;PF02954;PF00158;
P37349	PF03610;PF05524;PF00391;PF00381;
P37351	PF02502;
P37353	PF00501;PF13193;
P37595	PF01112;
P37597	PF07690;
P37610	PF02668;
P37613	PF12568;
P37617	PF00122;PF00403;PF00702;
P37624	PF12698;PF00005;
P37634	PF04378;
P37637	PF00873;
P37653	PF30416;PF00535;PF07238;
P37666	PF00389;PF02826;
P37672	PF02615;
P37677	PF02782;PF00370;
P37685	PF00171;
P37686	PF25137;PF00465;
P37689	PF06415;PF01676;
P37690	PF01551;
P37744	PF00483;
P37745	PF00908;
P37747	PF03275;PF13450;
P37758	PF07690;
P37769	PF00106;
P37773	PF01225;PF02875;PF08245;
P37774	PF00005;
P37794	PF04794;
P37902	PF00497;
P38036	PF22590;PF30455;PF18019;PF00270;
P38038	PF00667;PF00258;PF00175;
P38051	PF30495;
P38054	PF00873;
P38097	PF00563;PF00990;PF05231;PF08447;PF08448;PF13426;
P38135	PF00501;PF13193;
P38393	PF27398;
P38489	PF00881;
P38506	PF01367;PF02739;
P39099	PF00595;PF13365;
P39172	PF01297;
P39176	PF17969;PF03734;
P39177	PF00582;
P39180	PF18883;PF16168;PF03797;PF13018;
P39276	PF00854;
P39277	PF13520;
P39286	PF03193;
P39301	PF03611;
P39304	PF00215;
P39315	PF05368;
P39321	PF04357;PF27051;
P39325	PF13407;
P39344	PF02447;
P39353	PF01408;PF02894;
P39371	PF24996;
P39377	PF01979;
P39386	PF07690;
P39396	PF02554;
P39400	PF08240;PF00107;
P39405	PF06276;PF11575;
P39406	PF05175;PF08468;
P39411	PF01931;
P39414	PF00939;
P39453	PF00672;PF02518;PF00512;PF01627;PF00072;PF21689;
P39831	PF00106;
P39838	PF02518;PF01627;PF16359;PF30417;PF30408;
P40191	PF08543;
P40710	PF04170;PF17185;
P40711	PF00472;
P40874	PF01266;
P41036	PF07690;
P41052	PF13406;
P41407	PF02525;
P41409	PF01156;
P42588	PF00202;
P42593	PF00724;PF07992;
P42601	PF03741;
P42620	PF13410;PF13409;
P42632	PF01228;PF02901;
P42641	PF01018;PF01926;
P43341	PF00149;
P43671	PF02470;
P43672	PF00005;PF16326;PF12848;
P45395	PF00571;PF01380;
P45424	PF04074;
P45425	PF00480;
P45464	PF04348;
P45470	PF01965;
P45475	PF01136;
P45508	PF18883;PF03797;PF02415;PF12951;
P45527	PF01136;
P45541	PF01261;
P45562	PF03825;
P45563	PF01048;
P45568	PF08436;PF02670;PF13288;
P45577	PF04352;PF17516;
P45748	PF01300;
P45955	PF16331;PF13174;
P45956	PF09707;
P46022	PF00912;
P46136	PF00892;
P46139	PF17152;PF00990;
P46849	PF01137;PF05189;
P46850	PF01139;
P46883	PF01179;PF07833;PF02727;PF02728;
P46889	PF13491;PF17854;PF09397;PF01580;
P46891	PF08282;
P50456	PF00480;
P50457	PF00202;
P50465	PF01149;PF06831;PF06827;
P52006	PF00293;
P52061	PF01725;
P52073	PF01565;
P52074	PF02754;PF13183;
P52101	PF00672;PF02518;PF00512;
P52106	PF00196;
P52126	PF30423;PF30422;PF00270;PF00271;
P52129	PF19034;PF15935;PF19417;
P52643	PF00389;PF02826;
P54745	PF00359;PF02378;PF02302;
P55135	PF01938;PF05958;
P55734	PF00581;PF11127;
P56100	PF08173;
P56580	PF07663;PF03612;
P56976	PF24673;
P60061	PF13520;
P60240	PF00271;PF12137;PF00176;PF18339;PF18337;
P60340	PF09157;PF16198;PF01509;
P60422	PF03947;PF00181;
P60438	PF00297;
P60472	PF01255;
P60560	PF00478;
P60584	PF00441;PF02770;PF02771;
P60595	PF00117;
P60624	PF00467;PF17136;
P60651	PF00491;
P60664	PF00977;
P60716	PF16881;PF04055;
P60720	PF21948;
P60723	PF00573;
P60752	PF00664;PF00005;
P60785	PF00679;PF00009;PF03144;PF06421;
P60844	PF00230;
P60955	PF01790;
P61175	PF00237;
P61316	PF03548;
P61320	PF03550;
P61887	PF00483;
P61889	PF02866;PF00056;
P62395	PF06558;
P62399	PF00281;PF00673;
P62617	PF02542;
P62620	PF04551;PF26540;
P62623	PF02401;
P62707	PF00300;
P63020	PF01521;PF01106;
P63183	PF02705;PF22776;
P63224	PF13580;
P63228	PF13242;
P63235	PF13520;
P63284	PF00004;PF07724;PF17871;PF02861;PF10431;
P63386	PF00005;
P63389	PF00005;PF12848;
P63883	PF01520;PF11741;
P64423	PF01544;
P64461	PF03992;
P64467	PF05321;
P64483	PF04073;
P64512	PF13998;
P64524	PF06755;
P64534	PF11776;
P64588	PF03551;PF29284;
P64594	PF11663;
P64596	PF04972;
P64602	PF13466;
P64604	PF02470;
P64606	PF02405;
P64612	PF03969;
P64636	PF00702;
P65870	PF01242;
P66817	PF13580;
P66899	PF00291;
P66948	PF01435;PF14559;
P67095	PF12850;
P67430	PF16925;PF00440;
P67444	PF00860;
P67603	
P67910	PF01370;
P68183	PF00528;
P68187	PF00005;PF08402;
P68191	PF08136;
P68398	PF00383;
P68688	PF00462;
P68699	PF00137;
P68739	PF04493;
P68767	PF00883;PF02789;
P68919	PF01386;
P69054	PF01127;
P69210	PF00893;
P69212	PF00893;
P69228	PF00072;PF00486;
P69346	PF02604;
P69348	PF06769;
P69380	PF01545;PF16916;
P69411	PF16358;
P69423	PF00902;
P69425	PF02416;
P69428	PF02416;
P69441	PF00406;PF05191;
P69451	PF00501;PF13193;
P69490	PF03100;
P69681	PF00909;
P69739	PF14720;PF01058;
P69741	PF14720;PF01058;
P69776	PF04728;
P69783	PF00358;
P69786	PF00367;PF02378;
P69791	PF02255;
P69795	PF02302;
P69797	PF03610;PF03830;
P69801	PF03609;
P69805	PF03613;
P69831	PF03611;
P69853	PF02613;
P69856	PF06178;
P69874	PF00005;PF08402;
P69902	PF02515;
P69908	PF00282;
P69910	PF00282;
P69913	PF02599;
P69922	PF02952;PF07881;PF07882;
P69924	PF00268;
P69931	PF00308;PF22688;
P75682	PF00701;
P75691	PF08240;PF00107;
P75792	PF08282;
P75804	PF07995;
P75809	PF08282;
P75820	PF01510;
P75825	PF03063;
P75830	PF25944;PF25917;PF25876;PF25967;
P75831	PF00005;PF02687;PF12704;
P75862	PF07126;PF21083;
P75863	PF00111;PF03473;PF03476;
P75864	PF10672;PF22020;PF02926;PF01170;
P75876	PF10672;PF17785;
P75892	PF00860;
P75898	PF00296;
P75906	PF14883;PF01522;
P75908	PF00990;PF17158;
P75913	PF02826;
P75914	PF02811;
P75949	PF00933;
P75957	PF00005;
P75959	PF00480;
P75960	PF02146;
P75990	PF04940;PF00563;
P76008	PF02016;PF17676;
P76010	PF07238;PF07317;
P76014	PF02734;
P76015	PF02733;
P76037	PF00324;
P76038	PF07722;
P76045	PF09381;
P76055	PF01171;
P76077	PF05138;
P76081	PF00970;PF00111;PF00175;
P76082	PF00378;
P76084	PF03061;
P76104	PF12392;PF01136;
P76108	PF01547;
P76113	PF16884;PF00107;
P76129	PF00563;PF00990;PF13426;
P76141	PF04198;
P76149	PF00171;
P76194	PF02657;
P76216	PF04996;
P76217	PF00171;
P76236	PF00990;PF17158;
P76251	PF00180;
P76256	PF00814;
P76257	PF00270;PF06733;PF13307;
P76264	PF02659;
P76272	PF02470;
P76273	PF01189;PF17125;PF13636;PF21150;
P76278	PF05425;PF28674;
P76316	PF00291;
P76318	PF02586;
P76330	PF17151;PF30448;PF00990;
P76334	PF28000;
P76339	PF02518;PF00512;
P76341	PF00576;
P76342	PF00174;
P76343	PF01794;
P76344	PF09223;
P76346	PF06167;
P76364	PF06154;
P76387	PF13614;PF13807;PF23607;PF02706;
P76399	PF00873;
P76407	PF00781;PF19279;
P76422	PF08543;
P76440	PF14691;PF07992;
P76445	PF01569;
P76458	PF01144;
P76459	PF01144;
P76469	PF03328;
P76474	
P76491	PF12917;
P76503	PF02803;PF00108;
P76535	PF20741;PF22645;
P76541	PF00936;
P76558	PF00390;PF03949;PF01515;
P76562	PF13718;PF05127;PF08351;PF17176;
P76576	PF09976;
P76577	PF06832;PF30382;PF30384;PF00912;PF00905;
P76594	PF00583;PF13549;PF13380;PF13607;
P76621	PF08943;
P76632	PF09485;
P76658	PF01467;PF00294;
P77044	PF00561;
P77150	PF08543;
P77165	PF00111;PF01799;
P77172	PF00563;PF05231;
P77173	PF04354;
P77182	PF01266;PF05430;
P77202	PF10411;PF13098;
P77211	PF02321;
P77212	PF07992;PF02852;
P77214	PF11604;
P77215	PF13378;PF02746;
P77218	PF01515;
P77239	PF25869;PF25954;PF25919;PF19335;
P77243	PF19305;PF03972;
P77247	PF00702;
P77256	PF00248;
P77258	PF00724;
P77302	PF00990;PF08448;
P77319	PF00012;
P77324	PF00941;
P77335	PF06109;
P77348	PF00496;
P77364	PF02595;
P77366	PF00702;
P77395	PF00085;PF14559;PF14561;
P77398	PF01370;PF02911;PF00551;
P77399	PF00725;PF02737;PF00378;
P77425	PF01546;
P77434	PF00155;
P77444	PF00266;
P77454	PF04960;
P77455	PF00171;PF01575;
P77485	PF21085;PF00672;PF02518;PF00512;
P77488	PF13292;PF02779;PF02780;
P77489	PF01315;PF02738;PF20256;
P77493	PF00294;
P77499	PF00005;
P77510	PF02518;PF00989;PF17203;
P77526	PF00043;PF02798;
P77529	PF00375;
P77541	PF13714;
P77555	PF02615;
P77567	PF00797;
P77581	PF00202;
P77589	PF07690;
P77625	PF00702;
P77649	PF02696;
P77667	PF01521;
P77671	PF01979;
P77674	PF00171;
P77712	PF13279;
P77718	PF02568;PF22025;PF02926;
P77748	PF02913;PF01565;
P77754	PF07813;
P77766	PF02811;
P77774	PF13360;
P77781	PF03061;
P77788	PF00293;
P77791	PF00132;PF14602;PF12464;
P77806	PF00155;
P78055	PF00923;
P78061	PF00120;
P80645	PF00296;
P80668	PF00171;
Q06065	PF25601;PF02954;PF00072;PF00158;
Q06067	PF30420;PF02518;PF00512;PF00989;
Q46806	PF01979;
Q46810	PF12804;
Q46821	PF00860;
Q46822	PF00293;
Q46839	PF02652;
Q46845	PF13410;PF13409;
Q46851	PF00248;
Q46856	PF25137;PF00465;
Q46857	PF00248;
Q46864	PF15731;
Q46865	PF15723;
Q46868	PF04380;
Q46871	PF08021;PF04954;
Q46877	PF00258;PF19583;PF00301;
Q46893	PF01128;
Q46896	PF01867;
Q46897	PF08798;
Q46898	PF09704;
Q46899	PF09344;
Q46901	PF09481;
Q46920	PF14489;PF14819;
Q46925	PF00266;
Q46927	PF00899;
Q46938	PF04962;
Q46948	PF01965;
Q47146	PF09317;PF00441;PF02770;PF02771;
Q47149	PF15738;
Q47150	PF04221;
Q47152	
Q47155	PF00817;PF11799;PF21999;
Q47208	PF02629;PF27530;PF00549;
Q47319	PF03942;
Q47377	PF00892;
Q57261	PF01142;
Q59385	PF00122;PF00403;PF00702;
Q6BF16	PF01081;
Q6BF17	PF13378;PF02746;
Q93K97	PF00293;
A5A627	PF13939;
P00547	PF08544;PF00288;
P00816	PF02560;PF21291;
P00887	PF00793;
P00888	PF00793;
P00895	PF00425;
P00909	PF00218;PF00697;
P00934	PF00291;PF14821;
P00944	PF27526;
P00954	PF00579;
P00961	PF05746;PF02092;
P02413	PF00828;PF29471;
P02924	PF00532;
P02932	PF00267;
P03024	PF00356;PF13377;
P03817	PF00258;
P04335	PF06500;
P04816	PF13458;
P04951	PF02348;
P05100	PF03352;
P05459	PF00389;PF02826;PF11890;
P05706	PF03829;
P05707	PF00106;
P05719	PF01420;
P05847	PF05681;
P06720	PF02056;PF11975;
P06864	PF02929;PF00703;PF02836;PF02837;PF16353;
P06960	PF00185;PF02729;
P06986	PF00155;
P06987	PF13242;PF00475;
P06989	PF01502;PF01503;
P07018	PF00672;PF00015;PF02203;
P07023	PF01817;PF20463;PF02153;
P07109	PF00005;
P07364	PF01739;PF03705;
P07650	PF02885;PF00591;PF07831;
P07762	PF00128;PF02806;PF02922;PF22019;
P07813	PF08264;PF00133;PF13603;PF09334;
P08142	PF02775;PF00205;PF02776;
P08178	PF00586;PF02769;
P08189	PF00419;
P08190	
P08194	PF07690;
P08204	PF02782;
P08331	PF02872;PF00149;
P08365	PF04014;
P08368	PF00072;PF00486;
P08401	PF00672;PF02518;PF00512;
P08722	PF00358;PF00367;PF02378;
P08957	PF30447;PF12161;PF02384;
P09053	PF00155;
P09151	PF22617;PF00682;PF08502;
P09184	PF03852;
P09378	PF02311;PF12833;
P09549	PF05036;
P09551	PF00497;
P09833	PF00005;PF03459;
P09836	PF07690;
P0A6A6	PF00330;
P0A6C5	PF00696;PF00583;
P0A6E9	PF13500;
P0A6I3	PF00485;
P0A6I9	PF01121;
P0A6J8	PF07478;PF01820;
P0A6L9	PF07743;
P0A6S3	PF02119;
P0A6T9	PF01597;
P0A6U8	PF08323;PF00534;
P0A6V8	PF02685;
P0A6W9	PF04262;
P0A6Z1	PF00012;
P0A734	PF03776;
P0A752	PF01467;
P0A756	PF02525;
P0A766	PF02508;
P0A780	PF01029;
P0A7A5	PF01135;
P0A7D7	PF01259;
P0A7F3	PF01948;PF02748;
P0A7H3	PF02565;PF11967;
P0A7I0	PF03462;PF00472;
P0A7N1	PF01197;
P0A7Q1	PF01632;
P0A7Q6	PF00444;
P0A7Y8	PF00825;
P0A805	PF01765;
P0A843	PF02416;
P0A877	PF00290;
P0A881	PF01371;
P0A8A4	PF03618;
P0A8A8	PF17384;PF02576;
P0A8F4	PF00485;
P0A8H8	PF03884;
P0A8P1	PF03588;PF30046;
P0A8Q6	PF02617;
P0A8U6	PF01340;
P0A8W2	PF01047;
P0A8Z3	PF03061;
P0A908	PF06629;
P0A927	PF03502;
P0A996	PF02754;PF13183;
P0A9C3	PF01263;
P0A9D4	PF00132;PF06426;
P0A9E2	PF12833;
P0A9F1	PF02742;PF01325;
P0A9F3	PF00126;PF03466;
P0A9H1	PF03167;
P0A9I1	PF03328;
P0A9I5	PF03927;
P0A9L5	PF13616;
P0A9L8	PF03807;PF14748;
P0A9P9	PF00106;
P0A9R4	PF00111;
P0A9S3	PF08240;PF00107;
P0A9U1	PF00005;
P0A9U3	PF00005;PF12848;
P0A9W0	PF00455;PF08220;
P0A9W6	PF01722;
P0A9X1	PF00005;
P0AA39	PF00849;PF01479;
P0AA53	PF01145;
P0AA57	PF04234;
P0AA60	PF09335;
P0AA63	PF09335;
P0AA67	PF00892;
P0AA80	PF07690;
P0AA86	PF08534;
P0AAA7	PF01943;
P0AAC0	PF00582;
P0AAD2	PF03222;
P0AAD4	PF03222;
P0AAF3	PF00005;
P0AAF6	PF00005;
P0AAG5	PF00664;PF00005;
P0AAG8	PF00005;
P0AAH8	PF00005;
P0AAI9	PF00698;
P0AAJ8	PF13247;
P0AAK1	PF13247;
P0AAL0	PF12838;
P0AAL3	PF12800;PF12838;
P0AAN9	PF10796;
P0AAP1	PF00990;PF05230;
P0AAS3	PF01957;
P0AAS5	PF11392;
P0AB01	PF02698;
P0AB10	PF03886;
P0AB18	PF04358;
P0AB24	PF13473;PF09375;
P0AB40	PF07338;
P0AB65	PF00708;
P0AB67	PF02233;
P0ABA0	PF00430;
P0ABA4	PF00213;
P0ABC9	PF02028;
P0ABE9	PF00484;
P0ABF4	PF00936;
P0ABF8	PF01066;
P0ABL1	PF22678;
P0ABM1	PF27518;
P0ABP3	PF03606;
P0ABQ2	PF14833;PF03446;
P0ABR5	PF00355;PF00848;
P0ABR7	PF00355;PF00848;
P0ABT5	PF01207;
P0ABT8	PF00892;
P0ABU5	
P0ABW0	PF00355;
P0ABZ4	PF08282;
P0AC28	PF01812;
P0AC51	PF01475;
P0AC62	PF00462;
P0AC86	PF00343;
P0AC94	PF02447;
P0ACA3	PF00043;PF02798;
P0ACA7	PF00043;PF02798;
P0ACG4	PF01848;
P0ACH5	PF12833;
P0ACI6	PF01037;PF13412;
P0ACL5	PF07729;PF00392;
P0ACL7	PF07729;PF00392;
P0ACP1	PF00356;PF00532;
P0ACQ0	PF00356;PF13377;
P0ACS2	PF00376;PF09278;
P0ACS5	PF13411;
P0ACU0	PF09209;PF00440;
P0ACU2	PF08362;PF00440;
P0ACU5	PF21943;PF00440;
P0ACV2	PF03279;
P0ACV4	PF06305;
P0ACZ8	PF00072;PF00486;
P0AD01	PF00072;
P0AD03	PF04403;
P0AD42	PF12710;
P0AD96	PF13458;
P0ADA3	PF01476;PF01551;
P0ADC3	PF02687;PF12704;
P0ADC6	PF03739;
P0ADD2	PF12821;
P0ADD5	PF06738;
P0ADE6	PF04972;PF01476;
P0ADF6	PF24877;PF00920;
P0ADF8	PF22629;
P0ADG1	PF13710;
P0ADN6	PF13627;
P0ADP5	PF00892;
P0ADP7	PF02036;PF29219;
P0ADQ2	PF00583;PF09500;
P0ADR6	PF01728;PF18125;PF21239;
P0ADU2	PF03992;
P0ADV7	PF05494;
P0ADW3	PF06295;
P0AE76	PF02283;
P0AE78	PF00571;PF03471;PF21917;
P0AEA2	PF03783;
P0AEA5	PF01040;
P0AEB5	PF21088;PF00924;PF21082;
P0AED0	PF00582;
P0AED5	PF00196;PF00072;
P0AEE1	PF08786;
P0AEF4	PF20714;PF00072;
P0AEF8	PF00528;PF19300;
P0AEG1	PF00528;PF12911;
P0AEH5	PF05957;PF19029;
P0AEI4	PF04055;PF18693;PF00919;
P0AEI6	PF00293;
P0AEJ0	PF07690;
P0AEJ8	PF03319;
P0AEL6	PF01497;
P0AEM0	PF00254;
P0AEQ3	PF00497;
P0AER3	PF00528;
P0AER5	PF00528;
P0AER8	PF03616;
P0AEU0	PF00497;
P0AEV9	PF01750;
P0AEZ7	PF01476;PF30403;PF01464;
P0AEZ9	PF00994;
P0AF01	PF00528;
P0AF03	PF00994;
P0AF26	PF02613;
P0AF98	PF03739;
P0AFA9	PF00528;
P0AFH2	PF00528;PF19300;
P0AFH6	PF00528;PF12911;
P0AFI5	PF00768;
P0AFJ5	PF00072;PF00486;
P0AFK4	PF00528;
P0AFK6	PF00528;
P0AFK9	PF13416;
P0AFL1	PF00528;
P0AFL9	PF04403;
P0AFP2	PF01035;
P0AFP9	PF12698;
P0AFQ2	PF12698;
P0AFR7	PF00528;
P0AFR9	PF00528;
P0AFS5	PF01594;
P0AFT5	PF04397;PF00072;
P0AFU8	PF00677;
P0AFW4	PF01272;PF14760;
P0AFX4	PF04353;
P0AFY2	PF02698;
P0AFZ7	PF02386;
P0AG00	PF02706;
P0AG03	PF02441;
P0AG20	PF13291;PF13328;PF19296;PF28438;PF04607;PF02824;
P0AG40	PF06574;PF01687;
P0AG44	PF01196;
P0AG48	PF00829;
P0AG51	PF00327;
P0AG76	PF00149;PF12320;
P0AG78	PF13531;
P0AG82	PF12849;
P0AGA6	PF00196;PF00072;
P0AGC5	PF00497;PF01464;
P0AGG4	PF00085;PF21352;
P0AGH3	PF00528;
P0AGH5	PF00528;PF12911;
P0AGK8	PF02082;
P0AGL2	PF01042;
P0AGL5	PF03364;
P0AGL7	PF04452;PF20260;
P0AGM9	PF00860;
P0C066	PF11873;PF01464;
P0C0L9	PF04384;
P0C0U4	PF08443;PF18030;
P0C7L2	PF02803;PF00108;
P0C8J6	PF01116;
P0C960	PF01464;
P0CI31	PF00106;
P0DKB3	PF26599;
P0DMC9	PF00196;PF30372;
P0DW56	
P10100	PF03330;PF05036;
P10151	PF00126;PF03466;
P10346	PF00005;
P10384	PF03349;
P10441	PF02684;
P10442	PF01351;
P11868	PF00871;
P13016	PF01510;
P13033	PF00890;
P13656	PF02839;PF00704;
P13669	PF00392;PF07702;
P13857	PF13302;
P15031	PF00005;
P15032	PF12684;PF06630;PF30430;
P15038	PF12462;PF00580;PF13361;
P15078	PF02554;
P16095	PF03313;PF03315;
P16256	PF00474;
P16429	PF00361;
P16430	PF00146;
P16431	PF00329;PF00346;PF00374;
P16432	PF12838;
P16433	PF30371;PF01058;
P16676	PF00005;
P16678	PF00005;PF08352;
P16679	PF00005;
P16685	PF06754;
P16691	PF00583;
P16700	PF13531;
P17315	PF07715;PF00593;
P17334	PF02378;
P17446	PF13977;PF00440;
P17802	PF10576;PF00633;PF00730;PF14815;
P18133	PF04095;PF17767;
P18392	PF00672;PF02518;PF00512;
P18777	PF04976;
P19323	PF25601;PF01590;PF00158;
P19642	PF00367;PF02378;
P20099	PF00384;PF01568;
P21169	PF01276;PF03711;PF03709;
P21189	PF00136;PF03104;PF22587;PF21474;
P21369	PF00857;
P21517	PF00128;PF02903;
P21866	PF00072;PF00486;
P21889	PF02938;PF00152;PF01336;
P22186	PF02381;
P22524	PF04288;
P22564	PF01156;
P22939	PF00348;
P23173	PF03222;
P23200	PF02653;
P23331	PF00265;
P23482	PF00361;
P23484	PF04542;PF08281;
P23485	PF16220;PF04773;
P23524	PF02595;
P23849	PF02386;
P23869	PF00160;
P23871	PF00762;
P23876	PF01032;
P23877	PF01032;
P23878	PF00005;
P23917	PF00480;
P24077	PF05977;
P24169	PF01276;PF03711;PF03709;
P24180	PF25944;PF25917;PF25876;PF25967;
P24197	PF02900;
P24216	PF07195;PF02465;
P24251	PF07417;
P24255	PF00309;PF04963;PF04552;
P24555	PF00326;PF02897;
P25396	PF03595;
P25736	PF04231;
P25742	PF01075;
P25746	PF04356;
P25798	PF29189;PF01514;PF08345;
P25906	PF00248;
P26218	PF02264;PF11471;
P26281	PF01288;
P26646	PF08240;PF00107;
P26647	PF01553;
P27129	PF01501;PF08437;
P27241	PF27901;
P27245	PF01047;
P27247	PF02504;
P27248	PF01571;PF08669;
P27253	PF02310;PF01642;
P27254	PF03308;
P27298	PF01432;PF19310;
P27300	PF02606;
P27305	PF00749;
P27896	PF00672;PF02518;PF07730;PF30364;PF13675;
P28224	PF09864;
P28304	PF08240;PF00107;
P28307	PF07012;
P28634	PF18389;PF01980;
P28635	PF03180;
P28904	PF00128;
P29208	PF21508;PF13378;
P29680	PF01208;
P30126	PF00694;PF27512;PF27434;
P30136	PF13667;PF01964;
P30137	PF02581;
P30843	PF00072;PF00486;
P30845	PF08019;PF00884;
P30860	PF00497;
P30871	PF05235;PF01928;
P31058	PF00419;
P31434	PF13802;PF01055;PF21365;PF29281;
P31441	PF13382;PF01979;
P31467	PF00702;
P31675	PF07690;
P31680	PF27507;PF00226;PF05099;
P31697	PF02753;PF00345;
P31801	PF01699;
P32053	PF13356;PF22022;PF00589;
P32125	PF03205;
P32129	PF01553;
P32136	PF13347;
P32141	PF01791;
P32144	PF00455;PF08220;
P32166	PF01040;
P32669	PF00923;
P32670	PF05524;PF00391;PF02896;PF00381;PF00359;
P32715	PF04632;
P32716	PF25963;PF25917;PF25876;
P32718	PF00480;
P32721	PF00005;
P33012	PF06445;
P33026	PF07690;
P33030	PF02492;PF07683;
P33129	PF13953;PF13954;PF00577;
P33229	PF14354;
P33358	PF13411;PF22267;PF22270;
P33359	PF00528;
P33360	PF00005;PF00571;
P33361	PF00528;PF30392;
P33363	PF14310;PF00933;PF01915;
P33590	PF00496;
P33591	PF00528;PF19300;
P33915	PF00528;
P33927	PF16327;PF01578;
P33931	PF00005;
P33934	PF13237;PF12801;
P33940	PF06039;
P33941	PF00005;
P36560	PF06392;
P36662	PF02613;
P36672	PF00367;PF02378;
P36673	PF00356;PF13377;
P36767	PF04381;
P36938	PF02878;PF02879;PF02880;PF00408;
P36999	PF13847;PF21302;
P37146	PF00268;
P37194	PF03843;
P37338	PF07729;PF00392;
P37339	PF01266;
P37355	PF12697;
P37387	PF13407;
P37388	PF00005;
P37596	PF07992;PF18113;
P37619	PF02592;
P37621	PF07690;
P37631	PF03486;PF22780;
P37636	PF25944;PF25917;PF25876;PF25967;
P37639	PF30441;PF12833;
P37646	PF00563;
P37647	PF00294;
P37651	PF01270;
P37657	PF29872;PF10995;PF29871;
P37661	PF08019;PF00884;
P37664	PF00583;
P37665	PF13441;PF00691;
P37669	PF01757;
P37671	PF09339;PF01614;
P37674	PF04290;
P37675	PF06808;
P37676	PF03480;
P37678	PF00215;
P37680	PF00596;
P37692	PF01075;
P37759	PF16363;
P37760	PF04321;
P37765	PF00849;PF01479;
P38101	PF01810;
P38134	PF13614;PF13807;PF23607;PF02706;
P38684	PF00072;PF00486;
P39196	PF07690;
P39199	PF05175;
P39280	PF04055;
P39288	PF13484;PF08331;
P39300	PF13483;
P39306	PF00596;
P39310	PF04225;PF08525;
P39333	PF13561;
P39352	PF07690;
P39358	PF24877;PF00920;
P39375	PF04965;
P39376	PF00126;PF03466;
P39394	PF30450;PF08845;
P39398	PF07690;
P39401	PF22895;PF30432;PF30375;PF00884;
P39404	PF00196;
P39451	PF08240;PF00107;
P39452	PF02867;PF00317;PF08343;
P39829	PF20629;PF04295;PF30644;
P39835	PF02447;
P40120	PF04349;
P40719	PF08521;PF26769;PF02518;PF00512;
P42592	PF22422;PF21152;
P42604	PF20629;PF04295;PF30644;
P42615	PF13721;
P42628	
P43329	PF29298;PF00270;PF11898;PF21010;PF00271;PF07717;PF04408;
P43674	PF01435;
P43676	PF01384;
P45522	PF27452;PF00999;PF02254;
P45523	PF00254;PF01346;
P45532	PF02635;
P45543	PF00294;
P45548	PF02126;
P45578	PF02664;
P45579	PF00465;
P45758	PF00263;PF03958;PF21305;
P45799	PF29283;PF00293;
P46130	PF01095;
P46133	PF03806;
P46187	PF04246;
P46474	PF13116;
P46852	PF02678;PF17954;
P46923	PF00384;PF18364;PF01568;
P50466	PF00672;PF00015;PF08447;
P51020	PF07836;PF00682;
P51025	PF00756;
P51981	PF13378;PF02746;
P52005	PF03264;PF29414;
P52045	PF00378;
P52062	PF06969;PF04055;
P52094	PF00528;
P52095	PF01276;PF03711;PF03709;
P52097	PF01171;PF09179;PF11734;
P52130	PF15933;
P52599	PF25963;PF25885;
P52600	PF07690;
P52612	PF00006;PF18269;
P52645	PF11739;
P52647	PF10371;PF12838;PF17147;PF01558;PF01855;
P52697	PF10282;
P55798	PF00149;
P55799	PF00149;
P58034	PF28058;
P60293	PF17193;PF17192;PF03882;
P60390	PF01795;
P60546	PF00625;
P60757	PF01634;PF08029;
P60782	PF02660;
P60906	PF03129;PF13393;
P60932	PF02673;
P61517	PF00484;
P61714	PF00885;
P61949	PF00258;
P62601	PF01204;
P62615	PF08544;PF00288;
P63177	PF00588;PF08032;
P63201	PF30437;PF12833;
P63746	PF00936;
P64426	PF02638;
P64506	PF10709;
P64550	PF06610;
P64554	
P64559	PF03937;
P64578	PF09907;
P64581	PF05957;PF19029;
P64646	PF10753;
P65643	PF01923;PF30419;
P67080	PF01168;
P67662	PF00126;PF03466;
P67697	PF15970;PF01381;
P67701	PF29431;PF01381;
P68066	PF01228;
P68567	PF04445;
P68679	PF01165;
P69222	PF01176;
P69330	PF06857;
P69432	PF13994;
P69434	PF21197;
P69488	PF03091;
P69503	PF00156;
P69506	PF01814;PF04405;
P69811	PF00381;PF00359;
P69820	PF00359;
P69822	PF02302;
P69828	PF00359;
P69829	PF00359;
P69937	PF00893;
P71229	PF25601;PF01590;PF31091;PF00158;
P71241	PF02397;PF13727;
P75713	PF07883;PF05899;
P75726	PF04223;
P75728	PF01494;
P75780	PF07715;PF00593;
P75783	PF21088;PF00924;PF21082;PF25392;
P75796	PF00005;PF08352;
P75797	PF00496;
P75798	PF00528;PF19300;
P75800	PF17153;PF00563;
P75801	PF17156;PF00990;
P75823	PF01212;
P75824	PF00970;PF00111;PF00175;
P75849	PF00753;
P75869	PF04994;PF04993;
P75893	PF01613;
P75894	PF00881;
P75895	PF00561;
P75897	PF00857;
P75905	PF00535;
P75915	PF02613;
P75919	PF13091;
P75952	PF16925;PF00440;
P75954	PF17969;PF01476;PF03734;
P75958	PF02687;PF12704;
P75966	PF00849;
P75987	PF11183;
P75989	PF13411;PF22267;PF22270;
P75993	PF10798;
P76004	PF01557;
P76016	PF25601;PF01590;PF02954;PF00989;PF00158;
P76027	PF00005;PF08352;
P76041	PF00128;
P76042	PF01547;
P76043	PF00107;
P76044	PF01261;
P76052	PF07687;PF01546;
P76079	PF05138;
P76083	PF00725;PF02737;PF18321;
P76085	PF00501;PF14535;
P76086	PF07848;PF08223;PF20803;
P76091	PF01148;
P76106	PF07927;
P76112	PF00583;
P76115	PF07715;PF00593;
P76136	PF17073;
P76143	PF01791;
P76145	PF13649;
P76147	PF00990;
P76182	PF03116;
P76190	PF00877;
P76192	PF01314;PF02730;
P76193	PF17969;PF01476;PF03734;
P76213	PF27115;PF30054;PF27096;
P76234	PF00248;
P76237	PF17155;PF00990;
P76242	PF07690;
P76245	PF13185;PF00990;
P76250	PF00126;PF03466;
P76290	PF13649;
P76291	PF08003;
P76340	PF00072;PF00486;
P76347	PF02369;PF11924;PF30549;PF09134;PF21764;
P76350	PF07690;PF00083;
P76352	PF01554;
P76373	PF00984;PF03720;PF03721;
P76395	PF13672;
P76397	PF25944;PF25917;PF25876;PF25967;
P76398	PF00873;
P76403	PF01136;PF16325;
P76423	PF02110;
P76425	PF03824;
P76472	PF01522;
P76473	PF30401;PF02366;
P76518	PF02515;
P76524	PF01321;PF00557;
P76536	PF20628;PF04261;
P76553	PF25137;PF00465;
P76578	PF00207;PF21142;PF07703;PF17970;PF17973;PF11974;PF17972;PF17962;PF21765;PF01835;PF07678;
P76641	PF01979;
P76773	PF06178;
P76938	PF04315;
P77129	PF06545;
P77154	PF03633;PF03632;PF03636;
P77161	PF14833;PF03446;
P77171	PF00126;PF03466;
P77223	PF14697;PF04060;
P77245	PF01418;PF01380;
P77257	PF00005;
P77272	PF00367;PF02378;
P77279	PF00005;
P77285	PF04205;PF29280;
P77300	PF09339;PF01614;
P77304	PF00854;
P77306	PF01145;PF15975;
P77333	PF00126;PF03466;
P77334	PF00563;PF00990;PF13426;PF30418;
P77338	PF21088;PF00924;PF21082;PF12795;PF12794;
P77357	PF07687;PF01546;
P77359	PF27158;PF30223;
P77374	PF04879;PF00384;PF01568;
P77379	PF12852;PF12833;
P77397	PF01494;PF29430;
P77439	PF05524;PF00391;PF02896;PF00381;PF00359;
P77467	PF00378;
P77475	PF00702;
P77481	PF00005;PF17912;PF03459;
P77503	PF01408;PF02894;
P77522	PF01458;PF19295;
P77544	PF14834;PF13409;
P77570	PF03702;
P77580	PF09290;PF01118;
P77608	PF01557;
P77611	PF01512;PF12838;PF13375;PF10531;
P77615	PF00356;PF00532;
P77619	PF00144;
P77626	PF07883;PF01381;
P77650	PF07992;PF14759;
P77690	PF01041;
P77704	PF01116;
P77716	PF00528;
P77731	PF04115;
P77733	PF01226;
P77735	PF00248;
P77737	PF00005;PF08352;
P77743	PF25601;PF02954;PF06506;PF00158;
P77747	PF00267;
P77756	PF06508;
P77757	PF00535;
P77783	PF04879;PF00384;PF01568;
P77790	PF01427;
P78285	PF00959;
P80644	PF03358;
Q2EES9	
Q46799	PF01315;PF02738;PF20256;
Q46800	PF03450;PF00941;
Q46817	PF00860;
Q46829	PF00232;
Q46855	PF06719;PF12833;
Q46915	PF13378;PF02746;
Q46916	PF07690;
Q47140	PF00866;
Q47141	PF00126;PF03466;
Q47157	PF13957;
Q47538	PF00005;
Q47690	PF02574;
A5A618	PF28012;
C1P607	PF13956;
C1P615	PF13956;
C1P616	PF13956;
C1P617	PF13956;
O32528	
O52982	PF20494;
P00960	PF02091;
P03014	PF02796;PF00239;
P03030	PF00126;PF03466;
P03813	PF01177;
P03825	PF29941;
P04128	PF00419;
P04846	PF03180;
P04949	PF00700;PF08884;PF00669;PF21504;
P05052	PF30437;PF12833;
P05827	PF00126;PF03466;
P06282	PF02611;
P06846	PF00356;PF13377;
P07000	PF12146;
P07654	PF00528;
P08550	PF02674;
P08555	PF02447;
P08997	PF20659;PF20656;PF01274;
P09126	PF02602;
P09155	PF01612;PF00570;PF21293;
P09163	PF13673;
P09424	PF01232;PF08125;
P0A6G3	PF02464;
P0A6G5	PF03802;
P0A6L7	PF01232;PF08125;
P0A6P7	PF01926;
P0A6S0	PF02107;
P0A6W0	PF04960;
P0A6W5	PF01272;PF03449;
P0A7A2	PF00300;
P0A7C6	PF03575;
P0A7H6	PF21175;PF21176;PF02132;PF13662;
P0A7P5	PF00468;
P0A823	PF03749;PF17746;
P0A867	PF00923;
P0A8B5	PF02575;
P0A8C8	PF01809;
P0A8D0	PF03477;PF22811;
P0A8G3	PF02614;
P0A8I3	PF03883;
P0A8P3	PF04362;
P0A8R9	PF00126;PF03466;
P0A8S5	PF10625;
P0A8U0	PF07348;
P0A8Z0	PF03061;
P0A901	PF08212;
P0A915	PF03922;
P0A917	PF13505;
P0A930	PF02563;PF22461;PF18412;
P0A932	PF02563;PF22461;PF18412;
P0A9E9	PF00027;
P0A9F6	PF00126;PF03466;
P0A9F9	PF00126;PF03466;
P0A9G2	PF00126;PF03466;
P0A9H5	PF12557;PF02572;
P0A9I3	PF13740;
P0A9I8	PF13806;
P0A9N0	PF00381;
P0A9T4	PF00248;
P0A9U6	PF07883;PF01381;
P0AA73	PF00892;
P0AA82	PF02133;
P0AAB2	PF01451;
P0AAB6	PF00483;
P0AAB8	PF00582;
P0AAE2	PF00324;
P0AAG3	PF00005;
P0AAI1	PF00005;
P0AAJ1	PF13247;PF12797;
P0AAK7	PF00037;PF13247;
P0AAR0	PF10757;
P0AAS7	PF13275;
P0AAV4	PF02682;
P0AAX6	PF07338;
P0AAY6	PF10722;
P0AB20	PF08755;
P0AB28	PF02620;
P0AB33	PF13991;
P0AB93	PF02040;
P0AB96	PF03960;
P0ABC0	PF03899;
P0ABD1	PF02028;
P0ABE2	PF01722;
P0ABH4	PF04093;
P0ABL5	PF03264;
P0ABL8	PF03379;
P0ABM5	PF04995;
P0ABM9	PF03918;PF23914;
P0ABP6	PF09335;
P0ABW3	PF00111;
P0ABW5	PF00419;
P0ABW9	PF00460;
P0ABX2	PF00460;PF06429;
P0ABX5	PF00460;PF06429;PF22692;
P0ABX8	PF03748;
P0AC05	PF00813;
P0AC07	PF01313;
P0AC26	PF01226;
P0AC35	PF05683;
P0AC59	PF04399;PF13417;
P0AC65	PF00462;
P0AC92	PF08178;
P0AC96	PF02447;
P0ACA1	PF00043;PF13409;
P0ACH8	PF12833;
P0ACI0	PF06445;PF12833;
P0ACJ5	PF01037;PF13412;
P0ACK2	PF00455;PF08220;
P0ACK5	PF00455;PF08220;
P0ACK8	PF00455;PF08220;
P0ACL0	PF00455;PF08220;
P0ACL2	PF07729;PF00392;
P0ACL9	PF07729;PF00392;
P0ACM5	PF00392;PF07702;
P0ACP5	PF00356;PF00532;
P0ACQ7	PF00126;PF03466;
P0ACR0	PF00126;PF03466;
P0ACR2	PF00126;PF03466;
P0ACR4	PF00126;PF03466;
P0ACS7	PF01418;PF01380;
P0ACT2	PF08361;PF00440;
P0ACT6	PF00440;
P0ACX3	PF08803;
P0ACX5	PF10965;
P0ACY1	PF00881;
P0ACZ2	PF01451;
P0AD89	PF08053;
P0ADB4	PF08085;
P0ADB7	PF08085;
P0ADD7	PF00196;
P0ADE8	PF21130;
P0ADH5	PF00589;
P0ADH7	PF00589;
P0ADI0	PF02796;PF00239;
P0ADQ7	PF05957;PF19029;
P0ADT5	PF03738;
P0ADU5	PF04076;
P0ADW6	PF04055;PF16199;
P0ADX9	PF03602;
P0ADZ7	PF02699;
P0AE26	PF02653;
P0AE30	PF00528;
P0AE34	PF00528;
P0AE37	PF04958;PF29831;
P0AE39	PF04397;PF00072;
P0AE45	PF00571;PF01595;PF03471;
P0AE56	PF04324;
P0AE60	PF10729;
P0AE95	PF10627;
P0AE98	PF10614;
P0AEB0	PF00528;
P0AEC0	PF03471;PF03741;
P0AED9	PF18284;PF00145;
P0AEK0	PF20600;PF00929;
P0AEL3	PF04023;
P0AEM4	PF04316;
P0AEP1	PF00083;
P0AEQ6	PF00528;
P0AEU3	PF00528;
P0AEW1	PF00420;
P0AEW4	PF00149;
P0AEX3	PF07690;
P0AF08	PF10609;
P0AF10	PF05068;
P0AF20	PF01047;PF00480;
P0AF40	PF07226;
P0AF43	PF02690;
P0AF63	PF02082;
P0AF96	PF04074;
P0AFA5	PF13632;PF05157;
P0AFH0	PF01035;PF02870;
P0AFJ1	PF03831;PF08274;
P0AFK0	PF01523;PF19290;PF19289;
P0AFK2	PF04973;
P0AFM9	PF06667;
P0AFN2	PF04024;
P0AFQ7	PF01026;
P0AFR4	PF01300;
P0AFS1	PF02653;
P0AFV2	PF26539;PF02308;
P0AFV8	PF09584;
P0AG14	PF01343;PF08496;
P0AG34	PF01810;
P0AG38	PF01810;
P0AG84	PF13561;
P0AGG8	PF01523;PF19290;PF19289;
P0AGH8	PF00528;
P0AGI4	PF02653;
P0AGI8	PF02080;PF02254;
P0AGJ2	PF12105;PF00588;
P0AGK4	PF01985;
P0C8J8	PF08013;
P0C8K0	PF08013;
P0CB39	PF00884;
P0CE44	PF13347;
P0CF88	PF13936;PF00665;PF30461;
P0CK95	PF30473;PF26759;PF30472;PF13322;PF17291;PF13402;
P0DP21	PF04754;
P0DP70	PF00528;
P0DP89	PF00205;PF02776;
P10371	PF00977;
P10423	PF04389;
P10805	PF30441;PF12833;
P11072	PF10463;
P11446	PF01118;PF22698;
P11875	PF03485;PF05746;PF00750;
P11988	PF00232;
P11989	PF03123;PF00874;
P12999	PF08241;
P13024	PF24860;PF24859;PF04216;
P15006	PF10117;
P15070	PF01052;PF16973;
P15286	PF27202;
P15639	PF01808;PF02142;
P15977	PF02446;PF21226;
P16525	PF05472;
P16677	PF00005;
P16682	PF12974;
P16689	PF07969;
P16690	PF13238;
P16701	PF00528;
P17410	PF07883;PF12833;
P17583	PF07690;
P18393	PF03621;
P18811	PF00356;PF00532;
P19317	PF02613;
P19769	PF13276;PF00665;PF13333;
P19930	PF01750;
P20605	PF02661;
P21420	PF00267;
P21515	PF04336;
P21893	PF01368;PF02272;PF17768;
P22586	PF04347;
P23839	PF08340;PF03755;
P23841	PF00126;PF03466;
P23842	PF00563;PF05231;
P23898	PF00877;
P23910	PF07690;
P24174	PF22640;PF01050;PF00483;
P24175	PF02878;PF02879;PF02880;PF00408;
P24181	PF00873;
P24200	PF01844;PF30443;
P24202	PF04471;PF14338;
P24218	PF30395;PF00589;
P24240	PF00232;
P24241	PF00367;PF02378;
P24242	PF00356;PF13377;
P24244	PF08173;
P25549	PF30440;PF00884;
P25741	PF06293;
P25744	PF07690;
P25748	PF00356;PF13377;
P25772	PF01653;PF03120;
P25960	PF01478;
P26266	PF02706;
P26365	PF01520;
P26612	PF00128;
P26649	PF08971;
P27111	PF00126;PF03466;
P27126	
P27127	PF13439;PF00534;
P27240	PF06176;
P27242	PF01075;
P27832	PF00583;
P27835	PF06899;
P27836	PF03808;
P27862	PF09186;PF01205;
P28249	PF05170;
P28638	PF01555;
P29012	PF00842;PF01168;
P30128	PF01272;PF03449;
P30130	PF13953;PF13954;PF00577;
P30149	PF09335;PF30421;
P30235	PF00294;
P30744	PF03313;PF03315;
P30859	PF00497;
P31060	PF00005;
P31068	PF02108;
P31122	PF07690;
P31125	PF00892;
P31126	PF07690;
P31436	PF07690;
P31440	PF00860;
P31442	PF07690;
P31452	PF02378;
P31459	PF05035;
P31462	PF07690;
P31474	PF07690;
P31548	PF00005;
P31549	PF00528;
P31574	PF01012;PF00766;
P31600	PF13283;PF14559;
P31665	PF04754;
P31802	PF00196;PF00072;
P31825	PF05175;
P31826	PF06472;PF00005;
P31828	PF00675;PF05193;
P32137	PF13347;
P32154	PF02378;PF02302;
P32672	
P32675	PF04055;
P32676	PF02302;
P32696	PF09583;
P32701	PF12792;PF00563;
P32710	PF16327;PF01578;
P32711	PF03918;
P32714	PF02321;
P32720	PF02653;
P33014	PF01206;
P33021	PF07670;PF07662;PF01773;
P33024	PF07670;PF07662;PF01773;
P33128	PF02753;PF00345;
P33135	PF01311;
P33136	PF04349;
P33222	PF03738;
P33228	PF03837;
P33230	PF06688;
P33340	PF00419;
P33341	PF13953;PF13954;PF00577;
P33342	PF02753;PF00345;
P33343	PF00419;
P33362	PF04069;
P33369	PF02321;
P33593	PF00005;
P33594	PF00005;
P33595	PF00496;PF12793;
P33596	PF21982;PF02631;PF21981;
P33920	PF04245;
P34749	PF00263;PF03958;
P36561	PF02654;
P36562	PF02277;
P36647	PF07963;
P36659	PF00226;PF01556;
P36667	PF00535;
P36678	PF04612;PF28880;
P36771	PF00126;PF03466;
P36879	PF00005;
P36995	PF00313;
P37005	PF30373;PF00588;
P37009	PF00005;PF08402;
P37016	PF00419;
P37017	PF00419;
P37018	PF00419;
P37024	PF24473;PF00270;PF00271;PF08482;
P37047	PF05651;PF17853;PF13556;
P37050	PF00419;
P37127	PF13247;PF14691;PF07992;
P37147	PF04186;
P37180	PF03916;
P37182	PF01750;
P37195	PF30453;PF00196;
P37309	PF01022;
P37326	PF13356;PF22022;PF00589;
P37590	PF11183;
P37623	PF01648;
P37645	PF05170;
P37649	PF00563;PF17154;PF00990;
P37652	PF03170;PF29167;PF29164;PF29166;
P37662	PF07690;
P37679	PF01261;
P37746	PF01943;
P37749	PF26337;PF26334;
P37757	PF02567;
P37766	PF01144;
P37772	PF02653;
P37906	PF01266;
P37908	PF00571;PF01595;PF03471;
P38035	PF25601;PF06956;PF29400;PF00158;
P38052	PF00419;
P38521	PF04320;
P38683	PF00532;
P39160	PF01232;PF08125;
P39163	PF04752;
P39173	PF01263;
P39206	PF00132;
P39208	PF01202;
P39265	PF13407;
P39267	PF13990;
P39285	PF21088;PF00924;PF21082;PF12795;PF12794;
P39297	PF07338;
P39298	PF00326;
P39305	PF01261;
P39328	PF02653;
P39334	PF00440;
P39346	PF08240;PF00107;
P39347	PF13356;PF22022;PF00589;
P39359	PF00701;
P39362	PF00834;
P39365	PF03611;
P39370	PF03629;
P39380	PF01885;
P39399	PF07729;
P39408	PF01026;
P39409	PF00037;PF04055;
P39410	PF07804;PF30348;
P39830	PF00999;PF02254;
P39832	PF00950;
P39902	PF10263;PF17283;
P40876	PF02753;PF00345;
P41441	PF00482;PF28597;
P41442	PF07963;PF08334;
P41443	PF12019;PF07963;
P42596	PF05175;PF26049;
P42624	PF02678;PF17954;
P42626	PF03313;
P42630	PF03313;PF03315;
P42640	PF00884;PF30471;
P42904	PF03830;
P42905	PF03609;
P42907	PF01380;
P42909	PF03830;
P42910	PF03609;
P42911	PF03613;
P42912	PF01182;
P42913	PF00419;
P42914	PF02753;PF00345;
P42915	PF13953;PF13954;PF00577;
P43319	PF00419;
P43337	PF00293;
P45428	PF03606;
P45463	PF00126;PF03466;
P45530	PF04077;
P45531	PF02635;
P45539	PF13520;
P45544	PF00392;PF07702;
P45565	PF00300;
P45750	PF10748;
P45751	PF25319;
P45753	
P45756	PF13401;PF21327;PF01471;
P45759	PF00437;
P45760	PF07963;PF02501;
P45761	PF07963;PF11612;
P45762	PF03934;PF21687;
P45763	PF12693;PF28903;PF05134;
P45766	PF00497;
P45767	PF00528;
P45768	PF00528;
P45769	PF00005;
P45800	PF07095;
P46068	PF00126;PF03466;
P46118	PF01418;PF01380;
P46481	PF04632;
P46482	PF25963;PF25878;
P46837	PF12836;PF17674;PF00575;PF22706;PF09371;PF16921;
P46846	PF00156;
P46854	PF00583;
P46859	PF01202;
P46888	PF00582;
P52037	PF13561;
P52043	PF13336;PF02550;
P52067	PF07690;
P52076	PF00072;PF00486;
P52086	PF00300;
P52102	PF12838;
P52108	PF00072;PF00486;
P52119	PF03658;
P52127	PF14130;PF08878;
P52143	PF16168;PF03797;PF03212;
P52613	PF02050;
P52614	PF02120;
P52627	PF29625;PF02899;
P54746	PF09261;PF17677;PF07748;PF01074;
P56258	PF07429;
P56579	PF03608;
P60566	PF01012;
P60778	PF07690;
P62517	PF00535;
P63204	PF30453;PF00196;
P63417	PF00583;
P64448	PF13617;
P64453	PF10753;
P64530	PF02583;
P64599	PF02036;
P64634	PF05137;
P64638	PF09012;
P65367	PF00258;
P65556	PF00293;
P67087	PF23016;PF00590;
P69367	PF07690;
P69808	PF02302;
P69816	PF02302;
P69826	PF02378;PF02302;
P71298	PF13356;PF30405;PF00589;
P71301	PF27348;PF00196;
P75683	PF13347;
P75685	PF04224;
P75687	PF07338;
P75712	PF02133;
P75715	PF00419;
P75733	PF03573;
P75736	PF12697;
P75742	PF00854;
P75745	PF02626;
P75746	PF03746;
P75757	PF01545;PF16916;
P75777	PF25954;PF25881;
P75782	PF05971;
P75785	PF00884;
P75794	PF04055;
P75799	PF00528;PF12911;
P75806	PF01569;
P75811	PF17940;PF00440;
P75817	PF05958;
P75826	PF03956;
P75838	PF02624;PF18381;
P75843	PF06224;
P75851	PF00528;
P75853	PF09084;
P75855	PF00419;
P75856	PF02753;PF00345;
P75857	PF13953;PF13954;PF00577;
P75858	PF00419;
P75901	PF03239;
P75920	PF01757;
P75925	PF01292;
P75938	PF00460;PF06429;PF22692;
P75942	PF01832;PF10135;
P75948	PF01636;
P75969	PF09003;PF00589;
P75995	PF12792;PF00563;
P76002	PF04151;
P76007	PF03471;PF00999;PF02080;
P76017	PF03797;PF03212;
P76046	PF04317;
P76057	PF06806;
P76062	
P76078	PF06243;
P76080	PF01883;PF23451;
P76097	PF07063;
P76114	PF07729;PF00392;
P76128	PF00496;
P76135	PF30437;PF12833;
P76142	PF13407;
P76159	PF00959;
P76173	PF04976;
P76175	PF00654;
P76187	PF00248;
P76204	PF00563;
P76215	PF24827;PF04952;
P76224	PF00528;
P76241	PF02311;PF12833;
P76249	PF01810;
P76254	PF22290;PF00111;
P76261	PF12792;PF00563;
P76268	PF09339;PF01614;
P76270	PF13185;
P76298	PF00771;
P76299	PF01312;
P76329	PF08282;
P76345	PF01292;
P76372	PF02706;
P76393	
P76446	PF12792;PF00563;
P76461	PF02803;PF00108;
P76498	PF11245;
P76499	PF00419;
P76500	PF00419;
P76501	PF00419;
P76502	PF00300;
P76506	PF04333;
P76540	PF00936;PF16365;
P76551	PF06277;
P76552	PF04346;
P76555	PF06249;
P76556	PF10662;
P76655	PF13953;PF13954;PF00577;
P76909	PF00005;
P77156	PF00528;
P77170	PF02796;PF00239;
P77179	PF02508;
P77183	PF13478;PF02625;
P77196	PF13953;PF13954;PF00577;
P77213	PF04107;
P77228	PF07690;
P77231	PF01874;
P77249	PF02753;PF00345;
P77265	PF00664;PF00005;
P77268	PF00005;PF08352;
P77269	PF13407;
P77288	PF00419;
P77295	PF01022;
P77307	PF03649;
P77308	PF00528;PF19300;
P77315	PF02653;
P77329	PF00329;PF00346;PF00374;
P77365	PF20494;
P77368	PF01161;
P77377	PF01943;
P77390	PF08218;
P77400	PF13520;
P77416	PF00361;PF00662;
P77432	PF02782;PF00370;
P77437	PF00361;PF00662;
P77445	PF00171;
P77463	PF00528;PF12911;
P77468	PF13953;PF13954;PF00577;
P77473	PF12792;PF00563;
P77494	PF01848;
P77509	PF00005;
P77549	PF07690;
P77561	PF00384;
P77579	PF02378;
P77585	PF05343;
P77596	PF24877;PF00920;
P77599	PF02753;PF00345;
P77622	PF00005;PF08352;
P77672	PF02653;
P77682	PF04138;
P77689	PF01458;
P77692	PF06755;
P77744	PF00126;PF03466;
P77768	PF27070;PF04754;
P77795	PF00005;PF08402;
P77804	PF06097;
P77858	PF00146;
P78067	PF00581;
Q46798	PF01476;PF01551;
Q46801	PF00111;PF01799;
Q46802	PF25601;PF02954;PF13188;PF00158;
Q46803	PF00185;PF02729;
Q46811	PF14691;PF07992;PF30390;
Q46814	PF01315;PF01799;PF02738;PF20256;
Q46820	PF13247;PF14691;PF07992;
Q46824	PF07254;
Q46836	PF06750;PF01478;
Q46863	PF00496;
Q46890	PF00596;
Q46891	PF01261;
Q46908	PF01012;
Q46939	PF02803;PF00108;
Q46953	PF06755;
Q47005	PF00126;PF03466;
Q47013	PF22103;PF02902;
Q47083	PF00126;PF03466;
Q47129	PF14525;PF12833;
Q47142	PF12832;
Q47156	
Q47537	PF04069;
Q47539	PF00528;
Q47622	PF00496;
Q47689	PF00324;
Q47706	PF03573;
Q57083	PF00126;PF03466;
Q6BEX0	PF00005;
A0A385XJ53	PF12759;PF03811;
A0A385XJE6	PF01609;PF05598;
A0A385XJL4	PF03400;
A5A605	
A5A615	PF28073;
A5A624	PF28061;
A5A628	PF17089;
A5A630	PF17090;
A8DYP9	
C1P5Z7	PF15894;
C1P5Z8	PF28062;
C1P601	PF28595;
C1P602	PF28021;
C1P603	
C1P605	PF28150;
C1P608	PF13956;
C1P609	PF25659;
C1P610	PF28022;
C1P611	PF29297;
E2JKY7	PF17059;
G3MTW7	PF28106;
P03061	PF08049;
P03835	PF01609;PF13006;
P03841	PF07148;PF30397;
P06965	PF14549;
P06966	PF30424;PF01381;
P07021	PF00691;
P08245	PF01253;
P08369	PF06123;
P08371	PF07963;PF27121;
P08372	PF07963;PF12528;
P08390	PF01118;PF02774;
P09127	PF04375;
P09153	PF02413;PF28596;
P09162	
P09557	PF05358;
P0A772	PF07972;
P0A7C8	PF06146;
P0A8A0	PF20772;PF01709;
P0A8A2	PF20772;PF01709;
P0A8C1	PF01906;
P0A8C4	PF03695;
P0A8D3	PF02639;
P0A8D9	PF04217;
P0A8E1	PF05728;
P0A8J4	PF04359;
P0A8K8	PF03631;
P0A8L7	PF04269;
P0A8R7	PF05128;
P0A8T5	PF02049;
P0A8U2	PF03372;
P0A8W5	PF02622;
P0A8W8	PF03887;
P0A8X2	PF04264;
P0A8X4	PF09829;
P0A8Z7	PF05728;
P0A905	PF05433;
P0A976	PF00313;
P0A978	PF00313;
P0A982	PF00313;
P0A986	PF00313;
P0A9A2	PF00210;
P0A9K1	PF02562;
P0A9K3	PF02562;
P0A9R2	PF04971;
P0A9T6	PF01381;
P0A9T8	PF00005;
P0A9U8	PF00441;PF02770;PF02771;
P0A9V5	PF01381;
P0A9W9	PF00132;
P0AA31	PF01206;
P0AA49	PF03547;
P0AA70	PF00892;
P0AA91	PF03843;
P0AAA1	PF07274;
P0AAA3	PF16449;
P0AAA5	PF15939;
P0AAC4	PF01027;
P0AAE5	PF13520;
P0AAK4	PF12800;PF12837;
P0AAL6	PF13247;PF12800;
P0AAN1	PF11939;
P0AAP5	PF15977;
P0AAP7	PF10954;
P0AAQ0	PF10953;
P0AAQ2	PF01844;
P0AAR5	PF04304;
P0AAR8	PF12836;
P0AAS0	PF10777;
P0AAU7	PF10723;
P0AAV0	PF09600;
P0AAW5	PF11076;
P0AAX3	PF07338;
P0AAY1	PF10799;
P0AAZ0	PF10767;
P0AAZ7	PF03966;
P0AB12	PF03733;
P0AB14	PF13993;
P0AB26	PF07273;
P0AB35	PF05433;
P0AB49	PF10762;
P0AB52	PF02635;
P0AB55	PF03795;
P0ABR1	PF06183;
P0ABY2	PF05400;
P0ABY4	PF00258;
P0AC73	PF04074;
P0ACB7	PF07219;PF07719;
P0ACC9	PF00132;
P0ACD2	PF00132;
P0ACG6	PF01848;
P0ACH1	PF13693;
P0ACI3	PF12833;PF22177;PF13377;
P0ACM2	PF07729;PF00392;
P0ACM9	PF00392;PF07702;
P0ACN2	PF01638;
P0ACR7	PF00126;PF03466;
P0ACU7	
P0ACX0	PF06942;
P0ACX9	PF10636;
P0ACY6	PF04284;
P0ACY9	PF07130;
P0AD12	PF01370;
P0AD17	PF04893;
P0AD19	PF04172;
P0AD24	PF07208;
P0AD30	PF01925;
P0AD35	PF30394;
P0AD44	PF13942;
P0AD47	PF07681;
P0AD72	PF28163;
P0AD79	PF08054;
P0AD83	PF08052;
P0AD86	PF08254;
P0AD92	PF08255;
P0ADA5	PF03923;
P0ADA7	PF13441;
P0ADB1	PF04355;
P0ADE2	PF06526;
P0ADF3	
P0ADI7	PF00857;
P0ADI9	PF07947;
P0ADJ3	PF10945;
P0ADJ5	PF11120;
P0ADJ8	PF05360;
P0ADK4	PF11742;
P0ADK6	PF13646;
P0ADK8	PF10928;
P0ADL6	PF02656;
P0ADM0	PF02656;
P0ADM4	PF07119;
P0ADM8	
P0ADQ5	PF01402;
P0ADR0	PF09335;
P0ADR2	PF04241;
P0ADS6	PF04402;
P0ADT2	PF06693;
P0ADT8	PF08239;
P0ADX7	PF10956;
P0AE14	PF17113;
P0AE28	PF07302;
P0AE42	PF01679;
P0AE48	PF06094;
P0AE58	PF07180;
P0AE63	PF06150;
P0AE74	PF00939;
P0AE91	PF05981;
P0AEB7	PF01042;
P0AEH3	PF13673;
P0AEH8	PF07670;
P0AEQ1	PF03928;
P0AET5	PF03729;
P0AEV4	PF11046;
P0AEV7	PF07450;
P0AEX5	PF00485;
P0AEY1	PF01914;
P0AF45	PF11106;
P0AF54	PF04341;
P0AF78	PF04012;
P0AF80	PF03994;
P0AF82	PF07338;
P0AF86	PF07338;
P0AFH8	PF04972;
P0AFI9	PF01594;
P0AFM4	PF07769;
P0AFN6	PF01061;
P0AFP0	PF03458;
P0AFP4	PF00106;
P0AFR0	PF01734;
P0AFS7	PF01594;
P0AFU2	PF03600;PF02080;
P0AFV0	PF25954;PF25917;PF30368;
P0AFW8	PF07073;
P0AFZ1	PF07179;PF14581;
P0AG27	PF00581;
P0AG71	PF02646;
P0AGC7	PF10144;
P0AGH1	PF12698;
P0AGJ5	PF00588;PF08032;
P0AGM0	PF01594;
P0AGM2	PF03458;
P0AGM5	PF13371;PF13369;
P0CB62	PF22868;
P0CE49	PF01609;PF05598;
P0CE50	PF01609;PF05598;
P0CE51	PF01609;PF05598;
P0CE52	PF01609;PF05598;
P0CE53	PF01609;PF05598;
P0CE54	PF01609;PF05598;
P0CE55	PF01609;PF05598;
P0CE56	PF01609;PF05598;
P0CE57	PF01609;PF05598;
P0CE58	PF01609;PF05598;
P0CF07	PF12759;PF03811;
P0CF08	PF12759;PF03811;
P0CF09	PF12759;PF03811;
P0CF10	PF12759;PF03811;
P0CF11	PF12759;PF03811;
P0CF12	PF12759;PF03811;
P0CF25	PF03400;
P0CF26	PF03400;
P0CF27	PF03400;
P0CF28	PF03400;
P0CF29	PF03400;
P0CF40	PF01527;
P0CF41	PF01527;
P0CF42	PF01527;
P0CF43	PF01527;
P0CF44	PF01527;
P0CF45	PF01527;
P0CF53	PF13276;PF13683;PF30445;
P0CF54	PF13276;PF13683;PF30445;
P0CF55	PF13276;PF13683;PF30445;
P0CF56	PF13276;PF13683;PF30445;
P0CF57	PF13276;PF13683;PF30445;
P0CF58	PF13276;PF13683;PF30445;
P0CF60	PF13683;
P0CF66	PF01527;
P0CF67	PF01527;
P0CF68	PF01527;
P0CF69	PF01527;
P0CF70	PF01527;
P0CF79	PF13276;PF00665;PF13333;
P0CF80	PF13276;PF00665;PF13333;
P0CF81	PF13276;PF00665;PF13333;
P0CF82	PF13276;PF00665;PF13333;
P0CF83	PF13276;PF00665;PF13333;
P0CF89	PF13936;PF00665;PF30461;
P0CF90	PF13936;PF00665;PF30461;
P0CF91	PF01609;
P0CF92	PF01609;
P0CF93	PF01609;
P0DP22	PF27070;PF04754;
P0DP63	
P0DP64	PF00795;
P0DP69	
P0DPC4	PF23685;
P0DPC5	
P0DPC6	
P0DPC7	
P0DPD0	PF13940;
P0DPD1	PF13940;
P0DPO8	PF23676;
P0DPP2	PF22867;
P0DQD7	PF22051;
P0DSE4	PF22864;
P0DSG0	PF22869;
P0DSH2	
P0DSH3	PF22870;
P0DUM3	PF30542;
P0DXX6	
P11286	PF05360;
P11290	PF00535;PF30446;
P11291	
P11447	PF14698;PF00206;
P11663	PF05068;
P11866	
P12994	PF01161;
P15081	PF06923;
P15082	PF00455;PF08220;
P16681	PF00903;
P16684	PF00392;PF07702;
P16916	PF20148;PF15606;PF03527;PF05593;PF25023;
P16917	PF14220;PF20148;PF03527;PF05593;PF25023;
P16918	PF20148;PF03527;PF05593;PF25023;
P16919	PF14220;PF20148;PF03527;PF05593;PF25023;
P18390	PF10696;
P19767	PF12759;PF03811;
P19931	PF07449;
P19932	PF04809;
P21361	PF10685;
P21362	PF05974;
P21365	PF06790;
P21367	PF00857;
P21503	PF07690;
P22787	PF13541;PF01078;PF13335;
P23325	PF07906;
P23481	PF00037;PF12800;
P23840	PF02498;PF29372;
P24178	PF03960;
P24211	PF22322;PF03527;
P25531	PF04002;PF20582;
P25550	PF04055;PF13186;
P25738	PF13984;
P25743	PF01914;
P25747	PF04235;
P26608	PF02561;
P27294	PF06293;
P27297	PF01832;
P27375	PF27200;
P27843	
P27844	PF00892;
P28303	PF01554;
P28369	PF00472;
P28697	
P28721	PF06551;
P28722	PF02753;PF00345;
P28912	PF01609;PF13808;
P28916	PF01609;PF13808;
P28917	PF01609;PF13808;
P29217	PF04337;
P29744	PF00669;
P30143	PF01235;
P30192	PF01609;PF13006;
P30852	PF02481;PF25317;PF17782;
P30864	PF00126;PF03466;
P30979	PF00126;PF03466;
P31061	PF07471;
P31063	PF13987;
P31064	PF04143;
P31130	PF04076;
P31131	PF02464;
P31433	PF05170;
P31435	PF13347;
P31437	PF00892;
P31446	PF27700;
P31447	PF00884;
P31448	PF00474;
P31449	PF02311;PF12833;
P31450	PF02056;
P31453	PF00392;PF07702;
P31456	PF01494;
P31463	PF00126;PF03466;
P31468	PF26516;
P31469	PF03691;
P31470	PF01182;
P31471	PF02922;PF00756;
P31475	PF07729;PF00392;
P31666	PF01522;
P31679	PF00083;
P31808	PF00106;
P31827	PF07715;
P32051	PF13018;PF12951;
P32057	PF13579;PF00534;
P32135	PF07690;
P32139	PF01263;
P32152	PF30457;PF30456;PF08279;PF00359;
P32153	PF05343;
P32155	PF00359;
P32674	PF01228;PF02901;
P32677	PF12833;
P32687	PF11102;
P32689	PF06082;
P32703	PF00999;
P32709	PF03916;
P32712	PF23914;
P33011	PF04632;
P33020	PF13412;PF00294;
P33029	PF01232;PF08125;
P33218	PF04391;
P33235	PF00460;PF06429;PF21158;PF22638;
P33236	PF01848;
P33345	PF05406;PF29395;
P33348	PF07728;PF31033;
P33349	PF18934;
P33353	PF04434;PF30366;PF30365;
P33354	PF06998;
P33366	PF09335;
P33368	PF13561;
P33554	PF07963;
P33634	PF00126;PF03466;
P33666	PF25784;
P33924	PF16168;PF03797;PF03212;
P33997	PF05930;
P34209	PF02698;
P36547	PF12833;
P36554	PF07690;
P36645	PF05157;PF00437;
P36646	PF00482;
P36881	PF03610;
P36928	PF00012;
P36930	PF08220;
P36943	PF11924;
P37007	PF13565;PF00665;PF30374;
P37008	PF06154;
P37014	PF27070;PF04754;
P37049	PF00149;
P37056	PF05708;
P37057	PF04606;
P37305	PF01848;
P37325	PF14488;
P37327	PF01226;
P37342	PF11230;
P37440	PF13561;
P37443	PF03772;PF00753;
P37626	
P37629	PF13258;PF21661;
P37630	PF10951;
P37640	PF00196;
P37641	PF00126;PF03466;
P37642	PF03631;
P37643	PF07690;PF00083;
P37648	PF00675;PF05193;
P37650	PF05420;PF13432;PF14559;
P37655	PF06564;
P37659	PF29399;PF11658;
P37660	PF03222;
P37663	PF03797;
P37673	PF04074;
P37681	PF06629;
P37682	PF00126;PF03466;
P37683	PF25917;PF30368;
P37748	
P37750	PF00132;
P37751	PF00534;
P37767	PF01418;PF01380;
P37903	PF00582;
P37909	PF00419;
P38055	PF07690;
P38104	PF13378;PF02746;
P38105	PF08240;PF00107;
P38392	PF14163;
P39161	PF07729;PF00392;
P39165	PF11924;PF30369;
P39187	PF09695;
P39212	PF01527;
P39263	PF03606;
P39264	PF00419;
P39270	PF09997;
P39282	PF13520;
P39284	PF10840;
P39314	PF00892;
P39332	PF01042;
P39336	PF13981;
P39337	PF00583;
P39338	PF05987;
P39343	PF00356;PF00532;
P39349	
P39355	PF07690;
P39356	PF04198;
P39357	PF02447;
P39360	PF01614;
P39361	PF00455;PF08220;
P39363	PF00359;
P39366	PF05343;
P39368	PF00583;
P39369	PF13087;PF13091;
P39379	PF07670;
P39381	PF06779;
P39382	PF06977;
P39383	PF01869;
P39384	PF06050;
P39389	PF00155;PF00392;
P39393	PF30425;PF27116;
P39407	PF19890;PF01734;
P39834	PF00419;
P39836	PF13593;
P39901	PF00486;
P41039	PF01258;
P42589	PF01588;
P42590	PF13520;
P42597	PF01863;
P42599	PF01408;PF22725;
P42603	PF10688;
P42616	PF06476;
P42619	PF07681;
P42906	PF01979;
P43340	PF02525;
P43531	PF07690;
P43533	PF05130;
P43667	PF05437;
P45394	PF01699;
P45420	PF13953;PF13954;PF00577;
P45423	PF17761;PF06250;
P45465	PF02021;
P45468	PF03773;
P45472	PF01541;
P45524	PF00561;
P45537	PF12805;PF13515;
P45546	PF10797;
P45549	PF01676;
P45566	PF06196;
P45570	PF04307;
P45581	PF21882;
P45757	PF11356;
P45771	PF01396;
P45848	PF09972;PF20990;
P46119	PF07214;
P46122	PF11622;
P46125	PF05661;
P46141	PF12084;
P46478	PF07869;
P46853	PF01408;PF02894;
P51024	PF09831;
P52007	PF06185;
P52044	PF00126;PF03466;
P52052	PF00437;
P52107	PF10610;
P52131	PF01926;
P52133	PF08220;PF13280;PF30459;
P52140	PF04002;
P52141	PF06154;
P52598	PF00455;PF08220;
P52636	PF12798;PF12801;
P52696	PF00126;PF03466;
P55138	PF02782;PF00370;
P55140	PF04536;
P56256	PF13247;PF12800;
P56262	PF01738;
P56614	PF10685;
P57998	PF03400;
P58035	PF02302;
P58041	PF06085;
P58042	PF06085;
P60632	PF03788;
P60869	PF06826;PF02080;
P60872	PF06826;PF02080;
P60995	PF08047;
P62723	PF03601;
P63264	PF13591;
P63340	PF03222;
P64429	PF04228;
P64432	PF01578;
P64439	PF11045;
P64442	PF10968;
P64455	PF10735;
P64481	PF04307;
P64496	PF08956;
P64503	PF07351;
P64508	PF10736;
P64515	PF01124;
P64519	PF10733;
P64545	PF11119;
P64548	PF13689;
P64564	PF02325;
P64567	PF11036;
P64572	
P64585	PF07332;
P64590	PF05656;
P64592	PF05656;
P64614	PF07338;
P65290	PF05433;
P65292	PF06004;
P65294	PF06004;
P65298	PF04728;
P65807	PF07687;PF01546;
P67127	PF03741;
P67143	PF01914;
P67153	PF03006;
P67244	PF03350;
P67553	PF06788;
P67601	PF06173;
P67660	PF00126;PF03466;
P67699	PF01381;
P67729	PF00654;
P67826	PF03932;
P68206	PF05532;
P68644	PF26311;PF01494;
P68646	
P68661	PF07102;
P69789	PF00367;
P69824	PF00359;
P71237	PF13692;PF13439;
P71238	PF27321;
P71239	PF00535;
P71242	PF04230;
P71243	PF00534;
P71244	PF27800;
P75678	PF01926;
P75679	PF01527;
P75681	PF00528;
P75693	PF01810;
P75694	PF07338;
P75697	PF25087;
P75719	PF03245;
P75734	PF13982;
P75741	PF01609;PF13808;
P75747	PF05145;
P75748	
P75749	PF02753;PF00345;
P75750	PF13953;PF13954;PF00577;
P75763	PF00939;
P75764	PF00330;PF00694;
P75767	PF01933;
P75770	PF03706;
P75779	PF13640;PF18331;
P75788	PF03600;
P75793	PF01228;PF02901;
P75810	PF07690;
P75818	PF12883;
P75822	PF11066;PF13460;
P75828	PF11398;PF20469;
P75835	PF13520;
P75836	PF00126;PF03466;
P75859	PF00419;
P75860	PF00419;
P75867	PF13654;PF05362;
P75870	PF12805;PF13515;
P75874	PF13380;
P75882	PF06082;
P75883	PF06251;PF20616;
P75884	PF11102;
P75885	
P75916	PF06496;
P75917	PF27184;
P75931	PF01408;PF21378;
P75933	PF13144;
P75936	PF03963;PF13860;PF13861;
P75937	PF00460;PF06429;PF07559;PF22692;
P75955	PF01757;
P75961	PF04536;
P75962	PF12158;
P75970	PF07825;
P75971	
P75974	PF00717;
P75981	PF04865;PF26079;PF26078;
P75991	PF10798;
P75992	
P76000	PF03797;
P76011	PF04226;
P76034	PF00455;PF08220;
P76049	PF02129;
P76053	PF01713;
P76056	PF12167;PF00589;
P76063	PF15943;
P76064	PF06254;
P76071	PF01609;PF05598;
P76072	PF07484;PF21446;PF03335;PF08400;PF31090;
P76076	PF07027;
P76090	PF01066;
P76092	PF12146;PF12147;
P76093	PF00782;
P76100	PF18836;
P76102	PF07282;PF12323;PF01385;
P76103	PF03594;
P76111	PF04657;
P76116	PF21783;
P76117	PF13409;
P76119	PF01609;PF13808;
P76127	PF10684;
P76134	PF04055;PF13186;
P76137	PF13953;PF00577;
P76138	
P76146	PF25539;
P76161	PF03589;
P76164	
P76168	PF12167;PF00589;
P76169	PF02694;
P76170	PF06932;
P76172	PF06649;
P76176	PF00089;
P76180	PF10754;
P76185	PF25963;PF25917;PF25876;
P76186	PF04632;
P76197	PF07690;
P76198	PF07690;
P76201	PF01012;
P76214	PF05962;
P76219	PF09335;
P76220	PF27149;
P76221	PF09335;
P76223	PF13416;
P76226	PF01066;
P76228	PF06889;
P76230	PF07690;
P76235	PF04285;
P76269	PF07690;
P76297	PF06366;
P76319	PF00583;
P76335	PF00267;
P76356	PF07715;
P76359	
P76361	PF27347;
P76362	PF04002;
P76369	PF00126;PF03466;
P76389	PF00571;PF03471;PF03741;
P76402	PF07411;
P76417	PF03825;
P76419	PF00294;
P76421	PF01183;
P76460	PF02667;
P76464	PF00207;PF07703;PF30429;PF30426;PF30427;PF01835;
P76470	PF07690;
P76471	PF07437;
P76482	PF04389;
P76483	PF08974;
P76509	PF05869;
P76514	
P76520	PF10938;
P76538	PF11143;
P76539	PF00583;
P76542	PF13356;PF22022;PF00589;
P76561	PF02230;
P76569	PF03960;
P76573	PF17358;
P76584	PF01263;
P76611	
P76616	PF02806;
P76628	PF07690;
P76630	PF03591;
P76633	PF13561;
P76639	PF30449;PF00486;
P76656	
P76657	PF21001;PF07290;
P77031	PF07690;
P77087	PF02413;
P77091	PF01848;
P77169	PF27151;
P77181	PF00132;
P77187	PF02629;PF27530;PF00549;
P77188	PF18649;
P77199	PF03797;PF03212;PF30452;
P77234	PF08238;
P77237	PF04971;
P77252	PF02754;
P77260	PF01232;PF08125;
P77263	
P77277	PF14450;
P77280	PF08240;PF00107;
P77293	PF00535;PF30648;
P77294	PF00419;
P77309	PF00126;PF03466;
P77316	PF08240;PF00107;
P77318	PF00884;
P77328	PF00860;
P77330	PF06291;
P77337	PF26311;PF01494;
P77354	
P77360	PF08240;PF00107;
P77375	PF13247;
P77376	PF01408;PF02894;
P77378	PF01012;PF00766;
P77381	PF27158;PF30223;
P77389	PF07690;
P77396	PF12833;
P77402	PF07883;PF12833;
P77409	PF01292;
P77414	PF00535;PF30438;
P77423	PF12838;
P77433	PF02589;
P77495	PF16177;PF00501;PF13193;
P77504	PF02687;
P77515	PF07484;PF03335;
P77519	PF00267;
P77528	PF06992;
P77536	PF13183;PF02589;PF11870;
P77538	PF12146;
P77539	PF08240;PF00107;
P77551	PF03245;
P77552	PF16168;PF03212;
P77554	PF07969;
P77559	PF00126;PF03466;
P77562	PF07759;
P77569	PF09339;PF01614;
P77588	PF09160;
P77601	PF12833;
P77609	PF14282;
P77610	PF00324;
P77616	PF02753;PF00345;
P77624	PF00696;
P77634	PF12833;
P77668	PF30371;PF01058;
P77694	PF27328;PF29737;PF29735;
P77695	PF08178;
P77698	PF07508;PF00239;PF13408;
P77699	PF02413;
P77700	PF00126;PF03466;
P77713	PF17851;PF04616;
P77714	
P77717	PF09619;
P77721	PF00455;PF08220;
P77726	PF07690;PF21987;
P77730	PF00155;PF00392;
P77732	PF09339;PF01614;
P77739	PF03881;
P77746	PF00126;PF03466;
P77779	PF03527;
P77789	PF00419;
P77802	PF15976;PF30442;PF16967;
P77808	PF00994;
Q2EEQ2	PF00444;
Q2EES1	PF28032;
Q2EES6	PF27791;
Q2EET0	
Q2EET2	PF13980;
Q2M5U1	PF07043;
Q46755	PF04247;
Q46790	PF01464;
Q46791	PF00196;
Q46795	PF09482;
Q46797	
Q46807	PF00696;
Q46812	PF01979;
Q46832	PF04612;PF28880;
Q46833	PF12693;PF28903;
Q46834	PF11356;
Q46835	PF16549;
Q46840	
Q46841	PF01943;
Q46844	
Q46861	PF11842;PF04055;PF08497;
Q46866	PF06445;
Q46867	PF10840;
Q46888	PF14833;PF03446;
Q46889	PF17042;PF07005;
Q46892	PF02447;
Q46904	PF01266;PF21162;
Q46905	
Q46906	PF04309;
Q46907	PF01012;PF00766;
Q46909	PF00083;
Q46911	PF02913;PF01565;
Q46942	PF00486;PF30431;
Q47147	PF13230;
Q47151	PF00877;
Q47153	PF00771;
Q47154	PF00691;
Q47158	PF13673;
Q47269	
Q47274	PF06530;
Q47534	PF19413;
Q47536	PF00535;
Q47679	PF00795;
Q47684	PF06154;
Q47685	PF04002;
Q47688	PF00078;
Q47718	PF00665;
Q6BF25	PF13940;
Q6BF87	PF13940;
Q79E92	PF01527;
U3PVA8	
A0A385XJK5	
A0A385XJL2	
A5A607	PF13132;
A5A611	PF28591;
A5A612	PF28592;
A5A613	PF26518;
A5A614	PF23675;
A5A617	PF28593;
A5A619	PF28594;
A5A621	PF28148;
A5A625	PF15596;
A8DYQ1	
C1P5Z9	
C1P600	
C1P604	
C1P606	PF28102;
C1P612	
C1P613	
C1P614	
C1P618	PF28071;
C1P619	
C1P620	PF28018;
C1P621	
P02338	
P07010	PF27490;
P08370	PF10713;
P09154	PF02413;
P09996	PF20159;
P0A828	PF04361;
P0A8E5	PF06062;
P0A8K5	PF06786;
P0A8L5	PF03692;
P0A8R4	PF04102;
P0AA95	PF09691;
P0AA97	PF07152;
P0AAL9	PF03692;
P0AAN5	PF16362;
P0AAQ6	PF07237;
P0AAS9	PF04328;
P0AAT2	PF04237;
P0AAT9	PF07295;
P0AAU2	PF10725;
P0AAU5	PF30169;
P0AAV6	PF13985;
P0AAV8	PF04303;
P0AAW1	PF03372;
P0AAY4	
P0AB03	PF01636;
P0AB31	PF07119;
P0AB43	PF05166;
P0AB46	PF16456;
P0AB61	PF10692;
P0ACV8	PF10820;
P0ACW0	PF07151;
P0ACW2	PF03891;
P0ACW4	PF27300;
P0ACW6	PF04325;
P0ACW8	PF07151;
P0AD05	PF02810;PF03695;
P0AD07	PF10769;
P0AD10	PF10964;
P0AD21	PF13989;
P0AD33	PF04175;
P0AD37	PF07037;
P0AD40	PF12843;
P0AD53	PF09400;
P0AD74	PF28075;
P0ADC8	PF04328;
P0ADD9	
P0ADF0	
P0ADK0	PF11254;
P0ADL3	PF06711;
P0ADM6	PF27265;
P0ADP9	PF06288;
P0ADS9	PF11101;
P0ADU7	PF06853;
P0ADV5	PF00296;
P0ADW8	PF09526;
P0ADX1	PF02566;
P0ADX5	PF10832;
P0AEG8	PF10781;
P0AF34	PF05656;
P0AF48	PF01894;
P0AF50	PF04237;
P0AF56	PF08238;
P0AF59	PF06902;
P0AF70	PF13698;
P0AF73	PF09838;
P0AF76	PF09938;
P0AFT8	PF03692;
P0AFU6	
P0CD93	
P0CF86	
P0DN74	PF11823;
P0DPC8	PF23641;
P0DPC9	PF23641;
P0DPM5	
P0DPM6	
P0DPM7	
P0DPM8	PF13148;
P0DPM9	PF12728;
P0DPN0	
P0DPN1	PF23686;
P0DPN2	
P0DPN3	PF23688;
P0DPN4	PF23689;
P0DPN5	PF23495;
P0DPN6	
P0DPN7	
P0DPN8	
P0DPN9	PF23691;
P0DPO0	PF23693;
P0DPO1	PF23694;
P0DPO2	PF23692;
P0DPO3	PF23677;
P0DPO4	PF23676;
P0DPO5	PF23695;
P0DPO6	
P0DPO7	PF23696;
P0DPO9	
P0DPP0	PF23697;
P0DPP1	
P0DPP3	PF23680;
P0DPP4	
P0DPP5	PF23690;
P0DPP6	PF23678;
P0DPP7	
P0DPP8	PF23700;
P0DSE3	
P0DSE5	
P0DSE6	
P0DSE7	
P0DSE8	
P0DSE9	
P0DSF0	PF23497;
P0DSF1	
P0DSF2	
P0DSF3	PF23498;
P0DSF4	PF23499;
P0DSF5	PF23502;
P0DSF6	
P0DSF7	
P0DSF8	PF23504;
P0DSF9	
P0DSG1	
P0DSG2	PF23505;
P0DSG3	PF23506;
P0DSG4	
P0DSG5	PF23507;
P0DSG6	
P0DSG7	
P0DSG8	PF23514;
P0DSG9	
P0DSH0	
P0DSH1	
P0DSH4	PF23515;
P0DSH5	
P0DSH6	
P0DSH7	PF28199;
P0DSH8	
P0DSH9	
P0DSI0	PF23516;
P0DUW0	
P0DUW1	
P0DUW2	PF23642;
P0DUW3	
P0DUW4	PF23644;
P0DV19	
P0DV20	
P0DV21	
P0DV22	
P0DV23	
P11289	PF10973;
P11664	
P11864	
P11865	PF27690;
P15033	
P17994	PF09909;
P19768	PF13518;
P20343	
P21363	PF05974;
P21418	
P23305	PF04340;
P24238	PF05708;
P24252	PF08349;
P25666	PF09612;
P25728	PF11756;
P25907	PF10971;
P27238	PF07037;
P27840	PF09992;
P27842	PF10947;
P28696	PF10807;
P28911	PF15631;
P28915	
P29009	
P29010	PF07358;
P29013	PF04293;PF24755;
P30866	PF08241;
P31062	PF07471;
P31121	PF13999;
P31443	
P31455	PF12566;
P31991	
P32106	
P32108	PF11742;
P32109	PF30400;PF03527;
P32128	PF06097;
P32134	PF01261;
P32151	PF12889;
P32160	PF07305;
P32162	PF04175;
P32167	PF05708;
P32668	PF06940;
P32680	PF04222;
P32681	PF07356;
P32685	PF11656;
P32688	PF06251;PF20616;
P32690	PF00805;PF13981;
P32693	
P32694	PF10897;
P32700	PF15940;
P32704	PF00805;
P33227	PF07484;
P33344	PF10836;
P33346	PF13569;PF29395;
P33347	PF30238;
P33352	PF05762;
P33355	PF07308;
P33668	PF15631;
P33669	PF26610;
P36661	
P36677	PF09350;
P36682	PF11737;
P37003	PF10946;
P37052	PF02810;PF17775;
P37348	PF01904;
P37614	PF06611;
P37615	PF10694;
P37627	PF13258;
P37635	
P37691	PF04748;
P38394	PF27493;
P39220	
P39221	
P39274	PF14542;
P39279	PF15922;
P39283	
P39293	PF10679;
P39295	PF06693;
P39308	PF10887;
P39309	PF17938;
P39317	
P39342	PF05872;
P39351	PF13817;
P39354	PF16747;
P39364	PF03437;
P39367	PF13649;
P39374	PF10887;
P39385	PF04286;
P39390	PF06568;
P39391	PF27205;PF29791;PF30458;PF27201;
P42591	PF27458;
P42598	PF02698;
P42625	PF29759;
P45421	
P45422	PF06551;
P45469	PF13460;
P45505	
P45545	PF00155;PF22475;
P45550	PF01168;PF21279;
P45551	
P45552	PF14502;PF14503;
P45564	PF03502;
P45736	PF04480;
P45795	PF07369;
P45804	PF13687;
P45807	PF10689;
P46126	PF10043;
P46142	PF06717;
P46144	PF01966;
P46855	PF05638;PF30439;
P46856	
P46857	PF15567;
P46879	
P46887	PF10678;
P46890	PF00496;PF12793;
P52048	PF08240;PF00107;
P52060	PF02594;
P52096	PF00903;
P52123	
P52124	PF13148;PF30336;
P52125	PF11726;
P52128	PF07510;
P52132	PF06067;
P52134	
P52135	PF27224;
P52138	
P52139	PF03230;
P52644	PF03724;
P54901	PF30428;PF00874;
P55914	PF07256;
P56257	
P56259	PF02452;
P58033	PF06174;
P58036	
P58037	
P58094	PF29766;
P58095	PF06006;
P62066	
P62522	PF08046;
P62672	PF04379;
P62768	PF11944;
P64435	
P64445	PF10749;
P64451	PF11769;
P64459	PF10829;
P64463	PF14001;
P64471	PF07869;
P64474	PF06945;
P64476	PF15930;
P64479	PF11080;
P64485	PF04226;
P64488	PF09313;
P64490	PF08986;
P64493	PF03891;
P64499	PF13974;
P64517	PF09926;
P64521	PF06174;
P64526	PF25638;
P64536	PF10808;
P64540	PF08891;
P64542	PF10697;
P64557	PF00941;
P64562	PF03466;
P64570	PF17430;
P64574	PF11115;
P64610	PF10707;
P64616	PF01337;
P64619	PF10831;
P64622	
P64624	PF13309;PF08348;
P64627	PF13978;
P64631	PF10941;
P67338	PF03701;
P67624	PF06794;
P67762	
P71296	PF27701;
P71297	
P71311	PF02585;
P75616	PF10697;
P75617	PF13099;PF03981;
P75620	
P75672	PF08241;
P75675	
P75676	PF03230;
P75677	PF06006;
P75680	
P75684	PF03466;
P75688	
P75692	
P75704	PF10971;
P75711	
P75717	
P75718	
P75737	
P75769	
P75791	PF07350;
P75821	PF01370;
P75829	PF04393;
P75839	PF04239;
P75910	PF29186;PF30474;
P75946	PF07233;
P75967	PF08242;
P75968	PF30251;
P75972	
P75973	
P75975	
P75976	PF06892;
P75977	
P75978	PF13730;PF03354;PF20441;
P75979	
P75980	PF04860;
P75982	PF10076;
P75988	PF07166;
P75994	
P76001	PF05666;
P76012	
P76023	
P76035	
P76061	PF14555;
P76065	PF07120;PF29405;
P76066	PF07789;
P76068	PF02195;
P76069	PF27119;
P76073	PF27475;
P76096	
P76118	PF17520;
P76121	PF01613;
P76122	
P76123	PF00560;
P76148	PF13811;
P76150	
P76154	PF27475;
P76155	PF02413;PF28596;
P76156	PF07166;
P76157	PF30161;
P76158	PF10721;
P76160	PF07041;
P76162	PF06147;
P76163	
P76165	PF06254;
P76177	PF07338;
P76196	PF08965;
P76205	
P76206	PF04338;
P76208	PF14002;
P76210	
P76222	PF02627;
P76227	PF07383;
P76231	PF07023;
P76239	PF23689;
P76243	PF22752;
P76275	PF07358;
P76280	PF00795;
P76296	PF07007;
P76308	PF13992;
P76322	PF17607;
P76323	
P76349	
P76394	PF10077;
P76396	PF00092;
P76406	PF27694;
P76418	PF03747;
P76462	PF09906;PF30407;
P76463	PF10062;PF08486;
P76466	PF06672;
P76481	PF00092;PF12450;PF12034;
P76484	PF30162;
P76485	PF27222;
P76486	PF30107;PF30106;
P76505	
P76507	PF27133;
P76508	PF21882;
P76510	PF06069;
P76512	PF27127;
P76513	PF10065;
P76515	PF29660;
P76516	PF29769;PF30451;
P76521	PF10810;
P76537	PF06572;
P76543	
P76544	
P76545	
P76546	PF20901;
P76547	
P76548	
P76549	
P76550	
P76559	PF06674;
P76575	PF07191;
P76585	PF17128;PF13432;PF29285;
P76586	PF00480;
P76612	PF17621;
P76613	PF17621;
P76692	
P77136	
P77147	PF27195;
P77148	PF13454;PF30338;
P77162	PF27224;
P77163	PF02413;PF28596;
P77174	PF30335;PF02195;
P77180	
P77184	PF06316;
P77206	PF06067;
P77216	PF11922;PF01507;
P77219	PF06496;
P77221	PF06545;
P77286	PF18883;PF03797;
P77296	PF08238;
P77297	PF11392;PF30333;
P77301	PF01963;
P77326	PF02413;
P77339	PF25851;
P77393	
P77427	PF06889;
P77453	PF07450;
P77460	PF08242;
P77506	PF06643;
P77546	PF01695;
P77564	PF27264;
P77598	PF07166;
P77607	PF07638;
P77627	PF06889;
P77656	PF02413;
P77657	PF11726;
P77658	PF06791;
P77688	PF13551;
P77736	PF12796;
P77759	PF03527;
P77775	PF08338;PF01370;
P78271	PF05406;
Q2EEP9	
Q2EEQ3	
Q2EEQ8	PF13808;
Q2EER5	
Q2EES0	PF13132;
Q2EES3	PF10662;
Q2EEU2	PF09857;
Q2M7M3	PF13983;
Q2M7R5	
Q2M7X4	PF27428;
Q2MB16	PF13996;
Q46786	
Q46787	PF07720;
Q46789	
Q46793	
Q46796	
Q46808	PF13478;PF02625;
Q46809	PF19842;
Q46819	PF13247;PF12800;
Q46831	PF04474;
Q46843	
Q46858	PF12883;
Q46919	PF04287;
Q46941	PF27348;
Q46943	PF27292;
Q47138	PF27432;PF27430;
Q47268	
Q47270	PF05322;
Q47272	PF26818;
Q47702	PF17263;
Q47710	PF13997;
Q47719	
Q6BEX5	PF28054;
Q7DFU6	PF01738;
Q7DFV3	PF13441;
Q7DFV4	
Q9XB42	PF06174;
Q9Z3A0	
V9HVX0	PF27070;
