Entry	Gene Names (primary)	TCDB
A5A616	mgtS	
O32583	thiS	
P00350	gnd	
P00363	frdA	
P00370	gdhA	
P00393	ndh	
P00448	sodA	
P00452	nrdA	
P00490	malP	
P00509	aspC	
P00550	mtlA	4.A.2.1.2;
P00561	thrA	
P00562	metL	
P00579	rpoD	
P00582	polA	
P00634	phoA	
P00722	lacZ	
P00803	lepB	9.B.391.1.3;
P00804	lspA	
P00805	ansB	
P00811	ampC	
P00861	lysA	
P00864	ppc	
P00893	ilvI	
P00894	ilvH	
P00903	pabA	
P00904	trpGD	
P00914	phrB	
P00926	dsdA	
P00935	metB	
P00936	cyaA	
P00946	manA	
P00956	ileS	
P00957	alaS	
P00959	metG	
P00962	glnS	
P00963	asnA	
P00968	carB	
P02358	rpsF	
P02359	rpsG	
P02916	malF	3.A.1.1.1;
P02918	mrcA	
P02919	mrcB	
P02920	lacY	2.A.1.5.1;
P02921	melB	
P02925	rbsB	3.A.1.2.1;
P02929	tonB	2.C.1.1.1;
P02930	tolC	1.B.17.1.1;
P02931	ompF	1.B.1.1.1;
P02942	tsr	
P02943	lamB	1.B.3.1.1;
P03004	dnaA	
P03007	dnaQ	
P03018	uvrD	
P03023	lacI	
P03819	kefC	2.A.37.1.1;
P03959	kdpA	3.A.3.7.1;
P03960	kdpB	3.A.3.7.1;
P03961	kdpC	3.A.3.7.1;
P04036	dapB	
P04079	guaA	
P04152	umuC	
P04391	argI	
P04395	alkA	
P04425	gshB	
P04693	tyrB	
P04805	gltX	
P04825	pepN	
P04968	ilvA	
P04982	rbsD	
P04983	rbsA	3.A.1.2.1;
P04993	recD	
P04994	xseA	
P04995	sbcB	
P05020	pyrC	
P05041	pabB	
P05042	fumC	
P05050	alkB	
P05055	pnp	
P05194	aroD	
P05458	ptrA	
P05523	mutM	
P05637	apaH	
P05704	trg	
P05791	ilvD	
P05793	ilvC	
P05804	uidA	
P05824	recN	
P05825	fepA	1.B.14.1.22;
P05852	tsaD	
P06129	btuB	1.B.14.3.1;
P06134	ada	
P06136	ftsQ	
P06149	dld	
P06609	btuC	3.A.1.13.1;
P06610	btuE	
P06611	btuD	3.A.1.13.1;
P06612	topA	
P06616	era	
P06709	birA	
P06710	dnaX	
P06715	gor	
P06721	metC	
P06722	mutH	
P06959	aceF	
P06961	cca	
P06968	dut	
P06971	fhuA	1.B.14.1.2;
P06972	fhuB	3.A.1.14.3;
P06974	fliM	
P06983	hemC	
P06988	hisD	
P06992	rsmA	
P06993	malT	
P06996	ompC	1.B.1.1.3;
P06999	pfkB	
P07001	pntA	3.D.2.1.1;
P07003	poxB	
P07004	proA	
P07012	prfB	
P07013	priB	
P07014	sdhB	
P07017	tar	
P07024	ushA	
P07026	sdiA	
P07102	appA	
P07117	putP	2.A.21.2.1;
P07118	valS	
P07330	cheB	
P07363	cheA	
P07395	pheT	
P07464	lacA	
P07604	tyrR	
P07623	metAS	
P07639	aroB	
P07648	recC	
P07649	truA	
P07658	fdhF	3.D.1.9.2;
P07821	fhuC	3.A.1.14.3;
P07822	fhuD	3.A.1.14.3;
P07862	ddlB	
P07913	tdh	
P08179	purN	
P08191	fimH	
P08192	folC	
P08200	icd	
P08201	nirB	
P08202	araA	
P08203	araD	
P08244	pyrF	
P08312	pheS	
P08337	mutT	
P08373	murB	
P08394	recB	
P08395	sppA	
P08400	phoR	
P08506	dacC	
P08622	dnaJ	
P08660	lysC	
P08839	ptsI	8.A.7.1.1;
P08956	hsdR	3.A.17.1.1;
P09029	purK	
P09030	xthA	
P09099	xylB	
P09147	galE	
P09148	galT	
P09152	narG	5.A.3.1.1;
P09158	speE	
P09169	ompT	9.B.50.1.1;
P09323	nagE	4.A.1.1.2;
P09348	motA	1.A.30.1.1;
P09372	grpE	
P09373	pflB	
P09377	rhaS	
P09391	glpG	9.B.104.1.1;
P09394	glpQ	
P09546	putA	
P09831	gltB	
P09832	gltD	
P09835	uhpB	
P09980	rep	
P0A698	uvrA	
P0A6A0	ubiB	
P0A6A3	ackA	
P0A6A8	acpP	
P0A6B4	alr	
P0A6B7	iscS	
P0A6C1	nfo	
P0A6C8	argB	
P0A6D0	argR	
P0A6D3	aroA	
P0A6D5	ydiB	
P0A6D7	aroK	
P0A6E1	aroL	
P0A6E4	argG	
P0A6E6	atpC	3.A.2.1.1;
P0A6F1	carA	
P0A6F3	glpK	
P0A6F5	groEL	
P0A6F9	groES	
P0A6G7	clpP	
P0A6H1	clpX	
P0A6H5	hslU	
P0A6H8	clsA	
P0A6I0	cmk	
P0A6I6	coaD	
P0A6J1	cysC	
P0A6J3	cysZ	2.A.121.1.1;
P0A6J5	dadA	
P0A6K1	dapF	
P0A6K3	def	
P0A6K6	deoB	
P0A6L0	deoC	
P0A6L2	dapA	
P0A6L4	nanA	
P0A6M2	dsbB	5.A.2.1.1;
P0A6M4	dtd	
P0A6M8	fusA	
P0A6N4	efp	
P0A6N8	efpL	
P0A6P1	tsf	
P0A6P5	der	
P0A6P9	eno	
P0A6Q3	fabA	
P0A6Q6	fabZ	
P0A6R0	fabH	
P0A6R3	fis	
P0A6S5	ftsB	
P0A6S7	gpsA	
P0A6T1	pgi	
P0A6T3	galK	
P0A6T5	folE	
P0A6U3	mnmG	
P0A6U5	rsmG	
P0A6V1	glgC	
P0A6V5	glpE	
P0A6W3	mraY	9.B.146.1.6;
P0A6X1	hemA	
P0A6X3	hfq	9.B.468.1.1;
P0A6X7	ihfA	
P0A6Y1	ihfB	
P0A6Y5	hslO	
P0A6Y8	dnaK	1.A.33.1.2;
P0A6Z3	htpG	
P0A6Z6	nikR	
P0A700	hypA	
P0A703	hybF	3.D.7.2.5;
P0A705	infB	
P0A707	infC	
P0A710	yciB	9.B.357.1.1;
P0A712	kdgT	2.A.10.1.2;
P0A715	kdsA	
P0A717	prs	
P0A720	tmk	
P0A722	lpxA	
P0A725	lpxC	
P0A729	yceF	
P0A731	mgsA	
P0A738	moaC	
P0A742	mscL	1.A.22.1.1;
P0A744	msrA	
P0A746	msrB	
P0A749	murA	
P0A754	kefF	2.A.37.1.1;
P0A759	nagB	
P0A761	nanE	
P0A763	ndk	
P0A769	mntH	2.A.55.3.1;
P0A776	rppH	
P0A784	orn	
P0A786	pyrB	
P0A790	panD	
P0A794	pdxJ	
P0A796	pfkA	
P0A799	pgk	
P0A7A7	plsB	
P0A7A9	ppa	
P0A7B1	ppk	
P0A7B3	nadK	
P0A7B5	proB	
P0A7B8	hslV	
P0A7C2	lexA	
P0A7D1	pth	
P0A7D4	purA	
P0A7E1	pyrD	
P0A7E3	pyrE	
P0A7E5	pyrG	
P0A7E9	pyrH	
P0A7F6	speD	
P0A7F9	queA	
P0A7G2	rbfA	
P0A7G6	recA	
P0A7H0	recF	
P0A7I4	prfC	
P0A7I7	ribA	
P0A7J0	ribB	
P0A7J3	rplJ	
P0A7J7	rplK	
P0A7K2	rplL	
P0A7K6	rplS	
P0A7L0	rplA	
P0A7L3	rplT	
P0A7L8	rpmA	
P0A7M2	rpmB	
P0A7M6	rpmC	
P0A7M9	rpmE	
P0A7N4	rpmF	
P0A7N9	rpmG	
P0A7R1	rplI	
P0A7R5	rpsJ	
P0A7R9	rpsK	
P0A7S3	rpsL	
P0A7S9	rpsM	
P0A7T3	rpsP	
P0A7T7	rpsR	
P0A7U3	rpsS	
P0A7U7	rpsT	
P0A7V0	rpsB	
P0A7V3	rpsC	
P0A7V8	rpsD	
P0A7W1	rpsE	
P0A7W7	rpsH	
P0A7X3	rpsI	
P0A7X6	rimM	
P0A7Y0	rnc	
P0A7Y4	rnhA	
P0A7Z0	rpiA	
P0A7Z4	rpoA	
P0A800	rpoZ	
P0A809	ruvA	
P0A812	ruvB	
P0A814	ruvC	
P0A817	metK	
P0A821	selA	
P0A825	glyA	
P0A830	dctA	2.A.23.1.7;
P0A832	smpB	
P0A836	sucC	
P0A840	surE	
P0A847	tgt	
P0A850	tig	
P0A853	tnaA	
P0A855	tolB	2.C.1.2.1;
P0A858	tpiA	
P0A862	tpx	
P0A870	talB	
P0A873	trmD	
P0A879	trpB	
P0A884	thyA	
P0A887	ubiE	
P0A890	tusA	
P0A894	rapZ	
P0A898	ybeY	
P0A8B2	smrB	
P0A8D6	ymdB	
P0A8E7	yajQ	
P0A8F0	upp	
P0A8F8	uvrB	
P0A8G0	uvrC	
P0A8G6	wrbA	
P0A8G9	xseB	
P0A8H3	zupT	2.A.5.5.1;
P0A8H6	yihI	
P0A8I1	yqgF	
P0A8I5	trmB	
P0A8I8	rlmH	
P0A8J2	dnaT	
P0A8J8	rhlB	
P0A8K1	psd	
P0A8L1	serS	
P0A8M0	asnS	
P0A8M3	thrS	
P0A8M6	tmaR	
P0A8N0	matP	
P0A8N3	lysS	
P0A8N5	lysU	
P0A8N7	epmA	
P0A8P6	xerC	
P0A8P8	xerD	
P0A8Q0	frdC	
P0A8Q3	frdD	
P0A8R0	rraA	
P0A8S1	argP	
P0A8S9	flhD	
P0A8T1	prmA	
P0A8T7	rpoC	
P0A8V0	rbn	
P0A8V2	rpoB	
P0A8V6	fadR	
P0A8W0	nanR	
P0A8X0	darP	
P0A8Y1	yjjG	
P0A8Y3	yihX	
P0A8Y5	yidA	
P0A8Y8	entH	
P0A903	bamC	1.B.33.1.3;
P0A910	ompA	1.B.6.1.1;
P0A912	pal	
P0A921	pldA	
P0A924	pgpB	
P0A935	mltA	
P0A937	bamE	1.B.33.1.3;
P0A940	bamA	
P0A944	rimI	
P0A948	rimJ	
P0A951	speG	
P0A953	fabB	
P0A955	eda	
P0A959	alaA	
P0A962	ansA	
P0A964	cheW	
P0A968	cspD	
P0A972	cspE	
P0A988	dnaN	
P0A991	fbaB	
P0A993	fbp	
P0A998	ftnA	1.A.155.1.3;
P0A9A6	ftsZ	
P0A9A9	fur	
P0A9B2	gapA	
P0A9B6	epd	
P0A9C0	glpA	
P0A9C5	glnA	
P0A9C9	glpX	
P0A9D2	gstA	
P0A9D8	dapD	
P0A9E0	araC	
P0A9E5	fnr	
P0A9G4	cueR	
P0A9G6	aceA	
P0A9G8	modE	
P0A9H3	cadA	
P0A9H7	cfa	
P0A9H9	cheZ	
P0A9J0	rng	
P0A9J4	panE	
P0A9J6	rbsK	
P0A9J8	pheA	
P0A9K7	phoU	
P0A9K9	slyD	
P0A9L3	fklB	
P0A9M0	lon	
P0A9M2	hpt	
P0A9M5	gpt	
P0A9M8	pta	
P0A9N4	pflA	
P0A9N8	nrdG	
P0A9P0	lpdA	
P0A9P4	trxB	
P0A9P6	deaD	
P0A9Q1	arcA	
P0A9Q5	accD	
P0A9Q7	adhE	
P0A9Q9	asd	
P0A9R7	ftsE	3.A.1.140.1;
P0A9S1	fucO	
P0A9S5	gldA	
P0A9S7	livG	3.A.1.4.1;
P0A9T0	serA	
P0A9V1	lptB	1.B.42.1.2;
P0A9V8	yihU	
P0A9W3	ettA	
P0A9X4	mreB	9.B.157.1.3;
P0A9X9	cspA	
P0A9Y6	cspC	
P0A9Z1	glnB	
P0AA04	ptsH	8.A.8.1.1;
P0AA10	rplM	
P0AA16	ompR	
P0AA25	trxA	
P0AA37	rluA	
P0AA41	truC	
P0AA43	rsuA	
P0AA47	plaP	2.A.3.1.14;
P0AA76	dgoT	2.A.1.14.7;
P0AA78	exuT	2.A.1.14.2;
P0AA84	clsB	
P0AA89	dosC	
P0AA93	ypdA	
P0AA99	dpaA	
P0AAA9	zraP	
P0AAB4	ubiD	
P0AAC6	yccA	1.A.14.2.1;
P0AAC8	iscA	
P0AAD6	sdaC	2.A.42.2.1;
P0AAD8	tdcC	2.A.42.2.2;
P0AAE0	cycA	2.A.3.1.7;
P0AAE8	cadB	2.A.3.2.2;
P0AAF1	potE	2.A.3.2.1;
P0AAG0	dppD	
P0AAH0	pstB	3.A.1.7.1;
P0AAH4	sapD	3.A.1.5.42;
P0AAI3	ftsH	3.A.29.1.5;
P0AAI5	fabF	
P0AAJ3	fdnH	5.A.3.2.1;
P0AAJ5	fdoH	
P0AAM1	hyaC	
P0AAM3	hypC	
P0AAM7	hybG	3.D.7.2.5;
P0AAN3	hypB	
P0AAP3	frmR	
P0AAR3	ybaK	
P0AAT4	ybdG	1.A.23.4.5;
P0AAT6	rsfS	
P0AAW9	acrZ	2.A.6.2.2;8.A.50.1.1;
P0AAX8	ybiS	
P0AAZ4	rarA	
P0AB06	mepK	
P0AB38	lpoB	
P0AB58	lapB	
P0AB71	fbaA	
P0AB74	kbaY	
P0AB77	kbl	
P0AB80	ilvE	
P0AB83	nth	
P0AB85	apbE	
P0AB87	fucA	
P0AB89	purB	
P0AB91	aroG	
P0AB98	atpB	3.A.2.1.1;
P0ABA6	atpG	3.A.2.1.1;
P0ABB0	atpA	3.A.2.1.1;
P0ABB4	atpD	3.A.2.1.1;
P0ABB8	mgtA	
P0ABC3	hflC	
P0ABC7	hflK	
P0ABD3	bfr	
P0ABD5	accA	
P0ABD8	accB	
P0ABE5	cybB	
P0ABF1	pcnB	
P0ABF6	cdd	
P0ABG1	cdsA	
P0ABG4	ftsW	2.A.103.1.1;
P0ABG7	mrdB	2.A.103.1.2;8.A.254.1.1;
P0ABH0	ftsA	
P0ABH7	gltA	
P0ABH9	clpA	
P0ABI4	corA	1.A.35.1.1;
P0ABI8	cyoB	3.D.4.5.1;
P0ABJ1	cyoA	3.D.4.5.1;
P0ABJ3	cyoC	3.D.4.5.1;
P0ABJ6	cyoD	3.D.4.5.1;
P0ABJ9	cydA	3.D.4.3.2;
P0ABK2	cydB	3.D.4.3.2;
P0ABK5	cysK	
P0ABK7	csgB	
P0ABK9	nrfA	5.A.3.5.3;
P0ABL3	napB	3.D.11.1.1;
P0ABN1	dgkA	
P0ABN5	dcuA	2.A.13.1.1;
P0ABN9	dcuB	2.A.13.1.2;
P0ABP8	deoD	
P0ABQ0	coaBC	
P0ABQ4	folA	
P0ABR9	mhpB	
P0ABS1	dksA	
P0ABS5	dnaG	
P0ABS8	holE	
P0ABT2	dps	
P0ABU0	menB	
P0ABU2	ychF	
P0ABU7	exbB	1.A.30.2.1;
P0ABU9	tolQ	1.A.30.2.2;
P0ABV2	exbD	1.A.30.2.1;
P0ABV6	tolR	
P0ABY7	flhC	
P0ABZ1	fliG	
P0ABZ6	surA	
P0AC00	frlB	
P0AC02	bamD	1.B.33.1.3;
P0AC13	folP	
P0AC16	folB	
P0AC19	folX	
P0AC23	focA	1.A.16.1.1;
P0AC30	ftsX	
P0AC33	fumA	
P0AC38	aspA	
P0AC41	sdhA	
P0AC44	sdhD	
P0AC47	frdB	
P0AC53	zwf	
P0AC55	glnK	
P0AC69	grxD	
P0AC75	waaA	
P0AC78	wecA	9.B.146.1.7;
P0AC81	gloA	
P0AC84	gloB	
P0AC88	gmd	
P0AC98	satP	2.A.96.1.1;
P0ACB0	dnaB	
P0ACB2	hemB	
P0ACB4	hemG	
P0ACC1	prmC	
P0ACC3	erpA	
P0ACC7	glmU	
P0ACD4	iscU	
P0ACD8	hyaB	
P0ACE0	hybC	3.D.7.2.5;
P0ACE3	hha	
P0ACE7	hinT	
P0ACF0	hupA	
P0ACF4	hupB	
P0ACF8	hns	
P0ACG1	stpA	
P0ACG8	hslR	
P0ACJ0	lrp	
P0ACJ8	crp	
P0ACN4	allR	
P0ACN7	cytR	
P0ACP7	purR	
P0ACQ4	oxyR	
P0ACR9	mprA	
P0ACS9	acrR	
P0ACV0	lpxL	
P0ACV6	mpaA	
P0ACY3	yeaG	
P0ACZ4	evgA	
P0AD14	btsS	
P0AD27	pbgA	2.A.127.1.2;
P0AD49	raiA	
P0AD57	ispB	
P0AD59	ivy	
P0AD61	pykF	
P0AD65	mrdA	8.A.254.1.1;
P0AD68	ftsI	
P0AD70	ampH	
P0AD99	brnQ	2.A.26.1.10;
P0ADA1	tesA	
P0ADC1	lptE	1.B.42.1.2;
P0ADE4	tamA	1.B.33.2.4;
P0ADG4	suhB	
P0ADG7	guaB	
P0ADI4	entB	
P0ADL1	nepI	2.A.1.2.26;
P0ADN0	viaA	
P0ADN2	maoP	
P0ADP0	yigB	
P0ADP2	yigI	9.B.371.1.8;
P0ADR8	ppnN	
P0ADS2	zapA	
P0ADV1	lptA	1.B.42.1.2;
P0ADV9	lptC	
P0ADY1	ppiD	3.A.5.1.1;
P0ADY3	rplN	
P0ADY7	rplP	
P0ADZ0	rplW	
P0ADZ4	rpsO	
P0AE01	trmJ	
P0AE06	acrA	8.A.1.6.1;
P0AE08	ahpC	
P0AE12	amn	
P0AE16	ampG	2.A.1.25.2;
P0AE18	map	
P0AE22	aphA	
P0AE24	araE	2.A.1.1.2;
P0AE52	bcp	
P0AE67	cheY	
P0AE70	mazF	
P0AE72	mazE	
P0AE82	cpxA	
P0AE85	cpxP	
P0AE88	cpxR	
P0AEA8	cysG	
P0AEB2	dacA	
P0AEC3	arcB	
P0AEC5	barA	
P0AEC8	dcuS	
P0AED7	dapE	
P0AEE3	degS	
P0AEE5	mglB	3.A.1.2.3;
P0AEE8	dam	
P0AEF0	dnaC	
P0AEG4	dsbA	
P0AEG6	dsbC	
P0AEH1	rseP	9.B.149.2.3;
P0AEI1	miaB	
P0AEJ2	entC	
P0AEJ4	envZ	
P0AEJ6	eutB	
P0AEK2	fabG	
P0AEK4	fabI	
P0AEK7	fdnI	5.A.3.2.1;
P0AEL0	fdoI	
P0AEL8	fimZ	
P0AEM6	fliA	
P0AEM9	tcyJ	3.A.1.3.10;
P0AEN1	fre	
P0AEN4	ftsL	
P0AEN8	fucU	
P0AEP3	galU	
P0AEP7	gcl	
P0AEP9	glcD	
P0AER0	glpF	1.A.8.1.1;
P0AES0	gss	
P0AES2	gudD	
P0AES4	gyrA	
P0AES6	gyrB	
P0AES9	hdeA	
P0AET2	hdeB	
P0AET8	hdhA	
P0AEU7	skp	
P0AEV1	rssB	
P0AEW6	gsk	
P0AEW9	fruK	
P0AEX7	livH	3.A.1.4.1;
P0AEX9	malE	3.A.1.1.1;
P0AEY3	mazG	
P0AEY5	mdaB	
P0AEY8	mdfA	2.A.1.2.19;
P0AEZ1	metF	
P0AEZ3	minD	
P0AF06	motB	1.A.30.1.1;
P0AF12	mtnN	
P0AF16	murJ	2.A.66.4.3;
P0AF18	nagA	
P0AF24	nagD	
P0AF28	narL	
P0AF32	narV	5.A.3.1.2;
P0AF36	zapB	
P0AF52	ghxP	2.A.40.7.5;
P0AF61	ghoS	
P0AF67	tsaE	
P0AF90	rraB	
P0AF93	ridA	
P0AFA2	narX	
P0AFA7	nhaB	2.A.34.1.1;
P0AFB1	nlpI	
P0AFB5	glnL	
P0AFB8	glnG	
P0AFC0	nudB	
P0AFC3	nuoA	3.D.1.1.1;
P0AFC7	nuoB	3.D.1.1.1;
P0AFD1	nuoE	3.D.1.1.1;
P0AFD4	nuoH	3.D.1.1.1;
P0AFD6	nuoI	3.D.1.1.1;
P0AFE0	nuoJ	3.D.1.1.1;
P0AFE4	nuoK	3.D.1.1.1;
P0AFE8	nuoM	3.D.1.1.1;
P0AFF0	nuoN	3.D.1.1.1;
P0AFF2	nupC	2.A.41.1.1;
P0AFF4	nupG	2.A.1.10.1;
P0AFF6	nusA	
P0AFG0	nusG	
P0AFG3	sucA	
P0AFG6	sucB	
P0AFG8	aceE	
P0AFI0	oxc	
P0AFI2	parC	
P0AFI7	pdxH	
P0AFJ7	pitA	2.A.20.1.1;
P0AFL3	ppiA	
P0AFL6	ppx	
P0AFM2	proX	3.A.1.12.1;
P0AFM6	pspA	
P0AFP6	ybgI	
P0AFQ5	rutC	
P0AFR2	dauA	2.A.53.3.11;
P0AFS3	folM	
P0AFS9	mepM	
P0AFT2	tcyL	3.A.1.3.10;
P0AFU0	yejB	
P0AFU4	glrR	
P0AFV4	mepS	
P0AFW0	rfaH	
P0AFW2	rmf	
P0AFX0	hpf	
P0AFX7	rseA	
P0AFX9	rseB	
P0AFY6	sbmA	9.A.18.1.1;
P0AFY8	seqA	
P0AFZ3	sspB	
P0AFZ5	sulA	
P0AG07	rpe	
P0AG11	umuD	
P0AG16	purF	
P0AG18	purE	
P0AG24	spoT	
P0AG30	rho	
P0AG55	rplF	
P0AG59	rpsN	
P0AG63	rpsQ	
P0AG67	rpsA	
P0AG74	rusA	
P0AG80	ugpB	3.A.1.1.3;
P0AG86	secB	
P0AG90	secD	2.A.6.4.1;
P0AG93	secF	2.A.6.4.1;
P0AG96	secE	3.A.5.1.1;
P0AG99	secG	3.A.5.1.1;
P0AGA2	secY	3.A.5.1.1;
P0AGB0	serB	
P0AGB3	rpoH	
P0AGB6	rpoE	
P0AGC0	uhpT	2.A.1.4.1;
P0AGC3	slt	
P0AGD1	sodC	
P0AGD3	sodB	
P0AGD7	ffh	3.A.5.1.1;
P0AGE0	ssb	
P0AGE4	sstT	2.A.23.1.13;
P0AGE6	chrR	
P0AGE9	sucD	
P0AGF2	csdE	
P0AGF4	xylE	2.A.1.1.3;
P0AGF6	tdcB	
P0AGG0	thiL	
P0AGG2	tesB	
P0AGI1	rbsC	3.A.1.2.1;
P0AGJ7	trmL	
P0AGJ9	tyrS	
P0AGK1	ubiA	
P0AGM7	uraA	2.A.40.1.1;
P0C018	rplR	
P0C037	ppnP	
P0C054	ibpA	
P0C058	ibpB	
P0C077	relE	
P0C079	relB	
P0C093	slmA	
P0C0K3	srkA	
P0C0L2	osmC	
P0C0L7	proP	2.A.1.6.4;
P0C0R7	rlmE	
P0C0S1	mscS	1.A.23.2.1;
P0C0T5	mepA	
P0C0V0	degP	
P0CE47	tufA	
P0CE48	tufB	
P0CG19	rph	
P0DM85	rdcA	
P0DMC5	rcsC	
P0DMC7	rcsB	
P0DTT0	bipA	
P0DTV7	speFL	
P10121	ftsY	3.A.5.1.1;
P10378	entE	
P10408	secA	3.A.5.1.1;
P10443	dnaE	
P10902	nadB	
P10903	narK	2.A.1.8.1;
P10905	ugpA	3.A.1.1.3;
P10906	ugpE	3.A.1.1.3;
P10907	ugpC	3.A.1.1.3;
P10908	ugpQ	
P11071	aceK	
P11349	narH	5.A.3.1.1;
P11350	narI	5.A.3.1.1;
P11454	entF	
P11458	nadA	
P11551	fucP	2.A.1.7.1;
P11553	fucK	
P11557	damX	
P11667	argO	2.A.75.1.2;
P11880	murF	
P12008	aroC	
P12281	moeA	
P12282	moeB	
P12295	ung	
P12758	udp	
P12995	bioA	
P12996	bioB	
P12998	bioF	
P13000	bioD1	
P13001	bioH	
P13009	metH	
P13029	katG	
P13035	glpD	
P13036	fecA	1.B.14.1.20;
P13039	fes	
P13445	rpoS	
P13458	sbcC	
P13482	treA	
P13518	csrD	
P13738	nhaA	2.A.33.1.1;
P14081	selB	
P14175	proV	3.A.1.12.1;
P14176	proW	3.A.1.12.1;
P14294	topB	
P14375	zraR	
P14377	zraS	
P14407	fumB	
P14900	murD	
P15005	mcrB	
P15028	fecB	3.A.1.14.1;
P15029	fecD	3.A.1.14.1;
P15030	fecC	3.A.1.14.1;
P15034	pepP	
P15042	ligA	
P15043	recQ	
P15047	entA	
P15067	glgX	
P15254	purL	
P15288	pepD	
P15373	prlF	
P15640	purD	
P15723	dgt	
P15770	aroE	
P15877	gcd	
P15993	aroP	2.A.3.1.3;
P16384	miaA	
P16456	selD	
P16528	iclR	
P16659	proS	
P16686	phnH	
P16687	phnI	
P16688	phnJ	
P16692	phnP	
P16703	cysM	
P16869	fhuE	1.B.14.1.1;
P16926	mreC	9.B.157.1.3;
P17109	menD	
P17115	gutQ	
P17117	nfsA	
P17169	glmS	
P17411	chbF	
P17443	murG	
P17444	betA	
P17445	betB	
P17846	cysI	
P17854	cysH	
P17888	priA	
P17952	murC	
P17993	ubiG	
P18196	minC	
P18200	pgpA	
P18335	argD	
P18775	dmsA	5.A.3.3.2;
P18776	dmsB	5.A.3.3.2;
P18843	nadE	
P18956	ggt	
P19318	narY	5.A.3.1.2;
P19319	narZ	5.A.3.1.2;
P19624	pdxA	
P19636	eutC	
P19925	entD	
P19926	agp	
P19934	tolA	2.C.1.2.1;
P20083	parE	
P20966	fruA	4.A.2.1.1;
P21151	fadA	
P21156	cysD	
P21165	pepQ	
P21170	speA	
P21177	fadB	
P21179	katE	
P21338	rna	
P21345	gltP	2.A.23.1.1;
P21437	yggF	
P21499	rnr	
P21507	srmB	
P21513	rne	
P21514	pdeL	
P21599	pykA	
P21645	lpxD	
P21693	dbpA	
P21829	ybhA	
P21865	kdpD	
P21888	cysS	
P22106	asnB	
P22188	murE	
P22255	cysQ	
P22256	gabT	
P22259	pckA	
P22333	add	
P22523	mukB	
P22525	ycbB	
P22634	murI	
P22729	livM	3.A.1.4.1;
P22731	livF	3.A.1.4.1;
P23003	trmA	
P23256	malY	
P23367	mutL	
P23522	garL	
P23538	ppsA	
P23721	serC	
P23827	eco	
P23830	pssA	
P23836	phoP	
P23837	phoQ	
P23843	oppA	3.A.1.5.41;
P23845	cysN	
P23847	dppA	
P23857	pspE	
P23862	priC	
P23865	prc	9.B.174.1.2;
P23872	aes	
P23873	hipB	
P23874	hipA	
P23882	fmt	
P23883	puuC	
P23886	cydC	3.A.1.106.22;
P23890	cadC	
P23893	hemL	
P23894	htpX	9.B.1.1.6;
P23895	emrE	2.A.7.1.3;
P23908	argE	
P23909	mutS	
P23930	lnt	
P24171	dcp	
P24173	waaC	
P24177	acrD	2.A.6.2.7;
P24182	accC	
P24183	fdnG	5.A.3.2.1;
P24186	folD	
P24188	trhO	
P24192	hypD	
P24193	hypE	
P24203	yjiA	
P24205	lpxM	
P24207	pheP	2.A.3.1.1;
P24215	uxuA	
P24224	acpS	
P24228	dacB	
P24230	recG	
P24232	hmp	
P24554	radA	
P25397	tehB	
P25437	frmA	
P25516	acnA	
P25519	hflX	
P25522	mnmE	
P25524	codA	
P25526	gabD	
P25527	gabP	2.A.3.1.4;
P25534	ubiH	
P25535	ubiI	
P25536	yhdE	
P25539	ribD	
P25552	gppA	
P25553	aldA	
P25665	metE	
P25714	yidC	2.A.9.3.1;
P25718	malS	
P25737	lysP	2.A.3.1.2;
P25740	waaG	
P25745	mnmA	
P25888	rhlE	
P25889	preA	
P25894	loiP	
P26458	appB	3.D.4.3.5;
P26459	appC	
P26602	ubiC	
P26616	maeA	
P26648	ftsP	
P27125	rhaT	2.A.7.6.1;
P27128	waaO	
P27243	waaL	9.B.67.5.1;
P27249	glnD	
P27250	ahr	
P27278	nadR	
P27296	dinG	
P27302	tktA	
P27303	emrA	8.A.1.1.1;
P27306	sthA	
P27431	roxA	
P27434	rodZ	
P27550	acs	
P27828	wecB	
P27829	wecC	
P27830	rffG	9.B.18.2.4;
P27833	wecE	
P27837	thrP	2.A.3.1.15;
P27838	cyaY	9.B.21.2.1;
P27848	yigL	
P27859	tatD	
P28246	bcr	2.A.1.2.7;
P28248	dcd	
P28305	pabC	
P28306	mltG	
P28629	adiA	
P28630	holA	
P28631	holB	
P28632	holD	
P28861	fpr	
P28903	nrdD	
P28905	holC	
P29018	cydD	3.A.1.106.22;
P29131	ftsN	
P29745	pepT	
P30011	nadC	
P30014	rnt	
P30015	lhr	
P30125	leuB	
P30131	hypF	
P30138	thiF	
P30139	thiG	
P30140	thiH	
P30147	hyi	
P30176	ybiA	
P30177	ybiB	
P30178	hcxB	
P30745	moaA	
P30748	moaD	
P30749	moaE	
P30750	metN	3.A.1.24.1;
P30844	basS	
P30847	baeS	
P30850	rnb	
P30855	evgS	
P30863	dkgB	
P30870	glnE	
P30958	mfd	
P31057	panB	
P31069	kch	1.A.1.13.1;
P31119	aas	4.C.1.1.16;
P31120	glmM	
P31129	dgcZ	
P31133	potF	3.A.1.11.2;
P31134	potG	3.A.1.11.2;
P31135	potH	3.A.1.11.2;
P31142	sseA	
P31224	acrB	2.A.6.2.2;
P31460	dgoR	
P31466	adeP	2.A.40.7.6;
P31473	ravA	
P31545	efeB	2.A.108.2.3;
P31547	metI	3.A.1.24.1;
P31550	thiB	3.A.1.19.1;
P31551	caiD	
P31552	caiC	4.C.1.1.6;
P31553	caiT	2.A.15.2.1;
P31554	lptD	1.B.42.1.2;
P31572	caiB	
P31658	hchA	
P31660	prpC	
P31663	panC	
P31667	rpnA	
P31677	otsA	
P31678	otsB	
P31806	nnr	
P31979	nuoF	3.D.1.1.1;
P31992	pptA	
P32055	fcl	
P32056	gmm	
P32099	lplA	
P32131	hemN	
P32138	yihQ	
P32140	yihS	
P32143	yihV	
P32156	rhaM	
P32157	yiiM	
P32169	rhaD	
P32170	rhaA	
P32171	rhaB	
P32173	mobA	
P32176	fdoG	
P32177	fdhD	
P32662	gph	
P32664	nudC	
P32684	rluF	
P32695	dusA	
P32705	actP	2.A.21.7.2;
P32717	yjcS	
P32719	alsE	
P33013	dacD	
P33015	tsuA	9.B.102.1.2;
P33018	yeiG	
P33022	rihB	
P33025	psuG	
P33195	gcvP	
P33219	yebF	
P33221	purT	
P33224	aidB	
P33225	torA	5.A.3.4.1;
P33226	torC	5.A.3.4.1;
P33231	lldP	2.A.14.1.1;
P33232	lldD	
P33234	adiY	
P33371	dusC	
P33570	tktB	
P33599	nuoC	3.D.1.1.1;
P33602	nuoG	3.D.1.1.1;
P33607	nuoL	3.D.1.1.1;
P33643	rluD	
P33644	pgeF	
P33647	chpB	
P33650	feoB	9.A.8.1.1;
P33667	selU	
P33913	yejA	3.A.1.5.21;
P33916	yejF	3.A.1.5.21;
P33919	radD	
P33937	napA	3.D.11.1.1;
P35340	ahpF	
P36548	amiA	
P36553	hemF	
P36566	cmoM	
P36649	cueO	1.B.76.1.8;
P36655	dsbD	5.A.1.1.1;
P36675	arfA	
P36680	zapD	
P36683	acnB	
P36837	dtpB	2.A.17.1.3;
P36929	rsmB	
P36937	kdpF	3.A.3.7.1;
P36979	rlmN	
P37001	pagP	
P37002	fluC	1.A.43.1.1;
P37013	norR	
P37019	clcA	2.A.49.5.1;
P37025	thpR	
P37028	btuF	
P37051	purU	
P37095	pepB	
P37128	nudK	
P37177	ptsP	
P37188	gatB	4.A.5.1.1;
P37197	ccp	
P37306	allK	
P37313	dppF	
P37329	modA	3.A.1.8.1;
P37330	glcB	
P37340	mdtK	2.A.66.1.3;
P37344	pspF	
P37349	dhaM	
P37351	rpiB	
P37353	menE	
P37595	iaaA	
P37597	punC	2.A.1.2.62;
P37610	tauD	
P37613	panZ	
P37617	zntA	3.A.3.6.2;
P37624	rbbA	
P37634	rlmJ	
P37637	mdtF	2.A.6.2.13;
P37653	bcsA	4.D.3.1.6;
P37666	ghrB	
P37672	dlgD	
P37677	lyx	
P37685	aldB	
P37686	yiaY	
P37689	gpmI	
P37690	envC	
P37744	rfbA	
P37745	rfbC	
P37747	glf	
P37758	narU	2.A.1.8.10;
P37769	kduD	
P37773	mpl	
P37774	tcyN	3.A.1.3.10;
P37794	chbG	
P37902	gltI	3.A.1.3.4;
P38036	ygcB	
P38038	cysJ	
P38051	menF	
P38054	cusA	2.A.6.1.4;
P38097	dgcE	
P38135	fadK	
P38393	kilR	
P38489	nfsB	
P38506	ygdG	
P39099	degQ	
P39172	znuA	3.A.1.15.5;
P39176	erfK	
P39177	uspG	
P39180	flu	1.B.12.8.2;
P39276	dtpC	2.A.17.1.5;
P39277	yjeH	2.A.3.13.1;
P39286	rsgA	
P39301	ulaA	4.A.7.1.1;
P39304	ulaD	
P39315	qorB	
P39321	tamB	9.B.121.6.2;
P39325	ytfQ	3.A.1.2.25;
P39344	idnT	2.A.8.1.2;
P39353	nanY	
P39371	nanM	
P39377	iadA	
P39386	mdtM	2.A.1.2.52;
P39396	btsT	
P39400	lgoD	
P39405	fhuF	
P39406	rsmC	
P39411	yjjX	
P39414	ttdT	2.A.47.3.3;
P39453	torS	
P39831	ydfG	
P39838	rcsD	
P40191	pdxK	
P40710	nlpE	
P40711	arfB	
P40874	solA	
P41036	nanT	2.A.1.12.1;
P41052	mltB	
P41407	azoR	
P41409	rihA	
P42588	patA	
P42593	fadH	
P42601	alx	2.A.109.1.7;
P42620	yqjG	
P42632	tdcE	
P42641	obgE	
P43341	lpxH	
P43671	pqiB	9.A.69.1.1;
P43672	uup	3.A.1.120.6;
P45395	kdsD	
P45424	nanQ	
P45425	nanK	
P45464	lpoA	
P45470	yhbO	
P45475	ubiV	
P45508	yfaL	1.B.12.1.5;
P45527	ubiU	
P45541	frlC	
P45562	xapB	2.A.1.10.2;
P45563	xapA	
P45568	dxr	
P45577	proQ	
P45748	tsaC	
P45955	cpoB	2.C.1.2.1;
P45956	ygbF	
P46022	mtgA	
P46136	yddG	2.A.7.17.2;
P46139	dgcN	
P46849	rtcA	
P46850	rtcB	
P46883	tynA	
P46889	ftsK	3.A.12.1.2;
P46891	cof	
P50456	mlc	
P50457	puuE	
P50465	nei	
P52006	nudI	
P52061	rdgB	
P52073	glcE	
P52074	glcF	
P52101	glrK	
P52106	csgD	
P52126	abpB	
P52129	rnlA	
P52643	ldhA	
P54745	mngA	4.A.2.1.3;
P55135	rlmD	
P55734	ygaP	
P56100	cydX	3.D.4.3.2;
P56580	srlE	4.A.4.1.1;
P56976	blr	
P60061	adiC	2.A.3.2.5;
P60240	rapA	
P60340	truB	
P60422	rplB	
P60438	rplC	
P60472	ispU	
P60560	guaC	
P60584	caiA	
P60595	hisH	
P60624	rplX	
P60651	speB	
P60664	hisF	
P60716	lipA	
P60720	lipB	
P60723	rplD	
P60752	msbA	3.A.1.106.1;
P60785	lepA	
P60844	aqpZ	1.A.8.3.1;
P60955	lgt	
P61175	rplV	
P61316	lolA	1.B.46.1.1;
P61320	lolB	1.B.46.1.1;
P61887	rffH	
P61889	mdh	
P62395	secM	
P62399	rplE	
P62617	ispF	
P62620	ispG	
P62623	ispH	
P62707	gpmA	
P63020	nfuA	
P63183	kup	2.A.72.1.1;
P63224	gmhA	
P63228	gmhB	
P63235	gadC	
P63284	clpB	
P63386	mlaF	3.A.1.27.3;
P63389	yheS	
P63883	amiC	
P64423	zntB	
P64461	lsrG	
P64467	cnu	
P64483	proXp-y	
P64512	mgrB	
P64524	cbtA	
P64534	rcnB	2.A.113.1.1;
P64588	yqjI	
P64594	yhaV	
P64596	dolP	8.A.213.1.1;
P64602	mlaB	3.A.1.27.3;
P64604	mlaD	3.A.1.27.3;
P64606	mlaE	3.A.1.27.3;
P64612	zapE	
P64636	yrfG	
P65870	queD	
P66817	diaA	
P66899	ygeX	
P66948	bepA	
P67095	yfcE	
P67430	nemR	
P67444	xanQ	2.A.40.4.3;
P67603	yqfB	
P67910	hldD	
P68183	malG	3.A.1.1.1;
P68187	malK	3.A.1.1.1;
P68191	sra	
P68398	tadA	
P68688	grxA	
P68699	atpE	3.A.2.1.1;
P68739	nfi	
P68767	pepA	
P68919	rplY	
P69054	sdhC	
P69210	mdtI	2.A.7.1.9;
P69212	mdtJ	
P69228	baeR	
P69346	yefM	
P69348	yoeB	
P69380	fieF	2.A.4.7.1;
P69411	rcsF	
P69423	tatC	2.A.64.1.1;
P69425	tatB	2.A.64.1.1;
P69428	tatA	2.A.64.1.1;
P69441	adk	
P69451	fadD	4.C.1.1.4;
P69490	ccmE	
P69681	amtB	1.A.11.1.1;
P69739	hyaA	
P69741	hybO	3.D.7.2.5;
P69776	lpp	8.A.99.1.1;
P69783	crr	4.A.1.1.1;
P69786	ptsG	4.A.1.1.1;
P69791	chbA	4.A.3.2.1;
P69795	chbB	4.A.3.2.1;
P69797	manX	4.A.6.1.1;
P69801	manY	4.A.6.1.1;
P69805	manZ	4.A.6.1.1;
P69831	gatC	4.A.5.1.1;
P69853	dmsD	
P69856	nanC	1.B.35.2.1;
P69874	potA	3.A.1.11.1;
P69902	frc	
P69908	gadA	
P69910	gadB	
P69913	csrA	
P69922	fucI	
P69924	nrdB	
P69931	hda	
P75682	yagE	
P75691	yahK	
P75792	ybiV	
P75804	yliI	
P75809	ybjI	
P75820	amiD	
P75825	hcp	
P75830	macA	3.A.1.122.1;
P75831	macB	3.A.1.122.1;
P75862	zapC	
P75863	ycbX	
P75864	rlmL	
P75876	rlmI	
P75892	rutG	2.A.40.1.3;
P75898	rutA	
P75906	pgaB	
P75908	dgcT	
P75913	ghrA	
P75914	ycdX	
P75949	nagZ	
P75957	lolD	3.A.1.125.1;
P75959	nagK	
P75960	cobB	
P75990	bluF	
P76008	ldcA	
P76010	ycgR	
P76014	dhaL	
P76015	dhaK	
P76037	puuP	2.A.3.1.13;
P76038	puuD	
P76045	ompG	1.B.21.1.1;
P76055	ttcA	
P76077	paaA	
P76081	paaE	
P76082	paaF	
P76084	paaI	
P76104	rlhA	
P76108	ydcS	3.A.1.11.9;
P76113	curA	
P76129	dosP	
P76141	lsrR	
P76149	sad	
P76194	sufE	
P76216	astB	
P76217	astD	
P76236	cdgI	
P76251	dmlA	
P76256	tsaB	
P76257	yoaA	
P76264	mntP	2.A.107.1.1;
P76272	letB	9.A.69.1.2;
P76273	rsmF	
P76278	yebZ	9.B.62.1.4;
P76316	dcyD	
P76318	yedK	
P76330	dgcQ	9.B.34.1.4;
P76334	drpB	
P76339	hprS	
P76341	hiuH	
P76342	msrP	
P76343	msrQ	
P76344	zinT	
P76346	mtfA	
P76364	cbeA	
P76387	wzc	8.A.3.3.2;
P76399	mdtC	2.A.6.2.12;
P76407	yegS	
P76422	thiD	
P76440	preT	
P76445	lpxT	
P76458	atoD	
P76459	atoA	
P76469	rhmA	
P76474	arnF	2.A.7.22.1;
P76491	yfbR	
P76503	fadI	
P76535	murQ	
P76541	eutL	1.S.2.1.1;
P76558	maeB	
P76562	tmcA	
P76576	yfgM	3.A.5.1.1;
P76577	pbpC	
P76594	patZ	
P76621	glaH	
P76632	casB	
P76658	hldE	
P77044	mhpC	
P77150	pdxY	
P77165	paoA	
P77172	pdeF	
P77173	zipA	
P77182	mnmC	
P77202	dsbG	
P77211	cusC	1.B.17.3.5;
P77212	rclA	
P77214	cusF	2.A.6.1.4;
P77215	rhmD	
P77218	eutD	
P77239	cusB	2.A.6.1.4;
P77243	prpD	
P77247	hxpB	
P77256	ydjG	
P77258	nemA	
P77302	dgcM	
P77319	hscC	
P77324	paoB	
P77335	hlyE	1.C.10.1.1;
P77348	mppA	3.A.1.5.1;3.A.1.5.41;
P77364	glxK	
P77366	ycjU	
P77395	cnoX	
P77398	arnA	
P77399	fadJ	
P77425	allC	
P77434	alaC	
P77444	sufS	
P77454	glsA1	
P77455	paaZ	
P77485	cusS	
P77488	dxs	
P77489	paoC	
P77493	ydjH	
P77499	sufC	
P77510	dpiB	
P77526	yfcG	
P77529	tcyP	2.A.23.1.8;
P77541	prpB	
P77555	allD	
P77567	nhoA	
P77581	astC	
P77589	mhpT	2.A.1.15.2;
P77625	hxpA	
P77649	selO	
P77667	sufA	
P77671	allB	
P77674	patD	
P77712	fadM	
P77718	thiI	
P77748	ydiJ	
P77754	spy	
P77766	rnm	
P77774	bamB	1.B.33.1.3;
P77781	menI	
P77788	nudG	
P77791	maa	
P77806	ybdL	
P78055	fsaA	
P78061	puuA	
P80645	ssuD	
P80668	feaB	
Q06065	atoC	
Q06067	atoS	
Q46806	hyuA	
Q46810	mocA	
Q46821	uacT	2.A.40.3.3;
Q46822	idi	
Q46839	glcA	2.A.14.1.2;
Q46845	yghU	
Q46851	gpr	
Q46856	yqhD	
Q46857	dkgA	
Q46864	mqsA	
Q46865	mqsR	
Q46868	ubiK	
Q46871	yqjH	
Q46877	norV	
Q46893	ispD	
Q46896	ygbT	
Q46897	casE	
Q46898	casD	
Q46899	casC	
Q46901	casA	
Q46920	queF	
Q46925	csdA	
Q46927	tcdA	
Q46938	kduI	
Q46948	yajL	
Q47146	fadE	
Q47149	yafQ	
Q47150	dinJ	
Q47152	rayT	
Q47155	dinB	
Q47208	allF	
Q47319	tapT	
Q47377	arnE	2.A.7.22.1;
Q57261	truD	
Q59385	copA	3.A.3.5.5;
Q6BF16	dgoA	
Q6BF17	dgoD	
Q93K97	nudF	
A5A627	tisB	1.C.103.1.1;
P00547	thrB	
P00816	cynS	
P00887	aroH	
P00888	aroF	
P00895	trpE	
P00909	trpC	
P00934	thrC	
P00944	xylA	
P00954	trpS	
P00961	glyS	
P02413	rplO	
P02924	araF	3.A.1.2.2;
P02932	phoE	1.B.1.1.2;
P03024	galR	
P03817	mioC	
P04335	frsA	
P04816	livK	3.A.1.4.1;
P04951	kdsB	
P05100	tag	
P05459	pdxB	
P05706	srlB	4.A.4.1.1;
P05707	srlD	
P05719	hsdS	
P05847	ttdA	
P06720	melA	
P06864	ebgA	
P06960	argF	
P06986	hisC	
P06987	hisB	
P06989	hisI	
P07018	tap	
P07023	tyrA	
P07109	hisP	3.A.1.3.29;
P07364	cheR	
P07650	deoA	
P07762	glgB	
P07813	leuS	
P08142	ilvB	
P08178	purM	
P08189	fimF	
P08190	fimG	
P08194	glpT	2.A.1.4.3;
P08204	araB	
P08331	cpdB	
P08365	chpS	
P08368	creB	
P08401	creC	
P08722	bglF	4.A.1.2.2;
P08957	hsdM	
P09053	avtA	
P09151	leuA	
P09184	vsr	
P09378	rhaR	
P09549	dedD	
P09551	argT	3.A.1.3.1;3.A.1.3.29;
P09833	modC	3.A.1.8.1;
P09836	uhpC	2.A.1.4.4;
P0A6A6	leuC	
P0A6C5	argA	
P0A6E9	bioD2	
P0A6I3	coaA	
P0A6I9	coaE	
P0A6J8	ddlA	
P0A6L9	hscB	
P0A6S3	flgI	
P0A6T9	gcvH	
P0A6U8	glgA	
P0A6V8	glk	
P0A6W9	gshA	
P0A6Z1	hscA	
P0A734	minE	
P0A752	nadD	
P0A756	kefG	2.A.37.1.2;
P0A766	rsxA	3.D.6.1.4;
P0A780	nusB	
P0A7A5	pcm	
P0A7D7	purC	
P0A7F3	pyrI	
P0A7H3	recO	
P0A7I0	prfA	
P0A7N1	ykgM	
P0A7Q1	rpmI	
P0A7Q6	rpmJ1	
P0A7Y8	rnpA	
P0A805	frr	
P0A843	tatE	2.A.64.1.1;
P0A877	trpA	
P0A881	trpR	
P0A8A4	ppsR	
P0A8A8	rimP	
P0A8F4	udk	
P0A8H8	yacG	
P0A8P1	aat	
P0A8Q6	clpS	
P0A8U6	metJ	
P0A8W2	slyA	
P0A8Z3	ybgC	
P0A908	mipA	1.B.93.1.2;
P0A927	tsx	1.B.10.1.1;
P0A996	glpC	
P0A9C3	galM	
P0A9D4	cysE	
P0A9E2	soxS	
P0A9F1	mntR	
P0A9F3	cysB	
P0A9H1	mug	
P0A9I1	citE	
P0A9I5	napD	3.D.11.1.1;
P0A9L5	ppiC	
P0A9L8	proC	
P0A9P9	idnO	
P0A9R4	fdx	
P0A9S3	gatD	
P0A9U1	ybhF	3.A.1.105.15;
P0A9U3	ybiT	
P0A9W0	ulaR	
P0A9W6	ibaG	
P0A9X1	znuC	3.A.1.15.5;
P0AA39	rluC	
P0AA53	qmcA	8.A.21.2.2;
P0AA57	yobA	
P0AA60	yghB	9.B.27.2.1;
P0AA63	yqjA	9.B.27.2.2;
P0AA67	rhtA	2.A.7.3.6;
P0AA80	garP	
P0AA86	dsbE	
P0AAA7	wzxE	2.A.66.2.3;
P0AAC0	uspE	
P0AAD2	mtr	2.A.42.1.2;
P0AAD4	tyrP	2.A.42.1.1;
P0AAF3	araG	3.A.1.2.2;
P0AAF6	artP	3.A.1.3.3;
P0AAG5	mdlB	3.A.1.106.13;
P0AAG8	mglA	3.A.1.2.3;
P0AAH8	sapF	3.A.1.5.42;
P0AAI9	fabD	
P0AAJ8	hybA	3.D.7.2.5;
P0AAK1	hycB	
P0AAL0	napF	3.D.11.1.1;
P0AAL3	napG	3.D.11.1.1;
P0AAN9	iraP	
P0AAP1	dgcC	9.B.34.1.2;
P0AAS3	ybbJ	
P0AAS5	allH	
P0AB01	elyC	
P0AB10	pqiC	
P0AB18	tusE	
P0AB24	efeO	2.A.108.2.3;
P0AB40	bhsA	
P0AB65	yccX	
P0AB67	pntB	3.D.2.1.1;
P0ABA0	atpF	3.A.2.1.1;
P0ABA4	atpH	3.A.2.1.1;
P0ABC9	betT	2.A.15.1.4;
P0ABE9	cynT	
P0ABF4	eutM	1.S.1.1.2;
P0ABF8	pgsA	
P0ABL1	nrfB	5.A.3.5.3;
P0ABM1	ccmC	9.B.14.2.3;
P0ABP3	dcuC	2.A.61.1.1;
P0ABQ2	garR	
P0ABR5	hcaE	
P0ABR7	yeaW	
P0ABT5	dusB	
P0ABT8	yijE	
P0ABU5	elbB	
P0ABW0	hcaC	
P0ABZ4	kdsC	
P0AC28	ygfA	
P0AC51	zur	
P0AC62	grxC	
P0AC86	glgP	
P0AC94	gntP	2.A.8.1.3;
P0ACA3	sspA	1.A.12.3.1;
P0ACA7	gstB	
P0ACG4	hokC	1.E.53.1.1;
P0ACH5	marA	
P0ACI6	asnC	
P0ACL5	glcC	
P0ACL7	lldR	
P0ACP1	cra	
P0ACQ0	rbsR	
P0ACS2	soxR	
P0ACS5	zntR	
P0ACU0	cecR	
P0ACU2	rutR	
P0ACU5	fabR	
P0ACV2	lpxP	
P0ACV4	lapA	
P0ACZ8	cusR	
P0AD01	dcuR	
P0AD03	letA	9.A.69.1.2;
P0AD42	pgpC	
P0AD96	livJ	3.A.1.4.1;
P0ADA3	nlpD	
P0ADC3	lolC	3.A.1.125.1;
P0ADC6	lptG	1.B.42.1.2;
P0ADD2	yjjB	2.A.79.2.1;
P0ADD5	yjjP	2.A.79.2.1;
P0ADE6	kbp	
P0ADF6	edd	
P0ADF8	ilvN	
P0ADG1	ilvM	
P0ADN6	lptM	
P0ADP5	bioP	2.A.7.3.61;
P0ADP7	ubiJ	
P0ADQ2	fabY	
P0ADR6	rlmM	
P0ADU2	ygiN	
P0ADV7	mlaC	3.A.1.27.3;
P0ADW3	zapG	
P0AE76	cobU	
P0AE78	corC	
P0AEA2	csgG	1.B.48.1.1;
P0AEA5	cyoE	
P0AEB5	ynaI	1.A.23.4.3;
P0AED0	uspA	
P0AED5	uvrY	
P0AEE1	dcrB	9.B.357.1.1;
P0AEF4	dpiA	
P0AEF8	dppB	
P0AEG1	dppC	
P0AEH5	elaB	
P0AEI4	rimO	
P0AEI6	nudJ	
P0AEJ0	emrB	2.A.1.3.2;
P0AEJ8	eutN	
P0AEL6	fepB	
P0AEM0	fkpB	
P0AEQ3	glnH	3.A.1.3.2;
P0AER3	gltJ	3.A.1.3.4;
P0AER5	gltK	3.A.1.3.4;
P0AER8	gltS	2.A.27.1.1;
P0AEU0	hisJ	3.A.1.3.29;
P0AEV9	hycI	
P0AEZ7	mltD	
P0AEZ9	moaB	
P0AF01	modB	3.A.1.8.1;
P0AF03	mog	
P0AF26	narJ	
P0AF98	lptF	1.B.42.1.2;
P0AFA9	nikC	3.A.1.5.3;
P0AFH2	oppB	3.A.1.5.41;
P0AFH6	oppC	3.A.1.5.41;
P0AFI5	pbpG	
P0AFJ5	phoB	
P0AFK4	potB	3.A.1.11.1;
P0AFK6	potC	3.A.1.11.1;
P0AFK9	potD	3.A.1.11.1;
P0AFL1	potI	3.A.1.11.2;
P0AFL9	pqiA	9.A.69.1.1;
P0AFP2	atl	
P0AFP9	ybhR	3.A.1.105.15;
P0AFQ2	ybhS	
P0AFR7	ycjO	3.A.1.1.46;
P0AFR9	ydcV	3.A.1.11.9;
P0AFS5	tqsA	2.A.86.1.4;
P0AFT5	btsR	
P0AFU8	ribC	
P0AFW4	rnk	
P0AFX4	rsd	
P0AFY2	sanA	9.B.114.1.1;
P0AFZ7	trkH	2.A.38.1.1;
P0AG00	wzzE	
P0AG03	ubiX	
P0AG20	relA	
P0AG40	ribF	
P0AG44	rplQ	
P0AG48	rplU	
P0AG51	rpmD	
P0AG76	sbcD	
P0AG78	sbp	3.A.1.6.1;
P0AG82	pstS	3.A.1.7.1;
P0AGA6	uhpA	
P0AGC5	mltF	
P0AGG4	trxC	
P0AGH3	sapB	3.A.1.5.42;
P0AGH5	sapC	3.A.1.5.42;
P0AGK8	iscR	
P0AGL2	tdcF	
P0AGL5	ratA	
P0AGL7	rsmE	
P0AGM9	xanP	2.A.40.4.2;
P0C066	mltC	
P0C0L9	iscX	
P0C0U4	rimK	
P0C7L2	paaJ	
P0C8J6	gatY	
P0C960	emtA	
P0CI31	hcaB	
P0DKB3	mntS	
P0DMC9	rcsA	
P0DW56	spfP	
P10100	rlpA	
P10151	leuO	
P10346	glnQ	3.A.1.3.2;
P10384	fadL	1.B.9.1.1;
P10441	lpxB	
P10442	rnhB	
P11868	tdcD	
P13016	ampD	
P13033	glpB	
P13656	chiA	
P13669	mngR	
P13857	rimL	
P15031	fecE	3.A.1.14.1;
P15032	recE	
P15038	helD	
P15078	cstA	2.A.114.1.1;
P16095	sdaA	
P16256	panF	2.A.21.1.1;
P16429	hycC	3.D.1.9.2;
P16430	hycD	3.D.1.9.2;
P16431	hycE	3.D.1.9.2;
P16432	hycF	3.D.1.9.2;
P16433	hycG	3.D.1.9.2;
P16676	cysA	3.A.1.6.1;
P16678	phnK	
P16679	phnL	
P16685	phnG	
P16691	phnO	
P16700	cysP	3.A.1.6.1;
P17315	cirA	1.B.14.1.4;
P17334	chbC	4.A.3.2.1;
P17446	betI	
P17802	mutY	
P18133	pncB	
P18392	rstB	
P18777	dmsC	5.A.3.3.2;
P19323	fhlA	
P19642	malX	4.A.1.1.3;
P20099	bisC	5.A.3.4.3;
P21169	speC	
P21189	polB	
P21369	pncA	
P21517	malZ	
P21866	kdpE	
P21889	aspS	
P22186	mraZ	
P22524	mukE	
P22564	rihC	
P22939	ispA	
P23173	tnaB	2.A.42.1.3;
P23200	mglC	3.A.1.2.3;
P23331	tdk	
P23482	hyfB	3.D.1.9.1;
P23484	fecI	
P23485	fecR	
P23524	garK	
P23849	trkG	2.A.38.1.6;
P23869	ppiB	
P23871	hemH	
P23876	fepD	3.A.1.14.2;
P23877	fepG	3.A.1.14.2;
P23878	fepC	3.A.1.14.2;
P23917	mak	
P24077	entS	2.A.1.38.1;
P24169	speF	
P24180	acrE	
P24197	ygiD	
P24216	fliD	
P24251	crl	
P24255	rpoN	
P24555	ptrB	
P25396	tehA	2.A.16.1.1;
P25736	endA	
P25742	waaQ	
P25746	hflD	
P25798	fliF	
P25906	pdxI	
P26218	bglH	1.B.3.1.3;
P26281	folK	
P26646	acuI	
P26647	plsC	
P27129	waaJ	
P27241	waaZ	
P27245	marR	
P27247	plsX	
P27248	gcvT	
P27253	scpA	
P27254	argK	
P27298	prlC	
P27300	lpxK	
P27305	gluQ	
P27896	narQ	
P28224	mliC	
P28304	qorA	
P28307	csgA	
P28634	trmO	
P28635	metQ	3.A.1.24.1;
P28904	treC	
P29208	menC	
P29680	hemE	
P30126	leuD	
P30136	thiC	
P30137	thiE	
P30843	basR	
P30845	eptA	
P30860	artJ	3.A.1.3.3;
P30871	ygiF	
P31058	yadC	
P31434	yicI	
P31441	ade	
P31467	yieH	
P31675	setA	2.A.1.20.1;
P31680	djlA	
P31697	fimC	
P31801	chaA	2.A.19.1.1;
P32053	intA	
P32125	mobB	
P32129	yihG	
P32136	yihO	2.A.2.3.15;
P32141	yihT	
P32144	csqR	
P32166	menA	
P32669	fsaB	
P32670	ptsA	4.A.2.1.10;
P32715	mdtO	2.A.85.6.1;
P32716	mdtN	
P32718	alsK	
P32721	alsA	3.A.1.2.6;
P33012	sbmC	
P33026	setB	2.A.1.20.2;
P33030	yeiR	
P33129	htrE	1.B.11.3.3;
P33229	ralR	
P33358	mlrA	
P33359	yehW	3.A.1.12.15;
P33360	yehX	3.A.1.12.15;
P33361	yehY	3.A.1.12.15;
P33363	bglX	
P33590	nikA	3.A.1.5.3;
P33591	nikB	3.A.1.5.3;
P33915	yejE	3.A.1.5.21;
P33927	ccmF	9.B.14.1.3;
P33931	ccmA	
P33934	napH	3.D.11.1.1;
P33940	mqo	
P33941	yojI	3.A.1.113.3;
P36560	asr	
P36662	torD	5.A.3.4.1;
P36672	treB	4.A.1.2.4;
P36673	treR	
P36767	rdgC	
P36938	pgm	
P36999	rlmA	
P37146	nrdF	
P37194	slp	
P37338	glaR	
P37339	lhgD	
P37355	menH	
P37387	xylF	3.A.1.2.4;
P37388	xylG	3.A.1.2.4;
P37596	norW	
P37619	yhhQ	
P37621	yhhS	2.A.1.46.7;
P37631	rdsA	
P37636	mdtE	8.A.1.6.3;
P37639	gadX	
P37646	pdeH	
P37647	kdgK	
P37651	bcsZ	4.D.3.1.6;
P37657	bcsE	
P37661	eptB	
P37664	yiaC	
P37665	yiaD	1.B.6.13.1;
P37669	wecH	9.B.97.1.1;
P37671	plaR	
P37674	yiaM	2.A.56.1.2;
P37675	yiaN	2.A.56.1.2;
P37676	yiaO	2.A.56.1.2;
P37678	sgbH	
P37680	sgbE	
P37692	waaF	
P37759	rfbB	
P37760	rfbD	
P37765	rluB	
P38101	eamB	2.A.76.1.4;
P38134	etk	8.A.3.3.1;
P38684	torR	
P39196	lplT	2.A.1.42.1;
P39199	prmB	
P39280	epmB	
P39288	queG	
P39300	ulaG	
P39306	ulaF	
P39310	ytfB	
P39333	bdcA	
P39352	nanX	
P39358	yjhG	
P39375	iraD	
P39376	yjiE	
P39394	symE	
P39398	lgoT	2.A.1.14.33;
P39401	mdoB	
P39404	bglJ	
P39451	adhP	
P39452	nrdE	
P39829	garD	
P39835	gntT	2.A.8.1.4;
P40120	mdoD	
P40719	qseC	
P42592	ygjK	
P42604	uxaA	
P42615	mzrA	
P42628	dlsT	2.A.42.2.4;
P43329	hrpA	
P43674	ycaL	
P43676	pitB	2.A.20.1.2;
P45522	kefB	2.A.37.1.2;
P45523	fkpA	
P45532	tusD	
P45543	frlD	
P45548	php	
P45578	luxS	
P45579	hcxA	
P45758	gspD	1.B.22.1.3;
P45799	nudE	
P46130	ybhC	
P46133	abgT	2.A.68.1.1;
P46187	rseC	
P46474	yhdP	9.B.121.2.4;
P46852	yhhW	
P46923	torZ	
P50466	aer	9.B.334.1.3;
P51020	mhpE	
P51025	frmB	
P51981	ycjG	
P52005	torY	5.A.3.4.2;
P52045	scpB	
P52062	hemW	
P52094	hisQ	3.A.1.3.29;
P52095	ldcC	
P52097	tilS	
P52130	rnlB	
P52599	emrK	
P52600	emrY	
P52612	fliI	
P52645	ydbH	9.B.121.4.1;
P52647	ydbK	
P52697	pgl	
P55798	pphA	
P55799	pphB	
P58034	ymgF	
P60293	mukF	
P60390	rsmH	
P60546	gmk	
P60757	hisG	
P60782	plsY	9.B.31.1.1;
P60906	hisS	
P60932	uppP	
P61517	can	
P61714	ribE	
P61949	fldA	
P62601	treF	
P62615	ispE	
P63177	rlmB	
P63201	gadW	
P63746	eutS	
P64426	digH	
P64506	yebY	
P64550	alaE	
P64554	queE	
P64559	sdhE	
P64578	higB	
P64581	yqjD	
P64646	ghoT	1.C.130.1.2;
P65643	eutT	
P67080	yggS	
P67662	aaeR	
P67697	hicB	
P67701	higA	
P68066	grcA	
P68567	rsmJ	
P68679	rpsU	
P69222	infA	
P69330	citD	
P69432	pgaD	
P69434	pgaA	1.B.55.1.1;
P69488	cutA	
P69503	apt	
P69506	ytfE	
P69811	fruB	4.A.2.1.1;
P69820	ulaC	4.A.7.1.1;
P69822	ulaB	4.A.7.1.1;
P69828	gatA	4.A.5.1.1;
P69829	ptsN	
P69937	gdx	2.A.7.1.4;
P71229	hyfR	
P71241	wcaJ	
P75713	allE	
P75726	citF	
P75728	ubiF	
P75780	fiu	1.B.14.1.9;
P75783	ybiO	1.A.23.3.2;
P75796	gsiA	3.A.1.5.11;
P75797	gsiB	3.A.1.5.11;
P75798	gsiC	3.A.1.5.11;
P75800	pdeI	
P75801	dgcI	
P75823	ltaE	
P75824	hcr	
P75849	gloC	
P75869	sxy	
P75893	rutF	
P75894	rutE	
P75895	rutD	
P75897	rutB	
P75905	pgaC	4.D.1.1.3;
P75915	ycdY	
P75919	clsC	
P75952	comR	
P75954	ycfS	
P75958	lolE	3.A.1.125.1;
P75966	rluE	
P75987	iraM	
P75989	bluR	
P75993	ariR	
P76004	ycgM	
P76016	dhaR	
P76027	oppD	3.A.1.5.41;
P76041	ycjM	
P76042	ycjN	3.A.1.1.46;
P76043	ycjQ	
P76044	ycjR	
P76052	abgB	
P76079	paaC	
P76083	paaH	
P76085	paaK	
P76086	paaX	
P76091	ynbB	
P76106	hicA	
P76112	mnaT	
P76115	pqqU	1.B.14.9.5;1.B.22.1.3;
P76136	safA	
P76143	lsrF	
P76145	tam	
P76147	dgcF	
P76182	rsxD	3.D.6.1.4;
P76190	mepH	
P76192	ydhV	
P76193	ynhG	
P76213	cho	
P76234	yeaE	
P76237	dgcJ	
P76242	nimT	2.A.1.17.3;
P76245	dgcP	
P76250	dmlR	
P76290	cmoA	
P76291	cmoB	
P76340	hprR	
P76347	yeeJ	1.B.54.1.10;
P76350	shiA	2.A.1.6.6;
P76352	yeeO	2.A.66.1.23;
P76373	ugd	
P76395	pphC	
P76397	mdtA	8.A.1.6.2;
P76398	mdtB	2.A.6.2.12;
P76403	trhP	
P76423	thiM	
P76425	rcnA	2.A.113.1.1;
P76472	arnD	
P76473	arnT	9.B.142.2.9;
P76518	yfdE	
P76524	ypdF	
P76536	yfeX	
P76553	eutG	
P76578	yfhM	
P76641	guaD	
P76773	ompL	1.B.35.2.2;
P76938	epmC	
P77129	allG	
P77154	ycjT	
P77161	glxR	
P77171	ydcI	
P77223	rsxB	3.D.6.1.4;
P77245	murR	
P77257	lsrA	3.A.1.2.8;
P77272	murP	4.A.1.2.7;
P77279	fetA	3.A.1.139.2;
P77285	rsxG	3.D.6.1.4;
P77300	xynR	
P77304	dtpA	2.A.17.1.2;
P77306	yqiK	
P77333	pgrR	
P77334	pdeR	
P77338	mscK	1.A.23.1.1;
P77357	abgA	
P77359	djlC	
P77374	ynfE	5.A.3.3.1;
P77379	rclR	
P77397	mhpA	
P77439	fryA	4.A.2.1.11;
P77467	paaG	
P77475	yqaB	
P77481	ycjV	3.A.1.1.46;
P77503	ycjS	
P77522	sufB	
P77544	yfcF	
P77570	anmK	
P77580	mhpF	
P77608	mhpD	
P77611	rsxC	3.D.6.1.4;
P77615	ycjW	
P77619	yfeW	
P77626	sutR	
P77650	hcaD	
P77690	arnB	
P77704	ydjI	
P77716	ycjP	3.A.1.1.46;
P77731	allA	
P77733	focB	1.A.16.1.2;
P77735	yajO	8.A.5.1.6;
P77737	oppF	3.A.1.5.41;
P77743	prpR	
P77747	ompN	1.B.1.1.21;
P77756	queC	
P77757	arnC	4.D.1.1.13;
P77783	ynfF	5.A.3.3.1;
P77790	ddpX	
P78285	rrrD	
P80644	ssuE	
Q2EES9	torI	
Q46799	xdhA	
Q46800	xdhB	
Q46817	ghxQ	2.A.40.7.7;
Q46829	bglA	
Q46855	yqhC	
Q46915	gudX	
Q46916	gudP	
Q47140	hcaF	
Q47141	hcaR	
Q47157	yafO	
Q47538	tauB	3.A.1.17.1;
Q47690	mmuM	
A5A618	ynhF	3.D.4.3.2;
C1P607	ibsA	
C1P615	ibsC	
C1P616	ibsD	
C1P617	ibsE	
O32528	ypdI	
O52982	yfjS	
P00960	glyQ	
P03014	pinE	
P03030	lysR	
P03813	ygeA	
P03825	gspB	
P04128	fimA	
P04846	nlpA	
P04949	fliC	
P05052	appY	
P05827	ilvY	
P06282	cdh	
P06846	ebgR	
P07000	pldB	
P07654	pstA	3.A.1.7.1;
P08550	cvpA	9.B.160.1.16;
P08555	dsdX	2.A.8.1.5;
P08997	aceB	
P09126	hemD	
P09155	rnd	
P09163	yjaB	
P09424	mtlD	
P0A6G3	pncC	
P0A6G5	citX	
P0A6L7	uxaB	
P0A6P7	engB	
P0A6S0	flgH	
P0A6W0	glsA2	
P0A6W5	greA	
P0A7A2	gpmB	
P0A7C6	pepE	
P0A7H6	recR	
P0A7P5	rpmH	
P0A823	sfsA	
P0A867	talA	
P0A8B5	ybaB	
P0A8C8	yidD	
P0A8D0	nrdR	
P0A8G3	uxaC	
P0A8I3	yaaA	
P0A8P3	yggX	
P0A8R9	hdfR	
P0A8S5	uspB	9.B.4.1.1;
P0A8U0	syd	
P0A8Z0	yciA	
P0A901	blc	
P0A915	ompW	1.B.39.1.6;
P0A917	ompX	1.B.6.2.1;
P0A930	wza	1.B.18.3.1;
P0A932	gfcE	1.B.18.3.8;
P0A9E9	yeiL	
P0A9F6	gcvA	
P0A9F9	metR	
P0A9G2	nhaR	
P0A9H5	btuR	
P0A9I3	gcvR	
P0A9I8	nirD	
P0A9N0	ptsO	
P0A9T4	tas	8.A.5.1.5;
P0A9U6	puuR	
P0AA73	yhbE	
P0AA82	codB	2.A.39.1.1;
P0AAB2	wzb	
P0AAB6	galF	
P0AAB8	uspD	
P0AAE2	proY	2.A.3.1.23;
P0AAG3	gltL	3.A.1.3.4;
P0AAI1	ssuB	
P0AAJ1	ynfG	5.A.3.3.1;
P0AAK7	nrfC	5.A.3.5.3;
P0AAR0	tomB	
P0AAS7	ybcJ	
P0AAV4	pxpB	
P0AAX6	mcbA	
P0AAY6	ybjN	
P0AB20	hspQ	
P0AB28	yceD	
P0AB33	bssS	
P0AB93	arsB	3.A.4.1.1;
P0AB96	arsC	
P0ABC0	atpI	
P0ABD1	yeaV	
P0ABE2	bolA	
P0ABH4	mreD	9.B.157.1.3;
P0ABL5	napC	3.D.11.1.1;
P0ABL8	ccmB	
P0ABM5	ccmD	
P0ABM9	ccmH	
P0ABP6	dedA	9.B.27.2.3;
P0ABW3	yfaE	
P0ABW5	sfmA	
P0ABW9	flgB	
P0ABX2	flgC	
P0ABX5	flgG	
P0ABX8	fliL	
P0AC05	fliP	
P0AC07	fliQ	
P0AC26	nirC	1.A.16.3.1;
P0AC35	ttdB	
P0AC59	grxB	
P0AC65	nrdH	
P0AC92	gnsA	
P0AC96	gntU	2.A.8.1.8;
P0ACA1	yibF	
P0ACH8	melR	
P0ACI0	rob	
P0ACJ5	decR	
P0ACK2	agaR	
P0ACK5	deoR	
P0ACK8	fucR	
P0ACL0	glpR	
P0ACL2	exuR	
P0ACL9	pdhR	
P0ACM5	ggaR	
P0ACP5	gntR	
P0ACQ7	tdcA	
P0ACR0	allS	
P0ACR2	punR	
P0ACR4	yeiE	
P0ACS7	rpiR	
P0ACT2	envR	
P0ACT6	uidR	
P0ACX3	ydhR	
P0ACX5	fumD	
P0ACY1	ydjA	
P0ACZ2	etp	
P0AD89	tnaC	
P0ADB4	ecnA	
P0ADB7	ecnB	9.B.13.1.1;
P0ADD7	yjjQ	
P0ADE8	ygfZ	
P0ADH5	fimB	
P0ADH7	fimE	
P0ADI0	pinR	
P0ADQ7	ygaM	
P0ADT5	ygiC	
P0ADU5	ygiW	
P0ADW6	yhcC	
P0ADX9	rsmD	
P0ADZ7	yajC	3.A.5.1.1;
P0AE26	araH	3.A.1.2.2;
P0AE30	artM	3.A.1.3.3;
P0AE34	artQ	3.A.1.3.3;
P0AE37	astA	
P0AE39	ypdB	
P0AE45	paeA	1.A.112.2.11;
P0AE56	bfd	
P0AE60	cedA	
P0AE95	csgE	1.B.48.1.1;
P0AE98	csgF	1.B.48.1.1;
P0AEB0	cysW	3.A.1.6.1;
P0AEC0	mgpA	
P0AED9	dcm	
P0AEK0	exoX	
P0AEL3	feoA	9.A.8.1.1;
P0AEM4	flgM	
P0AEP1	galP	2.A.1.1.1;
P0AEQ6	glnP	3.A.1.3.2;
P0AEU3	hisM	3.A.1.3.29;
P0AEW1	hyfE	3.D.1.9.1;
P0AEW4	cpdA	
P0AEX3	kgtP	2.A.1.6.2;
P0AF08	mrp	
P0AF10	mtlR	
P0AF20	nagC	
P0AF40	yijD	
P0AF43	yjbB	2.A.58.2.1;
P0AF63	nsrR	
P0AF96	tabA	
P0AFA5	nfrB	
P0AFH0	ogt	
P0AFJ1	yjdM	
P0AFK0	pmbA	
P0AFK2	pnuC	
P0AFM9	pspB	
P0AFN2	pspC	
P0AFQ7	ycfH	
P0AFR4	yciO	
P0AFS1	lsrD	3.A.1.2.8;
P0AFV2	yhiD	9.B.20.1.4;
P0AFV8	pspD	
P0AG14	sohB	
P0AG34	rhtB	2.A.76.1.1;
P0AG38	rhtC	2.A.76.1.2;
P0AG84	yghA	
P0AGG8	tldD	
P0AGH8	pstC	3.A.1.7.1;
P0AGI4	xylH	3.A.1.2.4;
P0AGI8	trkA	2.A.38.1.1;
P0AGJ2	trmH	
P0AGK4	yhbY	
P0C8J8	gatZ	
P0C8K0	kbaZ	
P0CB39	eptC	
P0CE44	uidB	
P0CF88	insI1	
P0CK95	yghJ	
P0DP21	yjiP	
P0DP70	phnE	
P0DP89	ilvG	
P10371	hisA	
P10423	iap	
P10805	envY	
P11072	lit	
P11446	argC	
P11875	argS	
P11988	bglB	
P11989	bglG	
P12999	bioC	
P13024	fdhE	
P15006	mcrC	
P15070	fliN	
P15286	flk	
P15639	purH	
P15977	malQ	
P16525	tus	
P16677	phnC	3.A.1.9.1;
P16682	phnD	3.A.1.9.1;
P16689	phnM	
P16690	phnN	
P16701	cysU	3.A.1.6.1;
P17410	chbR	
P17583	cynX	2.A.1.17.1;
P18393	ybdZ	
P18811	malI	
P19317	narW	
P19769	insK	
P19930	hyaD	
P20605	fic	
P21420	nmpC	1.B.1.1.4;
P21515	acpH	
P21893	recJ	
P22586	fliO	
P23839	yicC	
P23841	xapR	
P23842	pdeA	
P23898	nlpC	
P23910	araJ	2.A.1.2.14;
P24174	manC	
P24175	manB	
P24181	acrF	2.A.6.2.1;
P24200	mcrA	
P24202	mrr	
P24218	intD	
P24240	ascB	
P24241	ascF	4.A.1.2.3;
P24242	ascG	
P24244	appX	3.D.4.3.2;
P25549	aslA	
P25741	waaP	
P25744	mdtG	2.A.1.2.20;
P25748	galS	
P25772	ligB	
P25960	gspO	
P26266	fepE	
P26365	amiB	
P26612	amyA	
P26649	glgS	
P27111	cynR	
P27126	waaS	
P27127	waaB	
P27240	waaY	
P27242	waaU	
P27832	wecD	
P27835	wzyE	
P27836	wecG	
P27862	yigZ	
P28249	asmA	9.B.121.5.1;
P28638	yhdJ	
P29012	dadX	
P30128	greB	
P30130	fimD	1.B.11.3.9;
P30149	yabI	
P30235	psuK	
P30744	sdaB	
P30859	artI	3.A.1.3.3;
P31060	modF	
P31068	fliH	
P31122	sotB	2.A.1.2.15;
P31125	eamA	2.A.7.3.2;
P31126	ydeE	2.A.1.2.55;
P31436	setC	2.A.1.20.3;
P31440	adeQ	2.A.40.7.4;
P31442	emrD	2.A.1.2.9;
P31452	glvC	
P31459	dgoK	
P31462	mdtL	2.A.1.2.22;
P31474	hsrA	2.A.1.3.51;
P31548	thiQ	3.A.1.19.1;
P31549	thiP	3.A.1.19.1;
P31574	fixB	
P31600	nfrA	
P31665	rpnC	
P31802	narP	
P31825	yfiC	
P31826	yddA	3.A.1.203.11;
P31828	pqqL	
P32137	yihP	2.A.2.3.9;
P32154	frvB	4.A.2.1.25;
P32672	frwC	4.A.2.1.10;
P32675	pflC	
P32676	frwD	4.A.2.1.10;
P32696	pspG	
P32701	pdeC	
P32710	nrfE	
P32711	nrfF	
P32714	mdtP	1.B.17.3.9;
P32720	alsC	3.A.1.2.6;
P33014	tsuB	
P33021	nupX	2.A.41.2.10;
P33024	psuT	2.A.41.2.9;
P33128	yadV	
P33135	fliR	
P33136	mdoG	
P33222	yjfC	
P33228	recT	
P33230	rcbA	
P33340	yehA	
P33341	yehB	1.B.11.3.11;
P33342	yehC	
P33343	yehD	
P33362	yehZ	3.A.1.12.15;
P33369	mdtQ	1.B.17.3.10;
P33593	nikD	3.A.1.5.3;
P33594	nikE	3.A.1.5.3;
P33595	sgrR	
P33596	recX	
P33920	yejK	
P34749	hofQ	
P36561	cobS	
P36562	cobT	
P36647	ppdD	
P36659	cbpA	
P36667	wbbL	
P36678	gspM	
P36771	lrhA	
P36879	yadG	3.A.1.105.17;
P36995	cspB	
P37005	lasT	
P37009	fbpC	
P37016	yadK	
P37017	yadL	
P37018	yadM	
P37024	hrpB	
P37047	cdaR	
P37050	yadN	
P37127	aegA	
P37147	fxsA	
P37180	hybB	3.D.7.2.5;
P37182	hybD	3.D.7.2.5;
P37195	dctR	
P37309	arsR	
P37326	intS	
P37590	pmrD	
P37623	acpT	
P37645	yhjG	9.B.121.1.1;
P37649	pdeK	
P37652	bcsB	4.D.3.1.6;
P37662	yhjX	2.A.1.11.3;
P37679	sgbU	
P37746	rfbX	2.A.66.2.1;
P37749	wbbI	
P37757	yddE	
P37766	ydiF	
P37772	yjfF	3.A.1.2.25;
P37906	puuB	
P37908	yfjD	1.A.112.2.5;
P38035	rtcR	
P38052	sfmF	
P38521	yggL	
P38683	torT	
P39160	uxuB	
P39163	chaC	
P39173	yeaD	
P39206	caiE	
P39208	idnK	
P39265	alsB	3.A.1.2.6;
P39267	rdcB	
P39285	mscM	1.A.23.1.3;
P39297	bsmA	
P39298	yjfP	
P39305	ulaE	
P39328	ytfT	3.A.1.2.25;
P39334	bdcR	
P39346	idnD	
P39347	intB	
P39359	yjhH	
P39362	sgcE	
P39365	sgcC	4.A.5.1.3;
P39370	nanS	
P39380	kptA	
P39399	lgoR	
P39408	yjjV	
P39409	yjjW	
P39410	yjjJ	
P39830	ybaL	2.A.37.1.5;
P39832	znuB	3.A.1.15.5;
P39902	sprT	
P40876	ycbF	
P41441	gspF	
P41442	gspG	
P41443	gspH	
P42596	rlmG	
P42624	yhaK	
P42626	yhaM	
P42630	tdcG	
P42640	yhbX	
P42904	agaV	
P42905	agaW	
P42907	agaS	
P42909	agaB	4.A.6.1.5;
P42910	agaC	
P42911	agaD	4.A.6.1.5;
P42912	agaI	
P42913	yraH	
P42914	yraI	
P42915	yraJ	1.B.11.3.6;
P43319	yraK	
P43337	nudL	
P45428	dcuD	2.A.61.1.2;
P45463	ttdR	
P45530	tusB	
P45531	tusC	
P45539	frlA	2.A.3.8.17;
P45544	frlR	
P45565	ais	
P45750	hofP	
P45751	hofO	
P45753	hofM	
P45756	gspA	9.B.42.1.3;
P45759	gspE	
P45760	gspI	
P45761	gspJ	
P45762	gspK	
P45763	gspL	
P45766	yhdW	3.A.1.3.26;
P45767	yhdX	3.A.1.3.26;
P45768	yhdY	3.A.1.3.26;
P45769	yhdZ	3.A.1.3.26;
P45800	yrfF	
P46068	dsdC	
P46118	hexR	
P46481	aaeB	2.A.85.1.2;
P46482	aaeA	8.A.1.7.1;
P46837	yhgF	
P46846	gntX	
P46854	aaaT	
P46859	gntK	
P46888	uspC	
P52037	ygfF	
P52043	scpC	
P52067	fsr	2.A.1.35.1;
P52076	qseB	
P52086	cobC	
P52102	yfhL	
P52108	rstA	
P52119	ratB	
P52127	abpA	
P52143	ypjA	
P52613	fliJ	
P52614	fliK	8.A.153.1.1;
P52627	fliZ	
P54746	mngB	
P56258	wecF	
P56579	srlA	4.A.4.1.1;
P60566	fixA	
P60778	tsgA	2.A.1.7.14;
P62517	mdoH	4.D.3.1.1;
P63204	gadE	
P63417	yhbS	
P64448	ynbE	
P64453	ortT	1.C.130.1.1;
P64530	rcnR	
P64599	ubiT	
P64634	hofN	
P64638	feoC	
P65367	yqcA	
P65556	yfcD	
P67087	rsmI	
P69367	mdtH	2.A.1.2.21;
P69808	fryB	4.A.2.1.11;
P69816	frwB	4.A.2.1.10;
P69826	cmtA	4.A.2.1.24;
P71298	intF	
P71301	ecpR	
P75683	yagG	2.A.2.3.5;
P75685	rclC	
P75687	rclB	
P75712	ybbW	2.A.39.3.8;
P75715	sfmH	
P75733	chiP	1.B.25.1.13;
P75736	ybfF	
P75742	dtpD	2.A.17.1.4;
P75745	pxpC	
P75746	pxpA	
P75757	zitB	2.A.4.1.4;
P75777	ybhG	3.A.1.105.15;
P75782	rlmF	
P75785	opgE	
P75794	ybiY	
P75799	gsiD	3.A.1.5.11;
P75806	ybjG	
P75811	rcdA	
P75817	rlmC	
P75826	lysO	2.A.124.1.1;
P75838	ycaO	
P75843	ycaQ	
P75851	ssuC	3.A.1.17.10;
P75853	ssuA	3.A.1.17.10;
P75855	elfA	
P75856	elfD	
P75857	elfC	
P75858	elfG	
P75901	efeU	2.A.108.2.3;
P75920	mdoC	9.B.97.7.1;
P75925	yceJ	
P75938	flgF	
P75942	flgJ	
P75948	thiK	
P75969	intE	
P75995	pdeG	
P76002	pliG	
P76007	cvrA	2.A.36.6.11;
P76017	ycgV	1.B.12.2.6;
P76046	ycjX	
P76057	xisR	
P76062	racR	
P76078	paaB	
P76080	paaD	
P76097	ydcJ	
P76114	mcbR	
P76128	ddpA	3.A.1.5.38;
P76135	ydeO	
P76142	lsrB	3.A.1.2.8;
P76159	rrrQ	
P76173	ynfH	5.A.3.3.1;
P76175	clcB	
P76187	ydhF	8.A.5.1.7;
P76204	ydiV	
P76215	astE	
P76224	ynjC	
P76241	nimR	
P76249	leuE	2.A.76.1.5;
P76254	yeaX	
P76261	pdeD	
P76268	kdgR	
P76270	msrC	
P76298	flhA	1.A.104.1.1;
P76299	flhB	
P76329	yedP	
P76345	yodB	
P76372	wzzB	
P76393	yegI	
P76446	pdeN	
P76461	atoB	
P76498	yfcO	
P76499	yfcP	
P76500	yfcQ	
P76501	yfcR	
P76502	sixA	
P76506	mlaA	3.A.1.27.3;
P76540	eutK	
P76551	eutA	
P76552	eutH	
P76555	eutQ	9.B.75.2.1;
P76556	eutP	
P76655	yqiG	
P76909	ynjD	
P77156	ydcU	3.A.1.11.9;
P77170	pinQ	
P77179	rsxE	3.D.6.1.4;
P77183	paoD	
P77196	yfcU	
P77213	ybdK	
P77228	ydfJ	2.A.1.6.9;
P77231	citG	
P77249	sfmC	
P77265	mdlA	3.A.1.106.13;
P77268	ddpD	3.A.1.5.38;
P77269	yphF	3.A.1.2.27;
P77288	yfcV	
P77295	ygaV	
P77307	fetB	3.A.1.139.2;
P77308	ddpB	3.A.1.5.38;
P77315	yphD	3.A.1.2.27;
P77329	hyfG	3.D.1.9.1;
P77365	yafY	
P77368	ybcL	
P77377	wzxC	2.A.66.2.7;
P77390	citC	
P77400	ybaT	2.A.3.6.4;
P77416	hyfD	3.D.1.9.1;
P77432	lsrK	
P77437	hyfF	3.D.1.9.1;
P77445	eutE	
P77463	ddpC	3.A.1.5.38;
P77468	sfmD	
P77473	pdeB	
P77494	hokB	1.E.53.1.3;
P77509	yphE	3.A.1.2.27;
P77549	yfcJ	2.A.1.46.6;
P77561	ydeP	
P77579	fryC	4.A.2.1.11;
P77585	ypdE	
P77596	yagF	
P77599	yfcS	
P77622	ddpF	3.A.1.5.38;
P77672	lsrC	3.A.1.2.8;
P77682	yfdG	
P77689	sufD	
P77692	ykfI	
P77744	abgR	
P77768	rpnB	
P77795	ydcT	3.A.1.11.9;
P77804	ydgA	
P77858	hyfC	3.D.1.9.1;
P78067	ynjE	
Q46798	ygeR	
Q46801	xdhC	
Q46802	uacR	
Q46803	ygeW	
Q46811	ygfK	
Q46814	xdhD	
Q46820	uacF	
Q46824	ygfX	
Q46836	pppA	1.A.54.5.4;
Q46863	ygiS	3.A.1.5.41;
Q46890	otnC	
Q46891	otnI	
Q46908	ygcR	
Q46939	yqeF	
Q46953	ypjF	
Q47005	nac	
Q47013	elaD	
Q47083	cbl	
Q47129	feaR	
Q47142	hcaT	2.A.1.27.1;
Q47156	yafN	
Q47537	tauA	3.A.1.17.1;
Q47539	tauC	3.A.1.17.1;
Q47622	sapA	3.A.1.5.42;
Q47689	mmuP	2.A.3.1.10;
Q47706	uidC	1.B.25.1.5;
Q57083	perR	
Q6BEX0	ytfR	3.A.1.2.25;
A0A385XJ53	insA9	
A0A385XJE6	insH21	
A0A385XJL4	insB9	
A5A605	ykfM	
A5A615	yncL	
A5A624	dinQ	
A5A628	yjbT	
A5A630	ytcA	
A8DYP9	uof	
C1P5Z7	sgrT	4.A.1.1.1;
C1P5Z8	ykgR	
C1P601	rzoQ	
C1P602	yoaK	
C1P603	yoaJ	
C1P605	azuC	
C1P608	ibsB	
C1P609	yohP	
C1P610	ypdK	
C1P611	shoB	1.C.135.1.1;
E2JKY7	mgtL	
G3MTW7	pmrR	
P03061	ivbL	
P03835	insG	
P03841	malM	
P06965	dicC	
P06966	dicA	
P07021	yfiB	1.B.6.1.21;
P08245	yciH	
P08369	creD	
P08371	ppdB	
P08372	ppdC	
P08390	usg	
P09127	hemX	
P09153	tfaE	
P09162	yjaA	
P09557	dicB	
P0A772	nrdI	
P0A7C8	psiE	
P0A8A0	yebC	
P0A8A2	yeeN	
P0A8C1	ybjQ	
P0A8C4	ygfB	
P0A8D3	yaiI	
P0A8D9	yfbV	
P0A8E1	ycfP	
P0A8J4	ybeD	
P0A8K8	yihY	9.B.126.2.1;
P0A8L7	yciU	
P0A8R7	ycjF	
P0A8T5	fliE	
P0A8U2	yafD	
P0A8W5	yqgE	
P0A8W8	yfbU	
P0A8X2	yceI	
P0A8X4	yccT	
P0A8Z7	yqiA	
P0A905	slyB	
P0A976	cspF	
P0A978	cspG	
P0A982	cspH	
P0A986	cspI	
P0A9A2	ftnB	
P0A9K1	phoH	
P0A9K3	ybeZ	
P0A9R2	essD	
P0A9T6	ybaQ	
P0A9T8	ybbA	3.A.1.122.15;
P0A9U8	ydiO	
P0A9V5	yiaG	
P0A9W9	yrdA	
P0AA31	yedF	
P0AA49	yfdV	
P0AA70	yedA	2.A.7.3.22;
P0AA91	yeaY	
P0AAA1	yagU	
P0AAA3	ecpA	
P0AAA5	ymcE	
P0AAC4	ybhL	1.A.14.2.2;
P0AAE5	ydgI	2.A.3.2.8;
P0AAK4	hydN	
P0AAL6	ydhY	
P0AAN1	hybE	
P0AAP5	iprA	
P0AAP7	yaiY	9.B.381.1.1;
P0AAQ0	yaiZ	9.B.382.1.1;
P0AAQ2	yajD	
P0AAR5	ybaN	
P0AAR8	ybaV	
P0AAS0	ylaC	
P0AAU7	ybfE	
P0AAV0	ybgE	8.A.79.1.1;
P0AAW5	ybhQ	
P0AAX3	ybiJ	
P0AAY1	bssR	
P0AAZ0	ybjO	
P0AAZ7	ycaR	
P0AB12	yccF	9.B.55.1.1;
P0AB14	yccJ	
P0AB26	yceB	
P0AB35	ycfJ	
P0AB49	ychH	
P0AB52	ychN	
P0AB55	yciI	
P0ABR1	dinI	
P0ABY2	fliT	
P0ABY4	fldB	
P0AC73	ebgC	
P0ACB7	hemY	
P0ACC9	wcaB	
P0ACD2	wcaF	
P0ACG6	hokD	
P0ACH1	sfsB	
P0ACI3	xylR	
P0ACM2	rspR	
P0ACM9	yihL	
P0ACN2	ytfH	
P0ACR7	yfeR	
P0ACU7	yjdC	
P0ACX0	ydgC	9.B.72.1.2;
P0ACX9	ydiE	
P0ACY6	yeaL	
P0ACY9	yebG	
P0AD12	yeeZ	
P0AD17	yohC	
P0AD19	yohK	
P0AD24	yejL	
P0AD30	yfcA	2.A.102.3.1;
P0AD35	yfdO	
P0AD44	yfhG	
P0AD47	yphA	
P0AD72	pheL	
P0AD79	leuL	
P0AD83	pyrL	
P0AD86	thrL	
P0AD92	trpL	
P0ADA5	yajG	
P0ADA7	osmB	
P0ADB1	osmE	
P0ADE2	ytfK	
P0ADF3	rhoL	
P0ADI7	yecD	
P0ADI9	yhhN	
P0ADJ3	yhjR	
P0ADJ5	bcsF	
P0ADJ8	yiaA	9.B.44.1.1;
P0ADK4	yiaW	
P0ADK6	yibA	
P0ADK8	yibL	
P0ADL6	yidG	
P0ADM0	yidH	9.B.51.1.1;
P0ADM4	yidQ	
P0ADM8	yieE	
P0ADQ5	yiiE	
P0ADR0	yqaA	
P0ADR2	ygdD	
P0ADS6	yggE	
P0ADT2	ygiB	
P0ADT8	ygiM	
P0ADX7	yhhA	
P0AE14	ampE	9.B.125.1.1;
P0AE28	aroM	
P0AE42	yqaE	9.B.12.2.1;
P0AE48	ytfP	
P0AE58	caiF	
P0AE63	chaB	
P0AE74	citT	2.A.47.3.2;
P0AE91	creA	
P0AEB7	yoaB	
P0AEH3	elaA	
P0AEH8	yjiG	
P0AEQ1	glcG	
P0AET5	hdeD	9.B.36.1.1;
P0AEV4	hycA	
P0AEV7	hycH	
P0AEX5	prkB	
P0AEY1	marC	2.A.95.1.1;
P0AF45	yjbE	
P0AF54	yjcH	9.B.136.1.1;
P0AF78	yjfJ	
P0AF80	yjfL	
P0AF82	yjfN	
P0AF86	yjfY	
P0AFH8	osmY	8.A.213.1.2;
P0AFI9	perM	2.A.86.1.1;
P0AFM4	psiF	
P0AFN6	yadH	3.A.1.105.17;
P0AFP0	yadS	
P0AFP4	ybbO	
P0AFR0	rssA	
P0AFS7	ydiK	
P0AFU2	yfbS	2.A.47.4.8;
P0AFV0	yibH	
P0AFW8	rof	
P0AFZ1	sseB	
P0AG27	yibN	
P0AG71	rmuC	
P0AGC7	ytjB	
P0AGH1	yhhJ	3.A.1.105.16;
P0AGJ5	yfiF	
P0AGM0	yhhT	2.A.86.1.2;
P0AGM2	yicG	1.A.62.2.3;
P0AGM5	ychA	
P0CB62	ymiA	
P0CE49	insH1	
P0CE50	insH2	
P0CE51	insH3	
P0CE52	insH4	
P0CE53	insH6	
P0CE54	insH7	
P0CE55	insH8	
P0CE56	insH9	
P0CE57	insH10	
P0CE58	insH11	
P0CF07	insA1	
P0CF08	insA2	
P0CF09	insA3	
P0CF10	insA4	
P0CF11	insA5	
P0CF12	insA6	
P0CF25	insB1	
P0CF26	insB2	
P0CF27	insB3	
P0CF28	insB5	
P0CF29	insB6	
P0CF40	insC1	
P0CF41	insC2	
P0CF42	insC3	
P0CF43	insC4	
P0CF44	insC5	
P0CF45	insC6	
P0CF53	insD1	
P0CF54	insD2	
P0CF55	insD3	
P0CF56	insD4	
P0CF57	insD5	
P0CF58	insD6	
P0CF60	insD8	
P0CF66	insE1	
P0CF67	insE2	
P0CF68	insE3	
P0CF69	insE4	
P0CF70	insE5	
P0CF79	insF1	
P0CF80	insF2	
P0CF81	insF3	
P0CF82	insF4	
P0CF83	insF5	
P0CF89	insI3	
P0CF90	insI4	
P0CF91	insL1	
P0CF92	insL2	
P0CF93	insL3	
P0DP22	yjiQ	
P0DP63	ybeH	
P0DP64	ybeM	
P0DP69	phnE1	
P0DPC4	ytiC	
P0DPC5	ytiD	
P0DPC6	idlP	
P0DPC7	rseD	
P0DPD0	ldrA	
P0DPD1	ldrC	
P0DPO8	ynfT	
P0DPP2	yoaL	
P0DQD7	gndA	
P0DSE4	argL	
P0DSG0	pssL	
P0DSH2	baxL	
P0DSH3	yibX	
P0DUM3	timP	
P0DXX6	xtpA	
P11286	yiaB	9.B.44.1.1;
P11290	yibD	
P11291	yzcX	
P11447	argH	
P11663	fumE	
P11866	tdcR	
P12994	ybhB	
P15081	gutM	
P15082	srlR	
P16681	yjdN	
P16684	phnF	
P16916	rhsA	
P16917	rhsB	
P16918	rhsC	
P16919	rhsD	
P18390	yjjA	
P19767	insA7	
P19931	hyaE	
P19932	hyaF	
P21361	yciG	
P21362	yciF	
P21365	yciC	
P21367	ycaC	
P21503	ycaD	2.A.1.26.1;
P22787	yifB	
P23325	arpA	
P23481	hyfA	3.D.1.9.1;
P23840	dinD	
P24178	yffB	
P24211	rhsE	
P25531	yicR	
P25550	aslB	
P25738	msyB	
P25743	ychE	2.A.95.1.7;
P25747	yeiB	9.B.169.1.2;
P26608	fliS	
P27294	inaA	
P27297	bax	
P27375	yjaZ	
P27843	yigG	
P27844	rarD	2.A.7.7.2;
P28303	dinF	2.A.66.1.4;
P28369	prfH	
P28697	mbiA	
P28721	gltF	
P28722	yhcA	
P28912	yhhI	
P28916	ybfD	
P28917	ydcC	
P29217	yceH	
P29744	flgL	
P30143	yaaJ	2.A.25.1.10;
P30192	insZ	
P30852	smf	
P30864	yafC	
P30979	ybeF	
P31061	nohA	
P31063	yedD	
P31064	yedE	9.B.102.1.1;
P31130	ydeI	
P31131	ydeJ	
P31433	yicH	9.B.121.3.1;
P31435	yicJ	2.A.2.3.4;
P31437	yicL	2.A.7.3.12;
P31446	yidI	
P31447	yidJ	
P31448	yidK	2.A.21.3.21;
P31449	yidL	
P31450	glvG	
P31453	yidP	
P31456	cbrA	
P31463	yidZ	
P31468	cbrB	
P31469	cbrC	
P31470	yieK	
P31471	yieL	
P31475	yieP	
P31666	yadE	
P31679	yaaU	2.A.1.1.114;
P31808	yciK	
P31827	yddB	1.B.14.19.1;
P32051	ydeK	
P32057	wcaI	
P32135	yihN	2.A.1.52.1;
P32139	yihR	
P32152	frvR	
P32153	frvX	
P32155	frvA	4.A.2.1.25;
P32674	pflD	
P32677	yijO	
P32687	yjbF	
P32689	yjbH	
P32703	yjcE	2.A.36.3.1;
P32709	nrfD	5.A.3.5.3;
P32712	nrfG	
P33011	yeeA	2.A.85.7.1;
P33020	yeiI	
P33029	yeiQ	
P33218	yebE	
P33235	flgK	
P33236	mokC	
P33345	yehF	
P33348	yehL	
P33349	yehM	
P33353	yehQ	
P33354	yehR	
P33366	yohD	
P33368	yohF	
P33554	ppdA	
P33634	yfiE	
P33666	ydbA	
P33924	yejO	1.B.12.8.4;
P33997	alpA	
P34209	ydcF	
P36547	eutR	
P36554	mdtD	2.A.1.3.26;
P36645	hofB	
P36646	hofC	
P36881	yadI	
P36928	yegD	
P36930	gatR	
P36943	eaeH	
P37007	yagA	
P37008	yagB	
P37014	yfaD	
P37049	yaeI	
P37056	yaeF	
P37057	ogrK	
P37305	hokA	1.E.53.1.2;
P37325	ybcH	
P37327	yfdC	1.A.16.4.1;
P37342	yjjI	
P37440	ucpA	
P37443	ycaI	
P37626	yhiI	3.A.1.105.16;
P37629	yhiL	
P37630	yhiM	9.B.245.1.2;
P37640	yhjB	
P37641	yhjC	
P37642	yhjD	9.B.126.1.1;
P37643	yhjE	2.A.1.6.10;
P37648	yhjJ	
P37650	bcsC	1.B.55.3.1;
P37655	bcsQ	
P37659	bcsG	9.B.275.1.1;
P37660	yhjV	2.A.42.2.3;
P37663	yhjY	
P37673	yiaL	
P37681	yiaT	1.B.93.1.1;
P37682	yiaU	
P37683	yiaV	8.A.1.1.4;
P37748	wbbH	9.B.67.2.1;
P37750	wbbJ	
P37751	wbbK	
P37767	yfhH	
P37903	uspF	
P37909	ybgD	
P38055	ydjE	2.A.1.1.92;
P38104	rspA	
P38105	rspB	
P38392	sieB	
P39161	uxuR	
P39165	ychO	1.B.54.1.9;
P39187	ytfJ	
P39212	insN2	
P39263	yfcC	2.A.118.1.8;
P39264	fimI	
P39270	yjdF	
P39282	yjeM	2.A.3.7.5;
P39284	yjeO	9.B.444.1.2;
P39314	ytfF	2.A.7.3.19;
P39332	yjgH	
P39336	yjgL	
P39337	yjgM	
P39338	yjgN	9.B.318.1.1;
P39343	idnR	
P39349	yjgX	
P39355	yjhE	
P39356	yjhU	
P39357	yjhF	2.A.8.1.11;
P39360	yjhI	
P39361	sgcR	
P39363	sgcA	4.A.5.1.3;
P39366	sgcX	
P39368	yjhQ	
P39369	yjhR	
P39379	yjiH	9.A.5.4.2;
P39381	yjiJ	
P39382	yjiK	
P39383	yjiL	
P39384	yjiM	
P39389	yjiR	
P39393	yjiV	
P39407	yjjU	
P39834	ygiL	
P39836	yfeH	2.A.28.3.4;
P39901	ybfI	
P41039	ybiI	
P42589	ygjH	
P42590	ygjI	2.A.3.7.4;
P42597	ygjP	
P42599	ygjR	
P42603	ygjV	9.B.221.1.1;
P42616	yqjC	
P42619	yqjF	
P42906	agaA	
P43340	ycaK	
P43531	ynfM	2.A.1.36.1;
P43533	flgN	
P43667	ygaH	2.A.78.1.3;
P45394	yrbG	2.A.19.5.1;
P45420	yhcD	1.B.11.3.12;
P45423	yhcG	
P45465	yraN	
P45468	yraQ	
P45472	yhbQ	
P45524	yheT	
P45537	yhfK	2.A.85.1.3;
P45546	yhfT	9.B.118.1.1;
P45549	yhfW	
P45566	yhdT	
P45570	ybcI	
P45581	stfP	
P45757	gspC	
P45771	yrdD	
P45848	yciQ	
P46119	ybjC	
P46122	yajI	
P46125	yedI	
P46141	ygbE	
P46478	aaeX	
P46853	yhhX	
P51024	yaiL	
P52007	yecM	
P52044	ygfI	
P52052	yggR	
P52107	csgC	
P52131	yfjP	
P52133	yfjR	
P52140	yfjY	
P52141	yfjZ	
P52598	ygbI	
P52636	yccM	
P52696	ybhD	
P55138	ygcE	
P55140	ygcG	
P56256	ysaA	
P56262	ysgA	
P56614	ymdF	
P57998	insB4	
P58035	sgcB	4.A.5.1.3;
P58041	rzoD	
P58042	rzoR	
P60632	yohJ	
P60869	ybjL	
P60872	yidE	
P60995	hisL	
P62723	yeiH	2.A.98.1.3;
P63264	cbpM	
P63340	yqeG	2.A.42.2.5;
P64429	ypfJ	
P64432	ypjD	9.B.14.3.6;
P64439	ybjM	
P64442	yceO	
P64455	ydcY	
P64481	ydjM	
P64496	yoaG	
P64503	yebV	
P64508	yobF	
P64515	yecN	
P64519	yodD	
P64545	yfgG	9.B.209.1.1;
P64548	yfiR	
P64564	yggT	9.A.4.1.2;
P64567	yqgB	
P64572	yghR	9.B.331.1.1;
P64585	yqjE	1.E.34.2.1;
P64590	yhaH	
P64592	yhaI	9.B.124.1.1;
P64614	yhcN	
P65290	yfgH	
P65292	ygdI	
P65294	ygdR	
P65298	yqhH	
P65807	ygeY	
P67127	ygdQ	
P67143	yhgN	2.A.95.1.5;
P67153	yqfA	1.C.113.1.10;
P67244	yqhA	
P67553	ynfC	
P67601	yobD	
P67660	yhaJ	
P67699	yddM	
P67729	yfeO	
P67826	cutC	9.B.158.1.2;
P68206	yjbJ	
P68644	fixC	
P68646	fixX	
P68661	ybcO	
P69789	glvB	
P69824	cmtB	4.A.2.1.24;
P71237	wcaC	
P71238	wcaD	
P71239	wcaE	
P71242	wcaK	
P71243	wcaL	
P71244	wcaM	
P75678	ykfA	
P75679	insN1	
P75681	afuB	
P75693	yahN	2.A.76.1.3;
P75694	yahO	
P75697	yaiX	
P75719	rzpD	
P75734	chiQ	
P75741	ybfL	
P75747	abrB	
P75748	ybgO	
P75749	ybgP	
P75750	ybgQ	1.B.11.2.2;
P75763	ybhI	2.A.47.3.5;
P75764	ybhJ	
P75767	ybhK	
P75770	ybhN	4.D.2.4.3;
P75779	ybiX	
P75788	ybiR	2.A.45.2.5;
P75793	ybiW	
P75810	ybjJ	2.A.1.60.2;
P75818	ybjP	
P75822	ybjT	
P75828	ybjD	
P75835	ycaM	2.A.3.7.2;
P75836	ycaN	
P75859	ycbU	
P75860	ycbV	
P75867	ycbZ	
P75870	yccS	2.A.85.1.1;
P75874	yccU	
P75882	gfcD	1.B.14.16.11;
P75883	gfcC	
P75884	gfcB	
P75885	gfcA	
P75916	ycdZ	
P75917	ymdA	
P75931	yceM	
P75933	flgA	
P75936	flgD	
P75937	flgE	
P75955	ycfT	
P75961	ycfZ	
P75962	ymfA	9.B.122.1.1;
P75970	xisE	
P75971	ymfH	
P75974	cohE	
P75981	jayE	
P75991	ycgZ	
P75992	ymgA	
P76000	ycgI	
P76011	ymgE	
P76034	yciT	
P76049	ycjY	
P76053	smrA	
P76056	intR	
P76063	ydaS	
P76064	ydaT	
P76071	insH5	
P76072	stfR	
P76076	ydbL	
P76090	ynbA	
P76092	ynbC	
P76093	ynbD	
P76100	ydcK	
P76102	insQ	
P76103	ydcO	2.A.46.1.9;
P76111	ydcZ	2.A.7.21.2;
P76116	yncE	
P76117	yncG	
P76119	yncI	
P76127	bdm	
P76134	ydeM	
P76137	ydeT	
P76138	yneL	
P76146	yneE	
P76161	quuQ	
P76164	ydfW	
P76168	intQ	
P76169	ynfA	2.A.7.26.1;
P76170	ynfB	
P76172	ynfD	
P76176	ydgD	
P76180	ydgK	
P76185	ydhJ	
P76186	ydhK	
P76197	ydiM	2.A.1.15.12;
P76198	ydiN	2.A.1.15.13;
P76201	ydiQ	
P76214	ves	
P76219	ydjX	9.B.27.1.1;
P76220	ydjY	
P76221	ydjZ	9.B.27.1.2;
P76223	ynjB	
P76226	ynjF	
P76228	ynjI	
P76230	ydjK	2.A.1.1.115;
P76235	yeaH	
P76269	yebQ	2.A.1.3.17;
P76297	flhE	
P76319	yedL	
P76335	yedS	
P76356	yoeA	
P76359	yeeP	
P76361	yeeR	
P76362	yeeS	
P76369	yeeY	
P76389	yegH	
P76402	yegP	
P76417	yegT	2.A.1.10.3;
P76419	yegV	
P76421	yegX	
P76460	atoE	2.A.73.1.1;
P76464	yfaS	
P76470	rhmT	2.A.1.14.35;
P76471	yfaZ	
P76482	yfbL	
P76483	yfbM	
P76509	yfdM	
P76514	yfdR	
P76520	yfdX	
P76538	yfeZ	9.B.127.1.1;
P76539	ypeA	
P76542	intZ	
P76561	ypfH	
P76569	yfgD	
P76573	yfgI	
P76584	yphB	
P76611	pinH	
P76616	ygaQ	
P76628	ygaY	2.A.1.36.3;
P76630	ygaZ	2.A.78.1.3;
P76633	ygcW	
P76639	ygeH	
P76656	yqiI	
P76657	yqiJ	
P77031	yqcE	
P77087	tfaX	
P77091	hokE	
P77169	yagJ	
P77181	paaY	
P77187	yahF	
P77188	ecpB	
P77199	yaiT	
P77234	ybeQ	
P77237	essQ	1.E.1.1.2;
P77252	ykgE	
P77260	ydfI	
P77263	ecpE	
P77277	eutJ	
P77280	ydjJ	
P77293	yfdH	
P77294	ydeR	
P77309	yneJ	
P77316	ybdR	
P77318	ydeN	
P77328	ybbY	2.A.40.5.1;
P77330	borD	
P77337	ydiS	
P77354	yafU	
P77360	yphC	
P77375	ydhX	
P77376	ydgJ	
P77378	ydiR	
P77381	djlB	
P77389	ydhP	2.A.1.2.65;
P77396	ypdC	
P77402	ydiP	
P77409	ydhU	
P77414	wcaA	
P77423	hyfH	3.D.1.9.1;
P77433	ykgG	
P77495	prpE	
P77504	ybbP	3.A.1.122.15;
P77515	stfQ	
P77519	yddL	
P77528	peaD	
P77536	ykgF	
P77538	yfhR	
P77539	ydjL	
P77551	rzpR	
P77552	ydhQ	
P77554	yahJ	
P77559	ynfL	
P77562	yaiW	
P77569	mhpR	
P77588	ydeQ	
P77601	ykgA	
P77609	flxA	
P77610	ansP	2.A.3.1.24;
P77616	yqiH	
P77624	yahI	
P77634	ybcM	
P77668	hyfI	3.D.1.9.1;
P77694	ecpD	
P77695	gnsB	
P77698	ybcK	
P77699	tfaD	
P77700	yahB	
P77713	yagH	
P77714	ydiT	
P77717	ybaY	
P77721	ydjF	
P77726	yajR	2.A.1.2.60;
P77730	ydcR	
P77732	rhmR	
P77739	yniA	
P77746	ybdO	
P77779	ybfO	
P77789	ydeS	
P77802	ecpC	
P77808	yfaY	
Q2EEQ2	rpmJ2	
Q2EES1	yniD	
Q2EES6	yohO	
Q2EET0	ypdJ	
Q2EET2	ypfN	
Q2M5U1	ytjA	
Q46755	ychQ	
Q46790	pbl	
Q46791	ygeK	
Q46795	ygeO	
Q46797	ygeQ	
Q46807	yqeA	
Q46812	ssnA	
Q46832	yghD	
Q46833	yghE	
Q46834	yghF	
Q46835	yghG	
Q46840	yghO	
Q46841	yghQ	
Q46844	yghT	9.B.331.1.3;
Q46861	ygiQ	
Q46866	ygiV	
Q46867	ygiZ	9.B.444.1.1;
Q46888	ltnD	
Q46889	otnK	
Q46892	ygbN	2.A.8.1.7;
Q46904	ygcN	
Q46905	ygcO	
Q46906	ygcP	
Q46907	ygcQ	
Q46909	ygcS	2.A.1.1.95;
Q46911	ygcU	
Q46942	yqeI	
Q47147	yafJ	
Q47151	yafL	
Q47153	lfhA	
Q47154	lafU	
Q47158	yafP	
Q47269	ybcN	
Q47274	quuD	
Q47534	yaiO	1.B.95.1.1;
Q47536	yaiP	4.D.1.1.11;
Q47679	yafV	
Q47684	yafW	
Q47685	ykfG	
Q47688	ykfC	
Q47718	insO2	
Q6BF25	ldrD	1.C.64.1.13;
Q6BF87	ldrB	
Q79E92	ykgN	
U3PVA8	iroK	
A0A385XJK5	ypaB	
A0A385XJL2	ygdT	
A5A607	ylcI	
A5A611	ymgI	
A5A612	ymgJ	
A5A613	yciY	
A5A614	yciZ	
A5A617	ydgU	
A5A619	yojO	
A5A621	ypfM	
A5A625	yibV	
A8DYQ1	ythA	
C1P5Z9	ymiB	
C1P600	ynbG	
C1P604	yobI	
C1P606	yoeI	
C1P612	yqcG	
C1P613	yqeL	
C1P614	yqfG	
C1P618	yrbN	
C1P619	ilvX	
C1P620	yshB	
C1P621	yjeV	
P02338	tpr	
P07010	rem	
P08370	ygdB	
P09154	ymfS	
P09996	yidB	
P0A828	smg	
P0A8E5	yacL	
P0A8K5	yaeP	
P0A8L5	ycgN	
P0A8R4	slyX	
P0AA95	yacC	8.A.2.1.3;
P0AA97	yaeQ	
P0AAL9	ykgJ	
P0AAN5	yaiA	
P0AAQ6	ybaA	3.A.5.1.1;
P0AAS9	ybdD	2.A.114.1.1;
P0AAT2	ybdF	
P0AAT9	ybeL	
P0AAU2	ybfA	
P0AAU5	ybfB	
P0AAV6	ybgS	
P0AAV8	ybhH	
P0AAW1	ybhP	
P0AAY4	ybjH	
P0AB03	ycbJ	
P0AB31	yceK	
P0AB43	ycgL	
P0AB46	ymgD	
P0AB61	yciN	
P0ACV8	ymjA	
P0ACW0	ydaF	
P0ACW2	ydbJ	
P0ACW4	ydcA	
P0ACW6	ydcH	
P0ACW8	ydfA	
P0AD05	yecA	
P0AD07	yecF	
P0AD10	yecJ	
P0AD21	yejG	
P0AD33	yfcZ	
P0AD37	yfeC	
P0AD40	ypeB	
P0AD53	ygaC	
P0AD74	pheM	
P0ADC8	yjiX	
P0ADD9	yjjY	
P0ADF0	fruL	
P0ADK0	yiaF	
P0ADL3	yicN	
P0ADM6	yidX	
P0ADP9	yihD	
P0ADS9	yggN	
P0ADU7	yqiB	
P0ADV5	yhbW	
P0ADW8	yheV	
P0ADX1	yhfA	
P0ADX5	yhfG	
P0AEG8	dsrB	
P0AF34	yiiR	
P0AF48	yjbQ	
P0AF50	yjbR	
P0AF56	yjcO	
P0AF59	yjdI	
P0AF70	yjeI	
P0AF73	yjeT	
P0AF76	yjfI	
P0AFT8	yeiW	
P0AFU6	yiiF	
P0CD93	ymjD	
P0CF86	yfjU	
P0DN74	ytiA	
P0DPC8	ymcF	
P0DPC9	ynfQ	
P0DPM5	yabR	
P0DPM6	yacM	
P0DPM7	yadW	
P0DPM8	ykgS	
P0DPM9	ykgV	
P0DPN0	yahV	
P0DPN1	ykiC	
P0DPN2	ykiD	
P0DPN3	ylcJ	
P0DPN4	yldA	
P0DPN5	ybgU	
P0DPN6	yliM	
P0DPN7	ymdG	
P0DPN8	ymgK	
P0DPN9	ymgL	
P0DPO0	ymgM	
P0DPO1	ymiC	
P0DPO2	ymjE	
P0DPO3	ynaL	
P0DPO4	ynaM	
P0DPO5	yncO	
P0DPO6	yddY	
P0DPO7	yneP	
P0DPO9	ynfR	
P0DPP0	ynfS	
P0DPP1	ynfP	
P0DPP3	yecU	
P0DPP4	yqfH	
P0DPP5	yqfI	
P0DPP6	yqhI	
P0DPP7	yqiD	
P0DPP8	ysdD	
P0DSE3	yadX	
P0DSE5	ytiB	
P0DSE6	ybgV	
P0DSE7	ybiE	
P0DSE8	yljB	
P0DSE9	ychT	
P0DSF0	ymiD	
P0DSF1	ynaN	
P0DSF2	yncP	
P0DSF3	mgtT	
P0DSF4	ynfU	
P0DSF5	ydgV	
P0DSF6	yecV	
P0DSF7	yoaM	
P0DSF8	yodE	
P0DSF9	evgL	
P0DSG1	yfiS	
P0DSG2	yqgG	
P0DSG3	yqgH	
P0DSG4	yqhJ	
P0DSG5	yqiM	
P0DSG6	yhgO	
P0DSG7	yhgP	
P0DSG8	yhiY	
P0DSG9	yriA	
P0DSH0	yriB	
P0DSH1	ysaE	
P0DSH4	yibY	
P0DSH5	yicU	
P0DSH6	ysdE	
P0DSH7	ysgD	
P0DSH8	ytgA	
P0DSH9	ykiE	
P0DSI0	ythB	
P0DUW0	ykfO	
P0DUW1	ymgN	
P0DUW2	ynhH	
P0DUW3	yoeJ	
P0DUW4	ypeD	
P0DV19	yrfJ	
P0DV20	ytcB	
P0DV21	ytgB	
P0DV22	ytiE	
P0DV23	ytjE	
P11289	yfiL	
P11664	yggC	
P11864	yhaC	
P11865	yhaB	
P15033	racC	
P17994	yfaA	
P19768	insJ	
P20343	cysX	
P21363	yciE	
P21418	ydfC	
P23305	yigA	
P24238	yebB	
P24252	ybgA	
P25666	htrL	
P25728	ygbA	
P25907	ydbD	
P27238	yfeD	
P27840	yigE	
P27842	yigF	
P28696	yaaI	
P28911	yhhH	
P28915	ybfC	
P29009	ydfB	
P29010	ydfD	
P29013	ycgB	
P30866	yafE	
P31062	nohD	
P31121	marB	
P31443	yidF	
P31455	yidR	
P31991	ydcD	
P32106	yibG	
P32108	yibI	9.B.32.1.1;
P32109	yibJ	
P32128	yihF	
P32134	yihM	
P32151	yiiG	
P32160	yiiQ	
P32162	yiiS	
P32167	yiiX	
P32668	yijF	
P32680	yjaG	
P32681	yjaH	
P32685	yjbD	
P32688	yjbG	
P32690	yjbI	
P32693	yjbL	
P32694	yjbM	
P32700	yjcB	
P32704	yjcF	
P33227	stfE	
P33344	yehE	
P33346	yehI	
P33347	yehK	
P33352	yehP	
P33355	yehS	
P33668	ybbC	
P33669	ybbD	
P36661	yccE	
P36677	yhdN	
P36682	yacH	
P37003	ybfG	
P37052	ychJ	
P37348	yecE	
P37614	yhhL	
P37615	yhhM	
P37627	yhiJ	
P37635	yhiS	
P37691	yibQ	
P38394	ydaE	
P39220	yabP	
P39221	yabQ	
P39274	yjdJ	
P39279	yjeJ	
P39283	yjeN	
P39293	yjfK	
P39295	yjfM	
P39308	yjfZ	
P39309	ytfA	
P39317	ytfI	
P39342	yjgR	
P39351	yjgZ	
P39354	yjhD	
P39364	sgcQ	
P39367	yjhP	
P39374	yjiC	
P39385	yjiN	
P39390	yjiS	
P39391	yjiT	
P42591	ygjJ	
P42598	ygjQ	
P42625	yhaL	
P45421	yhcE	
P45422	yhcF	
P45469	yraR	
P45505	yfaH	
P45545	yhfS	
P45550	yhfX	
P45551	yhfY	
P45552	yhfZ	
P45564	yfeN	1.B.10.3.1;
P45736	ycjD	
P45795	yrdB	
P45804	yhgE	9.B.65.1.1;
P45807	ybaM	
P46126	yfiM	
P46142	yggM	
P46144	yedJ	
P46855	yhhZ	
P46856	yrhA	
P46857	yrhB	
P46879	yqgD	
P46887	yecH	
P46890	ybaE	
P52048	yggP	
P52060	yggU	
P52096	yaeR	
P52123	yfjH	
P52124	yfjI	
P52125	yfjJ	
P52128	yfjM	
P52132	yfjQ	
P52134	ypjK	
P52135	yfjT	
P52138	yfjW	
P52139	yfjX	
P52644	hslJ	
P54901	csiE	
P55914	yjjZ	
P56257	ykgL	
P56259	yifN	
P58033	ypjJ	
P58036	yjbS	
P58037	yrhD	
P58094	yciX	
P58095	ypjI	
P62066	yceQ	
P62522	ilvL	
P62672	apaG	
P62768	yaeH	
P64435	ybcW	
P64445	ynaJ	
P64451	ydcL	
P64459	yncJ	
P64463	ydfZ	
P64471	ydhI	
P64474	ydhL	
P64476	ydiH	
P64479	ydiZ	
P64485	yeaQ	
P64488	yeaR	
P64490	yoaC	
P64493	yoaF	
P64499	yebO	
P64517	yodC	
P64521	yeeT	
P64526	yeeW	
P64536	yeiS	
P64540	yfcL	
P64542	ypeC	
P64557	ygfM	
P64562	yqfE	
P64570	yqgC	
P64574	yghW	
P64610	yrbL	
P64616	yhcO	
P64619	yhdU	
P64622	yhdV	
P64624	yheO	
P64627	yhfL	
P64631	yhfU	
P67338	yoaH	
P67624	yheU	
P67762	yhbP	
P71296	yagM	
P71297	yagN	
P71311	yaiS	
P75616	yaaX	
P75617	yaaW	
P75620	yaaY	
P75672	yafS	
P75675	ykfJ	
P75676	yafX	
P75677	ykfF	
P75680	insO1	
P75684	yagP	
P75688		
P75692	yahM	
P75704	ykiA	
P75711	ybbV	
P75717	exoD	
P75718	renD	
P75737	ybfP	
P75769	ybhM	
P75791	ybiU	
P75821	ybjS	
P75829	ybjX	
P75839	ycaP	
P75910	ycdU	
P75946	ycfL	
P75967	ymfD	
P75968	ymfE	
P75972	ymfI	
P75973	ymfJ	
P75975	croE	
P75976	ymfL	
P75977	ymfM	
P75978	ymfN	
P75979	ymfR	
P75980	beeE	
P75982	ymfQ	
P75988	ycgX	
P75994	ymgC	
P76001	ycgJ	
P76012	ycgY	
P76023	ychS	
P76035	yciW	
P76061	ydaG	
P76065	ydaU	
P76066	ydaW	
P76068	ynaK	
P76069	ydaY	
P76073	ynaE	
P76096	mokB	
P76118	yncH	
P76121	yddH	
P76122	yddJ	
P76123	yddK	
P76148	yneG	
P76150	yneK	
P76154	ydfK	
P76155	tfaQ	
P76156	ydfO	
P76157	ynfN	
P76158	rzpQ	
P76160	ydfR	
P76162	ydfU	
P76163	ydfV	
P76165	ydfX	
P76177	ydgH	
P76196	ydiL	
P76205	arpB	
P76206	ydiY	1.B.75.1.3;
P76208	yniB	
P76210	ydjO	
P76222	ynjA	
P76227	ynjH	
P76231	yeaC	
P76239	yoaI	
P76243	yeaO	
P76275	yebW	
P76280	yobB	
P76296	yecT	
P76308	yecR	
P76322	yedM	
P76323	intG	
P76349	yeeL	
P76394	yegJ	
P76396	yegL	
P76406	yegR	
P76418	yegU	
P76462	yfaP	
P76463	yfaQ	
P76466	yfaT	
P76481	yfbK	1.A.13.2.3;
P76484	yfbN	
P76485	yfbO	
P76486	yfbP	
P76505	yfdF	
P76507	yfdI	
P76508	yfdL	
P76510	yfdN	
P76512	yfdP	
P76513	yfdQ	
P76515	yfdS	
P76516	yfdT	
P76521	yfdY	
P76537	yfeY	
P76543	yffL	
P76544	yffM	
P76545	yffN	
P76546	yffO	
P76547	yffP	
P76548	yffQ	
P76549	yffR	
P76550	yffS	
P76559	ypfG	
P76575	yfgJ	
P76585	yphG	
P76586	yphH	
P76612	ypjB	
P76613	ypjC	
P76692	yzgL	
P77136	yqeK	
P77147	ydhT	
P77148	ydhS	
P77162	ykfB	
P77163	tfaR	
P77174	ybdM	
P77180	ykgH	
P77184	lomR	
P77206	yafZ	
P77216	ybdN	
P77219	yahC	
P77221	yahG	
P77286	ydeU	
P77296	ybeT	
P77297	yahE	
P77301	ybaP	
P77326	tfaS	
P77339	yafT	
P77393	yahL	
P77427	ybeU	
P77453	hyfJ	
P77460	ybcY	
P77506	ybdJ	
P77546	ydaV	
P77564	ydhW	
P77598	ybcV	
P77607	yagL	
P77627	ybeR	
P77656	yfdK	
P77657	yagK	
P77658	ynaA	
P77688	ylbG	
P77736	yahD	
P77759	ylbH	
P77775	yfcH	
P78271	yfeS	
Q2EEP9	yafF	
Q2EEQ3	yahH	
Q2EEQ8	ybfQ	
Q2EER5	ymjC	
Q2EES0	ynfO	
Q2EES3	yoeF	
Q2EEU2	yjhX	
Q2M7M3	ysaB	
Q2M7R5	yibT	
Q2M7X4	yicS	
Q2MB16	yobH	
Q46786	ygeF	
Q46787	ygeG	
Q46789	ygeI	
Q46793	ygeN	
Q46796	ygeP	
Q46808	yqeB	
Q46809	yqeC	
Q46819	ygfS	
Q46831	yqgA	9.B.120.1.1;
Q46843	yghS	9.B.331.1.2;
Q46858	yqhG	
Q46919	yqcC	
Q46941	yqeH	
Q46943	yqeJ	
Q47138	ydfE	
Q47268	ylcH	
Q47270	ninE	
Q47272	ylcG	
Q47702	yfeK	
Q47710	yqjK	
Q47719	yjhV	
Q6BEX5	yjdP	
Q7DFU6	yghX	
Q7DFV3	ymgG	
Q7DFV4	ymdE	
Q9XB42	ykfH	
Q9Z3A0	yjgW	
V9HVX0	ypaA	
