Entry	Entry Name
A5A616	MGTS_ECOLI
O32583	THIS_ECOLI
P00350	6PGD_ECOLI
P00363	FRDA_ECOLI
P00370	DHE4_ECOLI
P00393	NDH_ECOLI
P00448	SODM_ECOLI
P00452	RIR1_ECOLI
P00490	PHSM_ECOLI
P00509	AAT_ECOLI
P00550	PTM3C_ECOLI
P00561	AK1H_ECOLI
P00562	AK2H_ECOLI
P00579	RPOD_ECOLI
P00582	DPO1_ECOLI
P00634	PPB_ECOLI
P00722	BGAL_ECOLI
P00803	LEP_ECOLI
P00804	LSPA_ECOLI
P00805	ASPG2_ECOLI
P00811	AMPC_ECOLI
P00861	DCDA_ECOLI
P00864	CAPP_ECOLI
P00893	ILVI_ECOLI
P00894	ILVH_ECOLI
P00903	PABA_ECOLI
P00904	TRPGD_ECOLI
P00914	PHR_ECOLI
P00926	SDHD_ECOLI
P00935	METB_ECOLI
P00936	CYAA_ECOLI
P00946	MANA_ECOLI
P00956	SYI_ECOLI
P00957	SYA_ECOLI
P00959	SYM_ECOLI
P00962	SYQ_ECOLI
P00963	ASNA_ECOLI
P00968	CARB_ECOLI
P02358	RS6_ECOLI
P02359	RS7_ECOLI
P02916	MALF_ECOLI
P02918	PBPA_ECOLI
P02919	PBPB_ECOLI
P02920	LACY_ECOLI
P02921	MELB_ECOLI
P02925	RBSB_ECOLI
P02929	TONB_ECOLI
P02930	TOLC_ECOLI
P02931	OMPF_ECOLI
P02942	MCP1_ECOLI
P02943	LAMB_ECOLI
P03004	DNAA_ECOLI
P03007	DPO3E_ECOLI
P03018	UVRD_ECOLI
P03023	LACI_ECOLI
P03819	KEFC_ECOLI
P03959	KDPA_ECOLI
P03960	KDPB_ECOLI
P03961	KDPC_ECOLI
P04036	DAPB_ECOLI
P04079	GUAA_ECOLI
P04152	UMUC_ECOLI
P04391	OTC1_ECOLI
P04395	3MG2_ECOLI
P04425	GSHB_ECOLI
P04693	TYRB_ECOLI
P04805	SYE_ECOLI
P04825	AMPN_ECOLI
P04968	ILVA_ECOLI
P04982	RBSD_ECOLI
P04983	RBSA_ECOLI
P04993	RECD_ECOLI
P04994	EX7L_ECOLI
P04995	EX1_ECOLI
P05020	PYRC_ECOLI
P05041	PABB_ECOLI
P05042	FUMC_ECOLI
P05050	ALKB_ECOLI
P05055	PNP_ECOLI
P05194	AROD_ECOLI
P05458	PTRA_ECOLI
P05523	FPG_ECOLI
P05637	APAH_ECOLI
P05704	MCP3_ECOLI
P05791	ILVD_ECOLI
P05793	ILVC_ECOLI
P05804	BGLR_ECOLI
P05824	RECN_ECOLI
P05825	FEPA_ECOLI
P05852	TSAD_ECOLI
P06129	BTUB_ECOLI
P06134	ADA_ECOLI
P06136	FTSQ_ECOLI
P06149	DLD_ECOLI
P06609	BTUC_ECOLI
P06610	BTUE_ECOLI
P06611	BTUD_ECOLI
P06612	TOP1_ECOLI
P06616	ERA_ECOLI
P06709	BIRA_ECOLI
P06710	DPO3X_ECOLI
P06715	GSHR_ECOLI
P06721	METC_ECOLI
P06722	MUTH_ECOLI
P06959	ODP2_ECOLI
P06961	CCA_ECOLI
P06968	DUT_ECOLI
P06971	FHUA_ECOLI
P06972	FHUB_ECOLI
P06974	FLIM_ECOLI
P06983	HEM3_ECOLI
P06988	HISX_ECOLI
P06992	RSMA_ECOLI
P06993	MALT_ECOLI
P06996	OMPC_ECOLI
P06999	PFKB_ECOLI
P07001	PNTA_ECOLI
P07003	POXB_ECOLI
P07004	PROA_ECOLI
P07012	RF2_ECOLI
P07013	PRIB_ECOLI
P07014	SDHB_ECOLI
P07017	MCP2_ECOLI
P07024	USHA_ECOLI
P07026	SDIA_ECOLI
P07102	PPA_ECOLI
P07117	PUTP_ECOLI
P07118	SYV_ECOLI
P07330	CHEB_ECOLI
P07363	CHEA_ECOLI
P07395	SYFB_ECOLI
P07464	THGA_ECOLI
P07604	TYRR_ECOLI
P07623	METAS_ECOLI
P07639	AROB_ECOLI
P07648	RECC_ECOLI
P07649	TRUA_ECOLI
P07658	FDHF_ECOLI
P07821	FHUC_ECOLI
P07822	FHUD_ECOLI
P07862	DDLB_ECOLI
P07913	TDH_ECOLI
P08179	PUR3_ECOLI
P08191	FIMH_ECOLI
P08192	FOLC_ECOLI
P08200	IDH_ECOLI
P08201	NIRB_ECOLI
P08202	ARAA_ECOLI
P08203	ARAD_ECOLI
P08244	PYRF_ECOLI
P08312	SYFA_ECOLI
P08337	MUTT_ECOLI
P08373	MURB_ECOLI
P08394	RECB_ECOLI
P08395	SPPA_ECOLI
P08400	PHOR_ECOLI
P08506	DACC_ECOLI
P08622	DNAJ_ECOLI
P08660	AK3_ECOLI
P08839	PT1_ECOLI
P08956	T1RK_ECOLI
P09029	PURK_ECOLI
P09030	EX3_ECOLI
P09099	XYLB_ECOLI
P09147	GALE_ECOLI
P09148	GAL7_ECOLI
P09152	NARG_ECOLI
P09158	SPEE_ECOLI
P09169	OMPT_ECOLI
P09323	PTW3C_ECOLI
P09348	MOTA_ECOLI
P09372	GRPE_ECOLI
P09373	PFLB_ECOLI
P09377	RHAS_ECOLI
P09391	GLPG_ECOLI
P09394	GLPQ_ECOLI
P09546	PUTA_ECOLI
P09831	GLTB_ECOLI
P09832	GLTD_ECOLI
P09835	UHPB_ECOLI
P09980	REP_ECOLI
P0A698	UVRA_ECOLI
P0A6A0	UBIB_ECOLI
P0A6A3	ACKA_ECOLI
P0A6A8	ACP_ECOLI
P0A6B4	ALR1_ECOLI
P0A6B7	ISCS_ECOLI
P0A6C1	END4_ECOLI
P0A6C8	ARGB_ECOLI
P0A6D0	ARGR_ECOLI
P0A6D3	AROA_ECOLI
P0A6D5	YDIB_ECOLI
P0A6D7	AROK_ECOLI
P0A6E1	AROL_ECOLI
P0A6E4	ASSY_ECOLI
P0A6E6	ATPE_ECOLI
P0A6F1	CARA_ECOLI
P0A6F3	GLPK_ECOLI
P0A6F5	CH60_ECOLI
P0A6F9	CH10_ECOLI
P0A6G7	CLPP_ECOLI
P0A6H1	CLPX_ECOLI
P0A6H5	HSLU_ECOLI
P0A6H8	CLSA_ECOLI
P0A6I0	KCY_ECOLI
P0A6I6	COAD_ECOLI
P0A6J1	CYSC_ECOLI
P0A6J3	CYSZ_ECOLI
P0A6J5	DADA_ECOLI
P0A6K1	DAPF_ECOLI
P0A6K3	DEF_ECOLI
P0A6K6	DEOB_ECOLI
P0A6L0	DEOC_ECOLI
P0A6L2	DAPA_ECOLI
P0A6L4	NANA_ECOLI
P0A6M2	DSBB_ECOLI
P0A6M4	DTD_ECOLI
P0A6M8	EFG_ECOLI
P0A6N4	EFP_ECOLI
P0A6N8	EFPL_ECOLI
P0A6P1	EFTS_ECOLI
P0A6P5	DER_ECOLI
P0A6P9	ENO_ECOLI
P0A6Q3	FABA_ECOLI
P0A6Q6	FABZ_ECOLI
P0A6R0	FABH_ECOLI
P0A6R3	FIS_ECOLI
P0A6S5	FTSB_ECOLI
P0A6S7	GPDA_ECOLI
P0A6T1	G6PI_ECOLI
P0A6T3	GAL1_ECOLI
P0A6T5	GCH1_ECOLI
P0A6U3	MNMG_ECOLI
P0A6U5	RSMG_ECOLI
P0A6V1	GLGC_ECOLI
P0A6V5	GLPE_ECOLI
P0A6W3	MRAY_ECOLI
P0A6X1	HEM1_ECOLI
P0A6X3	HFQ_ECOLI
P0A6X7	IHFA_ECOLI
P0A6Y1	IHFB_ECOLI
P0A6Y5	HSLO_ECOLI
P0A6Y8	DNAK_ECOLI
P0A6Z3	HTPG_ECOLI
P0A6Z6	NIKR_ECOLI
P0A700	HYPA_ECOLI
P0A703	HYBF_ECOLI
P0A705	IF2_ECOLI
P0A707	IF3_ECOLI
P0A710	YCIB_ECOLI
P0A712	KDGT_ECOLI
P0A715	KDSA_ECOLI
P0A717	KPRS_ECOLI
P0A720	KTHY_ECOLI
P0A722	LPXA_ECOLI
P0A725	LPXC_ECOLI
P0A729	NTPPB_ECOLI
P0A731	MGSA_ECOLI
P0A738	MOAC_ECOLI
P0A742	MSCL_ECOLI
P0A744	MSRA_ECOLI
P0A746	MSRB_ECOLI
P0A749	MURA_ECOLI
P0A754	KEFF_ECOLI
P0A759	NAGB_ECOLI
P0A761	NANE_ECOLI
P0A763	NDK_ECOLI
P0A769	MNTH_ECOLI
P0A776	RPPH_ECOLI
P0A784	ORN_ECOLI
P0A786	PYRB_ECOLI
P0A790	PAND_ECOLI
P0A794	PDXJ_ECOLI
P0A796	PFKA_ECOLI
P0A799	PGK_ECOLI
P0A7A7	PLSB_ECOLI
P0A7A9	IPYR_ECOLI
P0A7B1	PPK1_ECOLI
P0A7B3	NADK_ECOLI
P0A7B5	PROB_ECOLI
P0A7B8	HSLV_ECOLI
P0A7C2	LEXA_ECOLI
P0A7D1	PTH_ECOLI
P0A7D4	PURA_ECOLI
P0A7E1	PYRD_ECOLI
P0A7E3	PYRE_ECOLI
P0A7E5	PYRG_ECOLI
P0A7E9	PYRH_ECOLI
P0A7F6	SPED_ECOLI
P0A7F9	QUEA_ECOLI
P0A7G2	RBFA_ECOLI
P0A7G6	RECA_ECOLI
P0A7H0	RECF_ECOLI
P0A7I4	RF3_ECOLI
P0A7I7	RIBA_ECOLI
P0A7J0	RIBB_ECOLI
P0A7J3	RL10_ECOLI
P0A7J7	RL11_ECOLI
P0A7K2	RL7_ECOLI
P0A7K6	RL19_ECOLI
P0A7L0	RL1_ECOLI
P0A7L3	RL20_ECOLI
P0A7L8	RL27_ECOLI
P0A7M2	RL28_ECOLI
P0A7M6	RL29_ECOLI
P0A7M9	RL31_ECOLI
P0A7N4	RL32_ECOLI
P0A7N9	RL33_ECOLI
P0A7R1	RL9_ECOLI
P0A7R5	RS10_ECOLI
P0A7R9	RS11_ECOLI
P0A7S3	RS12_ECOLI
P0A7S9	RS13_ECOLI
P0A7T3	RS16_ECOLI
P0A7T7	RS18_ECOLI
P0A7U3	RS19_ECOLI
P0A7U7	RS20_ECOLI
P0A7V0	RS2_ECOLI
P0A7V3	RS3_ECOLI
P0A7V8	RS4_ECOLI
P0A7W1	RS5_ECOLI
P0A7W7	RS8_ECOLI
P0A7X3	RS9_ECOLI
P0A7X6	RIMM_ECOLI
P0A7Y0	RNC_ECOLI
P0A7Y4	RNH_ECOLI
P0A7Z0	RPIA_ECOLI
P0A7Z4	RPOA_ECOLI
P0A800	RPOZ_ECOLI
P0A809	RUVA_ECOLI
P0A812	RUVB_ECOLI
P0A814	RUVC_ECOLI
P0A817	METK_ECOLI
P0A821	SELA_ECOLI
P0A825	GLYA_ECOLI
P0A830	DCTA_ECOLI
P0A832	SSRP_ECOLI
P0A836	SUCC_ECOLI
P0A840	SURE_ECOLI
P0A847	TGT_ECOLI
P0A850	TIG_ECOLI
P0A853	TNAA_ECOLI
P0A855	TOLB_ECOLI
P0A858	TPIS_ECOLI
P0A862	TPX_ECOLI
P0A870	TALB_ECOLI
P0A873	TRMD_ECOLI
P0A879	TRPB_ECOLI
P0A884	TYSY_ECOLI
P0A887	UBIE_ECOLI
P0A890	TUSA_ECOLI
P0A894	RAPZ_ECOLI
P0A898	YBEY_ECOLI
P0A8B2	SMRB_ECOLI
P0A8D6	YMDB_ECOLI
P0A8E7	YAJQ_ECOLI
P0A8F0	UPP_ECOLI
P0A8F8	UVRB_ECOLI
P0A8G0	UVRC_ECOLI
P0A8G6	NQOR_ECOLI
P0A8G9	EX7S_ECOLI
P0A8H3	ZUPT_ECOLI
P0A8H6	YIHI_ECOLI
P0A8I1	YQGF_ECOLI
P0A8I5	TRMB_ECOLI
P0A8I8	RLMH_ECOLI
P0A8J2	DNAT_ECOLI
P0A8J8	RHLB_ECOLI
P0A8K1	PSD_ECOLI
P0A8L1	SYS_ECOLI
P0A8M0	SYN_ECOLI
P0A8M3	SYT_ECOLI
P0A8M6	TMAR_ECOLI
P0A8N0	MATP_ECOLI
P0A8N3	SYK1_ECOLI
P0A8N5	SYK2_ECOLI
P0A8N7	EPMA_ECOLI
P0A8P6	XERC_ECOLI
P0A8P8	XERD_ECOLI
P0A8Q0	FRDC_ECOLI
P0A8Q3	FRDD_ECOLI
P0A8R0	RRAA_ECOLI
P0A8S1	ARGP_ECOLI
P0A8S9	FLHD_ECOLI
P0A8T1	PRMA_ECOLI
P0A8T7	RPOC_ECOLI
P0A8V0	RBN_ECOLI
P0A8V2	RPOB_ECOLI
P0A8V6	FADR_ECOLI
P0A8W0	NANR_ECOLI
P0A8X0	DARP_ECOLI
P0A8Y1	YJJG_ECOLI
P0A8Y3	YIHX_ECOLI
P0A8Y5	YIDA_ECOLI
P0A8Y8	ENTH_ECOLI
P0A903	BAMC_ECOLI
P0A910	OMPA_ECOLI
P0A912	PAL_ECOLI
P0A921	PA1_ECOLI
P0A924	PGPB_ECOLI
P0A935	MLTA_ECOLI
P0A937	BAME_ECOLI
P0A940	BAMA_ECOLI
P0A944	RIMI_ECOLI
P0A948	RIMJ_ECOLI
P0A951	ATDA_ECOLI
P0A953	FABB_ECOLI
P0A955	ALKH_ECOLI
P0A959	ALAA_ECOLI
P0A962	ASPG1_ECOLI
P0A964	CHEW_ECOLI
P0A968	CSPD_ECOLI
P0A972	CSPE_ECOLI
P0A988	DPO3B_ECOLI
P0A991	ALF1_ECOLI
P0A993	F16PA_ECOLI
P0A998	FTNA_ECOLI
P0A9A6	FTSZ_ECOLI
P0A9A9	FUR_ECOLI
P0A9B2	G3P1_ECOLI
P0A9B6	E4PD_ECOLI
P0A9C0	GLPA_ECOLI
P0A9C5	GLN1B_ECOLI
P0A9C9	GLPX_ECOLI
P0A9D2	GSTA_ECOLI
P0A9D8	DAPD_ECOLI
P0A9E0	ARAC_ECOLI
P0A9E5	FNR_ECOLI
P0A9G4	CUER_ECOLI
P0A9G6	ACEA_ECOLI
P0A9G8	MODE_ECOLI
P0A9H3	LDCI_ECOLI
P0A9H7	CFA_ECOLI
P0A9H9	CHEZ_ECOLI
P0A9J0	RNG_ECOLI
P0A9J4	PANE_ECOLI
P0A9J6	RBSK_ECOLI
P0A9J8	CMPDT_ECOLI
P0A9K7	PHOU_ECOLI
P0A9K9	SLYD_ECOLI
P0A9L3	FKBB_ECOLI
P0A9M0	LON_ECOLI
P0A9M2	HPRT_ECOLI
P0A9M5	XGPT_ECOLI
P0A9M8	PTA_ECOLI
P0A9N4	PFLA_ECOLI
P0A9N8	NRDG_ECOLI
P0A9P0	DLDH_ECOLI
P0A9P4	TRXB_ECOLI
P0A9P6	DEAD_ECOLI
P0A9Q1	ARCA_ECOLI
P0A9Q5	ACCD_ECOLI
P0A9Q7	ADHE_ECOLI
P0A9Q9	DHAS_ECOLI
P0A9R7	FTSE_ECOLI
P0A9S1	FUCO_ECOLI
P0A9S5	GLDA_ECOLI
P0A9S7	LIVG_ECOLI
P0A9T0	SERA_ECOLI
P0A9V1	LPTB_ECOLI
P0A9V8	SQUU_ECOLI
P0A9W3	ETTA_ECOLI
P0A9X4	MREB_ECOLI
P0A9X9	CSPA_ECOLI
P0A9Y6	CSPC_ECOLI
P0A9Z1	GLNB_ECOLI
P0AA04	PTHP_ECOLI
P0AA10	RL13_ECOLI
P0AA16	OMPR_ECOLI
P0AA25	THIO_ECOLI
P0AA37	RLUA_ECOLI
P0AA41	TRUC_ECOLI
P0AA43	RSUA_ECOLI
P0AA47	PLAP_ECOLI
P0AA76	DGOT_ECOLI
P0AA78	EXUT_ECOLI
P0AA84	CLSB_ECOLI
P0AA89	DOSC_ECOLI
P0AA93	YPDA_ECOLI
P0AA99	DPAA_ECOLI
P0AAA9	ZRAP_ECOLI
P0AAB4	UBID_ECOLI
P0AAC6	YCCA_ECOLI
P0AAC8	ISCA_ECOLI
P0AAD6	SDAC_ECOLI
P0AAD8	TDCC_ECOLI
P0AAE0	CYCA_ECOLI
P0AAE8	CADB_ECOLI
P0AAF1	POTE_ECOLI
P0AAG0	DPPD_ECOLI
P0AAH0	PSTB_ECOLI
P0AAH4	SAPD_ECOLI
P0AAI3	FTSH_ECOLI
P0AAI5	FABF_ECOLI
P0AAJ3	FDNH_ECOLI
P0AAJ5	FDOH_ECOLI
P0AAM1	CYBH_ECOLI
P0AAM3	HYPC_ECOLI
P0AAM7	HYBG_ECOLI
P0AAN3	HYPB_ECOLI
P0AAP3	FRMR_ECOLI
P0AAR3	YBAK_ECOLI
P0AAT4	YBDG_ECOLI
P0AAT6	IOJAP_ECOLI
P0AAW9	ACRZ_ECOLI
P0AAX8	YBIS_ECOLI
P0AAZ4	RARA_ECOLI
P0AB06	MEPK_ECOLI
P0AB38	LPOB_ECOLI
P0AB58	LAPB_ECOLI
P0AB71	ALF_ECOLI
P0AB74	KBAY_ECOLI
P0AB77	KBL_ECOLI
P0AB80	ILVE_ECOLI
P0AB83	END3_ECOLI
P0AB85	APBE_ECOLI
P0AB87	FUCA_ECOLI
P0AB89	PUR8_ECOLI
P0AB91	AROG_ECOLI
P0AB98	ATP6_ECOLI
P0ABA6	ATPG_ECOLI
P0ABB0	ATPA_ECOLI
P0ABB4	ATPB_ECOLI
P0ABB8	ATMA_ECOLI
P0ABC3	HFLC_ECOLI
P0ABC7	HFLK_ECOLI
P0ABD3	BFR_ECOLI
P0ABD5	ACCA_ECOLI
P0ABD8	BCCP_ECOLI
P0ABE5	C561_ECOLI
P0ABF1	PCNB_ECOLI
P0ABF6	CDD_ECOLI
P0ABG1	CDSA_ECOLI
P0ABG4	FTSW_ECOLI
P0ABG7	RODA_ECOLI
P0ABH0	FTSA_ECOLI
P0ABH7	CISY_ECOLI
P0ABH9	CLPA_ECOLI
P0ABI4	CORA_ECOLI
P0ABI8	CYOB_ECOLI
P0ABJ1	CYOA_ECOLI
P0ABJ3	CYOC_ECOLI
P0ABJ6	CYOD_ECOLI
P0ABJ9	CYDA_ECOLI
P0ABK2	CYDB_ECOLI
P0ABK5	CYSK_ECOLI
P0ABK7	CSGB_ECOLI
P0ABK9	NRFA_ECOLI
P0ABL3	NAPB_ECOLI
P0ABN1	KDGL_ECOLI
P0ABN5	DCUA_ECOLI
P0ABN9	DCUB_ECOLI
P0ABP8	DEOD_ECOLI
P0ABQ0	COABC_ECOLI
P0ABQ4	DYR_ECOLI
P0ABR9	MHPB_ECOLI
P0ABS1	DKSA_ECOLI
P0ABS5	DNAG_ECOLI
P0ABS8	HOLE_ECOLI
P0ABT2	DPS_ECOLI
P0ABU0	MENB_ECOLI
P0ABU2	YCHF_ECOLI
P0ABU7	EXBB_ECOLI
P0ABU9	TOLQ_ECOLI
P0ABV2	EXBD_ECOLI
P0ABV6	TOLR_ECOLI
P0ABY7	FLHC_ECOLI
P0ABZ1	FLIG_ECOLI
P0ABZ6	SURA_ECOLI
P0AC00	FRLB_ECOLI
P0AC02	BAMD_ECOLI
P0AC13	DHPS_ECOLI
P0AC16	FOLB_ECOLI
P0AC19	FOLX_ECOLI
P0AC23	FOCA_ECOLI
P0AC30	FTSX_ECOLI
P0AC33	FUMA_ECOLI
P0AC38	ASPA_ECOLI
P0AC41	SDHA_ECOLI
P0AC44	DHSD_ECOLI
P0AC47	FRDB_ECOLI
P0AC53	G6PD_ECOLI
P0AC55	GLNK_ECOLI
P0AC69	GLRX4_ECOLI
P0AC75	KDTA_ECOLI
P0AC78	WECA_ECOLI
P0AC81	LGUL_ECOLI
P0AC84	GLO2_ECOLI
P0AC88	GM4D_ECOLI
P0AC98	SATP_ECOLI
P0ACB0	DNAB_ECOLI
P0ACB2	HEM2_ECOLI
P0ACB4	HEMG_ECOLI
P0ACC1	PRMC_ECOLI
P0ACC3	ERPA_ECOLI
P0ACC7	GLMU_ECOLI
P0ACD4	ISCU_ECOLI
P0ACD8	MBHL_ECOLI
P0ACE0	MBHM_ECOLI
P0ACE3	HHA_ECOLI
P0ACE7	HINT_ECOLI
P0ACF0	DBHA_ECOLI
P0ACF4	DBHB_ECOLI
P0ACF8	HNS_ECOLI
P0ACG1	STPA_ECOLI
P0ACG8	HSLR_ECOLI
P0ACJ0	LRP_ECOLI
P0ACJ8	CRP_ECOLI
P0ACN4	ALLR_ECOLI
P0ACN7	CYTR_ECOLI
P0ACP7	PURR_ECOLI
P0ACQ4	OXYR_ECOLI
P0ACR9	MPRA_ECOLI
P0ACS9	ACRR_ECOLI
P0ACV0	LPXL_ECOLI
P0ACV6	MPAA_ECOLI
P0ACY3	YEAG_ECOLI
P0ACZ4	EVGA_ECOLI
P0AD14	BTSS_ECOLI
P0AD27	PBGA_ECOLI
P0AD49	YFIA_ECOLI
P0AD57	ISPB_ECOLI
P0AD59	IVY_ECOLI
P0AD61	KPYK1_ECOLI
P0AD65	MRDA_ECOLI
P0AD68	FTSI_ECOLI
P0AD70	AMPH_ECOLI
P0AD99	BRNQ_ECOLI
P0ADA1	TESA_ECOLI
P0ADC1	LPTE_ECOLI
P0ADE4	TAMA_ECOLI
P0ADG4	SUHB_ECOLI
P0ADG7	IMDH_ECOLI
P0ADI4	ENTB_ECOLI
P0ADL1	NEPI_ECOLI
P0ADN0	VIAA_ECOLI
P0ADN2	MAOP_ECOLI
P0ADP0	YIGB_ECOLI
P0ADP2	YIGI_ECOLI
P0ADR8	PPNN_ECOLI
P0ADS2	ZAPA_ECOLI
P0ADV1	LPTA_ECOLI
P0ADV9	LPTC_ECOLI
P0ADY1	PPID_ECOLI
P0ADY3	RL14_ECOLI
P0ADY7	RL16_ECOLI
P0ADZ0	RL23_ECOLI
P0ADZ4	RS15_ECOLI
P0AE01	TRMJ_ECOLI
P0AE06	ACRA_ECOLI
P0AE08	AHPC_ECOLI
P0AE12	AMN_ECOLI
P0AE16	AMPG_ECOLI
P0AE18	MAP1_ECOLI
P0AE22	APHA_ECOLI
P0AE24	ARAE_ECOLI
P0AE52	BCP_ECOLI
P0AE67	CHEY_ECOLI
P0AE70	MAZF_ECOLI
P0AE72	MAZE_ECOLI
P0AE82	CPXA_ECOLI
P0AE85	CPXP_ECOLI
P0AE88	CPXR_ECOLI
P0AEA8	CYSG_ECOLI
P0AEB2	DACA_ECOLI
P0AEC3	ARCB_ECOLI
P0AEC5	BARA_ECOLI
P0AEC8	DCUS_ECOLI
P0AED7	DAPE_ECOLI
P0AEE3	DEGS_ECOLI
P0AEE5	MGLB_ECOLI
P0AEE8	DMA_ECOLI
P0AEF0	DNAC_ECOLI
P0AEG4	DSBA_ECOLI
P0AEG6	DSBC_ECOLI
P0AEH1	RSEP_ECOLI
P0AEI1	MIAB_ECOLI
P0AEJ2	ENTC_ECOLI
P0AEJ4	ENVZ_ECOLI
P0AEJ6	EUTB_ECOLI
P0AEK2	FABG_ECOLI
P0AEK4	FABI_ECOLI
P0AEK7	FDNI_ECOLI
P0AEL0	FDOI_ECOLI
P0AEL8	FIMZ_ECOLI
P0AEM6	FLIA_ECOLI
P0AEM9	TCYJ_ECOLI
P0AEN1	FRE_ECOLI
P0AEN4	FTSL_ECOLI
P0AEN8	FUCM_ECOLI
P0AEP3	GALU_ECOLI
P0AEP7	GCL_ECOLI
P0AEP9	GLCD_ECOLI
P0AER0	GLPF_ECOLI
P0AES0	GSP_ECOLI
P0AES2	GUDD_ECOLI
P0AES4	GYRA_ECOLI
P0AES6	GYRB_ECOLI
P0AES9	HDEA_ECOLI
P0AET2	HDEB_ECOLI
P0AET8	HDHA_ECOLI
P0AEU7	SKP_ECOLI
P0AEV1	RSSB_ECOLI
P0AEW6	INGK_ECOLI
P0AEW9	K1PF_ECOLI
P0AEX7	LIVH_ECOLI
P0AEX9	MALE_ECOLI
P0AEY3	MAZG_ECOLI
P0AEY5	MDAB_ECOLI
P0AEY8	MDFA_ECOLI
P0AEZ1	METF_ECOLI
P0AEZ3	MIND_ECOLI
P0AF06	MOTB_ECOLI
P0AF12	MTNN_ECOLI
P0AF16	MURJ_ECOLI
P0AF18	NAGA_ECOLI
P0AF24	NAGD_ECOLI
P0AF28	NARL_ECOLI
P0AF32	NARV_ECOLI
P0AF36	ZAPB_ECOLI
P0AF52	GHXP_ECOLI
P0AF61	GHOS_ECOLI
P0AF67	TSAE_ECOLI
P0AF90	RRAB_ECOLI
P0AF93	RIDA_ECOLI
P0AFA2	NARX_ECOLI
P0AFA7	NHAB_ECOLI
P0AFB1	NLPI_ECOLI
P0AFB5	NTRB_ECOLI
P0AFB8	NTRC_ECOLI
P0AFC0	NUDB_ECOLI
P0AFC3	NUOA_ECOLI
P0AFC7	NUOB_ECOLI
P0AFD1	NUOE_ECOLI
P0AFD4	NUOH_ECOLI
P0AFD6	NUOI_ECOLI
P0AFE0	NUOJ_ECOLI
P0AFE4	NUOK_ECOLI
P0AFE8	NUOM_ECOLI
P0AFF0	NUON_ECOLI
P0AFF2	NUPC_ECOLI
P0AFF4	NUPG_ECOLI
P0AFF6	NUSA_ECOLI
P0AFG0	NUSG_ECOLI
P0AFG3	ODO1_ECOLI
P0AFG6	ODO2_ECOLI
P0AFG8	ODP1_ECOLI
P0AFI0	OXC_ECOLI
P0AFI2	PARC_ECOLI
P0AFI7	PDXH_ECOLI
P0AFJ7	PITA_ECOLI
P0AFL3	PPIA_ECOLI
P0AFL6	PPX_ECOLI
P0AFM2	PROX_ECOLI
P0AFM6	PSPA_ECOLI
P0AFP6	YBGI_ECOLI
P0AFQ5	RUTC_ECOLI
P0AFR2	DAUA_ECOLI
P0AFS3	FOLM_ECOLI
P0AFS9	MEPM_ECOLI
P0AFT2	TCYL_ECOLI
P0AFU0	YEJB_ECOLI
P0AFU4	GLRR_ECOLI
P0AFV4	MEPS_ECOLI
P0AFW0	RFAH_ECOLI
P0AFW2	RMF_ECOLI
P0AFX0	HPF_ECOLI
P0AFX7	RSEA_ECOLI
P0AFX9	RSEB_ECOLI
P0AFY6	SBMA_ECOLI
P0AFY8	SEQA_ECOLI
P0AFZ3	SSPB_ECOLI
P0AFZ5	SULA_ECOLI
P0AG07	RPE_ECOLI
P0AG11	UMUD_ECOLI
P0AG16	PUR1_ECOLI
P0AG18	PURE_ECOLI
P0AG24	SPOT_ECOLI
P0AG30	RHO_ECOLI
P0AG55	RL6_ECOLI
P0AG59	RS14_ECOLI
P0AG63	RS17_ECOLI
P0AG67	RS1_ECOLI
P0AG74	RUSA_ECOLI
P0AG80	UGPB_ECOLI
P0AG86	SECB_ECOLI
P0AG90	SECD_ECOLI
P0AG93	SECF_ECOLI
P0AG96	SECE_ECOLI
P0AG99	SECG_ECOLI
P0AGA2	SECY_ECOLI
P0AGB0	SERB_ECOLI
P0AGB3	RPOH_ECOLI
P0AGB6	RPOE_ECOLI
P0AGC0	UHPT_ECOLI
P0AGC3	SLT_ECOLI
P0AGD1	SODC_ECOLI
P0AGD3	SODF_ECOLI
P0AGD7	SRP54_ECOLI
P0AGE0	SSB_ECOLI
P0AGE4	SSTT_ECOLI
P0AGE6	CHRR_ECOLI
P0AGE9	SUCD_ECOLI
P0AGF2	CSDE_ECOLI
P0AGF4	XYLE_ECOLI
P0AGF6	TDCB_ECOLI
P0AGG0	THIL_ECOLI
P0AGG2	TESB_ECOLI
P0AGI1	RBSC_ECOLI
P0AGJ7	TRML_ECOLI
P0AGJ9	SYY_ECOLI
P0AGK1	UBIA_ECOLI
P0AGM7	URAA_ECOLI
P0C018	RL18_ECOLI
P0C037	PPNP_ECOLI
P0C054	IBPA_ECOLI
P0C058	IBPB_ECOLI
P0C077	RELE_ECOLI
P0C079	RELB_ECOLI
P0C093	SLMA_ECOLI
P0C0K3	SRKA_ECOLI
P0C0L2	OSMC_ECOLI
P0C0L7	PROP_ECOLI
P0C0R7	RLME_ECOLI
P0C0S1	MSCS_ECOLI
P0C0T5	MEPA_ECOLI
P0C0V0	DEGP_ECOLI
P0CE47	EFTU1_ECOLI
P0CE48	EFTU2_ECOLI
P0CG19	RNPH_ECOLI
P0DM85	RDCA_ECOLI
P0DMC5	RCSC_ECOLI
P0DMC7	RCSB_ECOLI
P0DTT0	BIPA_ECOLI
P0DTV7	SPEFL_ECOLI
P10121	FTSY_ECOLI
P10378	ENTE_ECOLI
P10408	SECA_ECOLI
P10443	DPO3A_ECOLI
P10902	NADB_ECOLI
P10903	NARK_ECOLI
P10905	UGPA_ECOLI
P10906	UGPE_ECOLI
P10907	UGPC_ECOLI
P10908	UGPQ_ECOLI
P11071	ACEK_ECOLI
P11349	NARH_ECOLI
P11350	NARI_ECOLI
P11454	ENTF_ECOLI
P11458	NADA_ECOLI
P11551	FUCP_ECOLI
P11553	FUCK_ECOLI
P11557	DAMX_ECOLI
P11667	ARGO_ECOLI
P11880	MURF_ECOLI
P12008	AROC_ECOLI
P12281	MOEA_ECOLI
P12282	MOEB_ECOLI
P12295	UNG_ECOLI
P12758	UDP_ECOLI
P12995	BIOA_ECOLI
P12996	BIOB_ECOLI
P12998	BIOF_ECOLI
P13000	BIOD1_ECOLI
P13001	BIOH_ECOLI
P13009	METH_ECOLI
P13029	KATG_ECOLI
P13035	GLPD_ECOLI
P13036	FECA_ECOLI
P13039	FES_ECOLI
P13445	RPOS_ECOLI
P13458	SBCC_ECOLI
P13482	TREA_ECOLI
P13518	CSRD_ECOLI
P13738	NHAA_ECOLI
P14081	SELB_ECOLI
P14175	PROV_ECOLI
P14176	PROW_ECOLI
P14294	TOP3_ECOLI
P14375	ZRAR_ECOLI
P14377	ZRAS_ECOLI
P14407	FUMB_ECOLI
P14900	MURD_ECOLI
P15005	MCRB_ECOLI
P15028	FECB_ECOLI
P15029	FECD_ECOLI
P15030	FECC_ECOLI
P15034	AMPP_ECOLI
P15042	DNLJ_ECOLI
P15043	RECQ_ECOLI
P15047	ENTA_ECOLI
P15067	GLGX_ECOLI
P15254	PUR4_ECOLI
P15288	PEPD_ECOLI
P15373	PRLF_ECOLI
P15640	PUR2_ECOLI
P15723	DGTP_ECOLI
P15770	AROE_ECOLI
P15877	DHG_ECOLI
P15993	AROP_ECOLI
P16384	MIAA_ECOLI
P16456	SELD_ECOLI
P16528	ICLR_ECOLI
P16659	SYP_ECOLI
P16686	PHNH_ECOLI
P16687	PHNI_ECOLI
P16688	PHNJ_ECOLI
P16692	PHNP_ECOLI
P16703	CYSM_ECOLI
P16869	FHUE_ECOLI
P16926	MREC_ECOLI
P17109	MEND_ECOLI
P17115	GUTQ_ECOLI
P17117	NFSA_ECOLI
P17169	GLMS_ECOLI
P17411	CHBF_ECOLI
P17443	MURG_ECOLI
P17444	BETA_ECOLI
P17445	BETB_ECOLI
P17846	CYSI_ECOLI
P17854	CYSH_ECOLI
P17888	PRIA_ECOLI
P17952	MURC_ECOLI
P17993	UBIG_ECOLI
P18196	MINC_ECOLI
P18200	PGPA_ECOLI
P18335	ARGD_ECOLI
P18775	DMSA_ECOLI
P18776	DMSB_ECOLI
P18843	NADE_ECOLI
P18956	GGT_ECOLI
P19318	NARY_ECOLI
P19319	NARZ_ECOLI
P19624	PDXA_ECOLI
P19636	EUTC_ECOLI
P19925	ENTD_ECOLI
P19926	AGP_ECOLI
P19934	TOLA_ECOLI
P20083	PARE_ECOLI
P20966	PTFBC_ECOLI
P21151	FADA_ECOLI
P21156	CYSD_ECOLI
P21165	PEPQ_ECOLI
P21170	SPEA_ECOLI
P21177	FADB_ECOLI
P21179	CATE_ECOLI
P21338	RNI_ECOLI
P21345	GLTP_ECOLI
P21437	GLPX2_ECOLI
P21499	RNR_ECOLI
P21507	SRMB_ECOLI
P21513	RNE_ECOLI
P21514	PDEL_ECOLI
P21599	KPYK2_ECOLI
P21645	LPXD_ECOLI
P21693	DBPA_ECOLI
P21829	YBHA_ECOLI
P21865	KDPD_ECOLI
P21888	SYC_ECOLI
P22106	ASNB_ECOLI
P22188	MURE_ECOLI
P22255	CYSQ_ECOLI
P22256	GABT_ECOLI
P22259	PCKA_ECOLI
P22333	ADD_ECOLI
P22523	MUKB_ECOLI
P22525	YCBB_ECOLI
P22634	MURI_ECOLI
P22729	LIVM_ECOLI
P22731	LIVF_ECOLI
P23003	TRMA_ECOLI
P23256	MALY_ECOLI
P23367	MUTL_ECOLI
P23522	GARL_ECOLI
P23538	PPSA_ECOLI
P23721	SERC_ECOLI
P23827	ECOT_ECOLI
P23830	PSS_ECOLI
P23836	PHOP_ECOLI
P23837	PHOQ_ECOLI
P23843	OPPA_ECOLI
P23845	CYSN_ECOLI
P23847	DPPA_ECOLI
P23857	PSPE_ECOLI
P23862	PRIC_ECOLI
P23865	PRC_ECOLI
P23872	AES_ECOLI
P23873	HIPB_ECOLI
P23874	HIPA_ECOLI
P23882	FMT_ECOLI
P23883	PUUC_ECOLI
P23886	CYDC_ECOLI
P23890	CADC_ECOLI
P23893	GSA_ECOLI
P23894	HTPX_ECOLI
P23895	EMRE_ECOLI
P23908	ARGE_ECOLI
P23909	MUTS_ECOLI
P23930	LNT_ECOLI
P24171	DCP_ECOLI
P24173	WAAC_ECOLI
P24177	ACRD_ECOLI
P24182	ACCC_ECOLI
P24183	FDNG_ECOLI
P24186	FOLD_ECOLI
P24188	TRHO_ECOLI
P24192	HYPD_ECOLI
P24193	HYPE_ECOLI
P24203	YJIA_ECOLI
P24205	LPXM_ECOLI
P24207	PHEP_ECOLI
P24215	UXUA_ECOLI
P24224	ACPS_ECOLI
P24228	DACB_ECOLI
P24230	RECG_ECOLI
P24232	HMP_ECOLI
P24554	RADA_ECOLI
P25397	TEHB_ECOLI
P25437	FRMA_ECOLI
P25516	ACNA_ECOLI
P25519	HFLX_ECOLI
P25522	MNME_ECOLI
P25524	CODA_ECOLI
P25526	GABD_ECOLI
P25527	GABP_ECOLI
P25534	UBIH_ECOLI
P25535	UBII_ECOLI
P25536	NTPPA_ECOLI
P25539	RIBD_ECOLI
P25552	GPPA_ECOLI
P25553	ALDA_ECOLI
P25665	METE_ECOLI
P25714	YIDC_ECOLI
P25718	AMY1_ECOLI
P25737	LYSP_ECOLI
P25740	WAAG_ECOLI
P25745	MNMA_ECOLI
P25888	RHLE_ECOLI
P25889	PREA_ECOLI
P25894	LOIP_ECOLI
P26458	APPB_ECOLI
P26459	APPC_ECOLI
P26602	UBIC_ECOLI
P26616	MAO1_ECOLI
P26648	FTSP_ECOLI
P27125	RHAT_ECOLI
P27128	WAAO_ECOLI
P27243	WAAL_ECOLI
P27249	GLND_ECOLI
P27250	AHR_ECOLI
P27278	NADR_ECOLI
P27296	DING_ECOLI
P27302	TKT1_ECOLI
P27303	EMRA_ECOLI
P27306	STHA_ECOLI
P27431	ROXA_ECOLI
P27434	RODZ_ECOLI
P27550	ACSA_ECOLI
P27828	WECB_ECOLI
P27829	WECC_ECOLI
P27830	RMLB2_ECOLI
P27833	WECE_ECOLI
P27837	THRP_ECOLI
P27838	CYAY_ECOLI
P27848	YIGL_ECOLI
P27859	TATD_ECOLI
P28246	BCR_ECOLI
P28248	DCD_ECOLI
P28305	PABC_ECOLI
P28306	MLTG_ECOLI
P28629	ADIA_ECOLI
P28630	HOLA_ECOLI
P28631	HOLB_ECOLI
P28632	HOLD_ECOLI
P28861	FENR_ECOLI
P28903	NRDD_ECOLI
P28905	HOLC_ECOLI
P29018	CYDD_ECOLI
P29131	FTSN_ECOLI
P29745	PEPT_ECOLI
P30011	NADC_ECOLI
P30014	RNT_ECOLI
P30015	LHR_ECOLI
P30125	LEU3_ECOLI
P30131	HYPF_ECOLI
P30138	THIF_ECOLI
P30139	THIG_ECOLI
P30140	THIH_ECOLI
P30147	HYI_ECOLI
P30176	RIBX_ECOLI
P30177	YBIB_ECOLI
P30178	HCXB_ECOLI
P30745	MOAA_ECOLI
P30748	MOAD_ECOLI
P30749	MOAE_ECOLI
P30750	METN_ECOLI
P30844	BASS_ECOLI
P30847	BAES_ECOLI
P30850	RNB_ECOLI
P30855	EVGS_ECOLI
P30863	DKGB_ECOLI
P30870	GLNE_ECOLI
P30958	MFD_ECOLI
P31057	PANB_ECOLI
P31069	KCH_ECOLI
P31119	AAS_ECOLI
P31120	GLMM_ECOLI
P31129	DGCZ_ECOLI
P31133	POTF_ECOLI
P31134	POTG_ECOLI
P31135	POTH_ECOLI
P31142	THTM_ECOLI
P31224	ACRB_ECOLI
P31460	DGOR_ECOLI
P31466	ADEP_ECOLI
P31473	RAVA_ECOLI
P31545	EFEB_ECOLI
P31547	METI_ECOLI
P31550	THIB_ECOLI
P31551	CAID_ECOLI
P31552	CAIC_ECOLI
P31553	CAIT_ECOLI
P31554	LPTD_ECOLI
P31572	CAIB_ECOLI
P31658	HCHA_ECOLI
P31660	PRPC_ECOLI
P31663	PANC_ECOLI
P31667	RPNA_ECOLI
P31677	OTSA_ECOLI
P31678	OTSB_ECOLI
P31806	NNR_ECOLI
P31979	NUOF_ECOLI
P31992	PPTA_ECOLI
P32055	FCL_ECOLI
P32056	GMM_ECOLI
P32099	LPLA_ECOLI
P32131	HEMN_ECOLI
P32138	SQASE_ECOLI
P32140	SQUS_ECOLI
P32143	SQUV_ECOLI
P32156	RHAM_ECOLI
P32157	YIIM_ECOLI
P32169	RHAD_ECOLI
P32170	RHAA_ECOLI
P32171	RHAB_ECOLI
P32173	MOBA_ECOLI
P32176	FDOG_ECOLI
P32177	FDHD_ECOLI
P32662	GPH_ECOLI
P32664	NUDC_ECOLI
P32684	RLUF_ECOLI
P32695	DUSA_ECOLI
P32705	ACTP_ECOLI
P32717	LPAKS_ECOLI
P32719	ALSE_ECOLI
P33013	DACD_ECOLI
P33015	TSUA_ECOLI
P33018	SFGH2_ECOLI
P33022	RIHB_ECOLI
P33025	PSUG_ECOLI
P33195	GCSP_ECOLI
P33219	YEBF_ECOLI
P33221	PURT_ECOLI
P33224	AIDB_ECOLI
P33225	TORA_ECOLI
P33226	TORC_ECOLI
P33231	LLDP_ECOLI
P33232	LLDD_ECOLI
P33234	ADIY_ECOLI
P33371	DUSC_ECOLI
P33570	TKT2_ECOLI
P33599	NUOCD_ECOLI
P33602	NUOG_ECOLI
P33607	NUOL_ECOLI
P33643	RLUD_ECOLI
P33644	PGEF_ECOLI
P33647	CHPB_ECOLI
P33650	FEOB_ECOLI
P33667	SELU_ECOLI
P33913	YEJA_ECOLI
P33916	YEJF_ECOLI
P33919	RADD_ECOLI
P33937	NAPA_ECOLI
P35340	AHPF_ECOLI
P36548	AMIA_ECOLI
P36553	HEM6_ECOLI
P36566	CMOM_ECOLI
P36649	CUEO_ECOLI
P36655	DSBD_ECOLI
P36675	ARFA_ECOLI
P36680	ZAPD_ECOLI
P36683	ACNB_ECOLI
P36837	DTPB_ECOLI
P36929	RSMB_ECOLI
P36937	KDPF_ECOLI
P36979	RLMN_ECOLI
P37001	PAGP_ECOLI
P37002	FLUC_ECOLI
P37013	NORR_ECOLI
P37019	CLCA_ECOLI
P37025	THPR_ECOLI
P37028	BTUF_ECOLI
P37051	PURU_ECOLI
P37095	PEPB_ECOLI
P37128	NUDK_ECOLI
P37177	PT1P_ECOLI
P37188	PTKB_ECOLI
P37197	CCP_ECOLI
P37306	ALLK_ECOLI
P37313	DPPF_ECOLI
P37329	MODA_ECOLI
P37330	MASZ_ECOLI
P37340	MDTK_ECOLI
P37344	PSPF_ECOLI
P37349	DHAM_ECOLI
P37351	RPIB_ECOLI
P37353	MENE_ECOLI
P37595	IAAA_ECOLI
P37597	PUNC_ECOLI
P37610	TAUD_ECOLI
P37613	PANZ_ECOLI
P37617	ZNTA_ECOLI
P37624	RBBA_ECOLI
P37634	RLMJ_ECOLI
P37637	MDTF_ECOLI
P37653	BCSA_ECOLI
P37666	GHRB_ECOLI
P37672	DLGD_ECOLI
P37677	LYXK_ECOLI
P37685	ALDB_ECOLI
P37686	ADH2_ECOLI
P37689	GPMI_ECOLI
P37690	ENVC_ECOLI
P37744	RMLA1_ECOLI
P37745	RMLC_ECOLI
P37747	GLF_ECOLI
P37758	NARU_ECOLI
P37769	KDUD_ECOLI
P37773	MPL_ECOLI
P37774	TCYN_ECOLI
P37794	CHBG_ECOLI
P37902	GLTI_ECOLI
P38036	CAS3_ECOLI
P38038	CYSJ_ECOLI
P38051	MENF_ECOLI
P38054	CUSA_ECOLI
P38097	DGCE_ECOLI
P38135	FADK_ECOLI
P38393	KILR_ECOLI
P38489	NFSB_ECOLI
P38506	XNI_ECOLI
P39099	DEGQ_ECOLI
P39172	ZNUA_ECOLI
P39176	ERFK_ECOLI
P39177	USPG_ECOLI
P39180	AG43_ECOLI
P39276	DTPC_ECOLI
P39277	YJEH_ECOLI
P39286	RSGA_ECOLI
P39301	ULAA_ECOLI
P39304	ULAD_ECOLI
P39315	QOR2_ECOLI
P39321	TAMB_ECOLI
P39325	YTFQ_ECOLI
P39344	IDNT_ECOLI
P39353	NANY_ECOLI
P39371	NANM_ECOLI
P39377	IADA_ECOLI
P39386	MDTM_ECOLI
P39396	BTST_ECOLI
P39400	LGOD_ECOLI
P39405	FHUF_ECOLI
P39406	RSMC_ECOLI
P39411	NCPP_ECOLI
P39414	TTDT_ECOLI
P39453	TORS_ECOLI
P39831	YDFG_ECOLI
P39838	RCSD_ECOLI
P40191	PDXK_ECOLI
P40710	NLPE_ECOLI
P40711	ARFB_ECOLI
P40874	MTOX_ECOLI
P41036	NANT_ECOLI
P41052	MLTB_ECOLI
P41407	AZOR_ECOLI
P41409	RIHA_ECOLI
P42588	PAT_ECOLI
P42593	FADH_ECOLI
P42601	ALX_ECOLI
P42620	YQJG_ECOLI
P42632	TDCE_ECOLI
P42641	OBG_ECOLI
P43341	LPXH_ECOLI
P43671	PQIB_ECOLI
P43672	UUP_ECOLI
P45395	KDSD_ECOLI
P45424	NANQ_ECOLI
P45425	NANK_ECOLI
P45464	LPOA_ECOLI
P45470	YHBO_ECOLI
P45475	UBIV_ECOLI
P45508	YFAL_ECOLI
P45527	UBIU_ECOLI
P45541	FRLC_ECOLI
P45562	XAPB_ECOLI
P45563	XAPA_ECOLI
P45568	DXR_ECOLI
P45577	PROQ_ECOLI
P45748	TSAC_ECOLI
P45955	CPOB_ECOLI
P45956	CAS2_ECOLI
P46022	MTGA_ECOLI
P46136	YDDG_ECOLI
P46139	DGCN_ECOLI
P46849	RTCA_ECOLI
P46850	RTCB_ECOLI
P46883	AMO_ECOLI
P46889	FTSK_ECOLI
P46891	COF_ECOLI
P50456	MLC_ECOLI
P50457	PUUE_ECOLI
P50465	END8_ECOLI
P52006	NUDI_ECOLI
P52061	IXTPA_ECOLI
P52073	GLCE_ECOLI
P52074	GLCF_ECOLI
P52101	GLRK_ECOLI
P52106	CSGD_ECOLI
P52126	ABPB_ECOLI
P52129	RNLA_ECOLI
P52643	LDHD_ECOLI
P54745	MNGA_ECOLI
P55135	RLMD_ECOLI
P55734	YGAP_ECOLI
P56100	CYDX_ECOLI
P56580	PTHB_ECOLI
P56976	BLR_ECOLI
P60061	ADIC_ECOLI
P60240	RAPA_ECOLI
P60340	TRUB_ECOLI
P60422	RL2_ECOLI
P60438	RL3_ECOLI
P60472	UPPS_ECOLI
P60560	GUAC_ECOLI
P60584	CAIA_ECOLI
P60595	HIS5_ECOLI
P60624	RL24_ECOLI
P60651	SPEB_ECOLI
P60664	HIS6_ECOLI
P60716	LIPA_ECOLI
P60720	LIPB_ECOLI
P60723	RL4_ECOLI
P60752	MSBA_ECOLI
P60785	LEPA_ECOLI
P60844	AQPZ_ECOLI
P60955	LGT_ECOLI
P61175	RL22_ECOLI
P61316	LOLA_ECOLI
P61320	LOLB_ECOLI
P61887	RMLA2_ECOLI
P61889	MDH_ECOLI
P62395	SECM_ECOLI
P62399	RL5_ECOLI
P62617	ISPF_ECOLI
P62620	ISPG_ECOLI
P62623	ISPH_ECOLI
P62707	GPMA_ECOLI
P63020	NFUA_ECOLI
P63183	KUP_ECOLI
P63224	GMHA_ECOLI
P63228	GMHBB_ECOLI
P63235	GADC_ECOLI
P63284	CLPB_ECOLI
P63386	MLAF_ECOLI
P63389	YHES_ECOLI
P63883	AMIC_ECOLI
P64423	ZNTB_ECOLI
P64461	LSRG_ECOLI
P64467	CNU_ECOLI
P64483	PROXY_ECOLI
P64512	MGRB_ECOLI
P64524	CBTA_ECOLI
P64534	RCNB_ECOLI
P64588	YQJI_ECOLI
P64594	YHAV_ECOLI
P64596	DOLP_ECOLI
P64602	MLAB_ECOLI
P64604	MLAD_ECOLI
P64606	MLAE_ECOLI
P64612	ZAPE_ECOLI
P64636	YRFG_ECOLI
P65870	QUED_ECOLI
P66817	DIAA_ECOLI
P66899	DPAL_ECOLI
P66948	BEPA_ECOLI
P67095	YFCE_ECOLI
P67430	NEMR_ECOLI
P67444	XANQ_ECOLI
P67603	AC4CH_ECOLI
P67910	HLDD_ECOLI
P68183	MALG_ECOLI
P68187	MALK_ECOLI
P68191	SRA_ECOLI
P68398	TADA_ECOLI
P68688	GLRX1_ECOLI
P68699	ATPL_ECOLI
P68739	NFI_ECOLI
P68767	AMPA_ECOLI
P68919	RL25_ECOLI
P69054	DHSC_ECOLI
P69210	MDTI_ECOLI
P69212	MDTJ_ECOLI
P69228	BAER_ECOLI
P69346	YEFM_ECOLI
P69348	YOEB_ECOLI
P69380	FIEF_ECOLI
P69411	RCSF_ECOLI
P69423	TATC_ECOLI
P69425	TATB_ECOLI
P69428	TATA_ECOLI
P69441	KAD_ECOLI
P69451	LCFA_ECOLI
P69490	CCME_ECOLI
P69681	AMTB_ECOLI
P69739	MBHS_ECOLI
P69741	MBHT_ECOLI
P69776	LPP_ECOLI
P69783	PTGA_ECOLI
P69786	PTGCB_ECOLI
P69791	PTQA_ECOLI
P69795	PTQB_ECOLI
P69797	PTNAB_ECOLI
P69801	PTNC_ECOLI
P69805	PTND_ECOLI
P69831	PTKC_ECOLI
P69853	DMSD_ECOLI
P69856	NANC_ECOLI
P69874	POTA_ECOLI
P69902	FCTA_ECOLI
P69908	DCEA_ECOLI
P69910	DCEB_ECOLI
P69913	CSRA_ECOLI
P69922	FUCI_ECOLI
P69924	RIR2_ECOLI
P69931	HDA_ECOLI
P75682	YAGE_ECOLI
P75691	YAHK_ECOLI
P75792	SUPH_ECOLI
P75804	YLII_ECOLI
P75809	YBJI_ECOLI
P75820	AMID_ECOLI
P75825	HCP_ECOLI
P75830	MACA_ECOLI
P75831	MACB_ECOLI
P75862	ZAPC_ECOLI
P75863	YCBX_ECOLI
P75864	RLMKL_ECOLI
P75876	RLMI_ECOLI
P75892	RUTG_ECOLI
P75898	RUTA_ECOLI
P75906	PGAB_ECOLI
P75908	DGCT_ECOLI
P75913	GHRA_ECOLI
P75914	YCDX_ECOLI
P75949	NAGZ_ECOLI
P75957	LOLD_ECOLI
P75959	NAGK_ECOLI
P75960	NPD_ECOLI
P75990	BLUF_ECOLI
P76008	LDCA_ECOLI
P76010	YCGR_ECOLI
P76014	DHAL_ECOLI
P76015	DHAK_ECOLI
P76037	PUUP_ECOLI
P76038	PUUD_ECOLI
P76045	OMPG_ECOLI
P76055	TTCA_ECOLI
P76077	PAAA_ECOLI
P76081	PAAE_ECOLI
P76082	PAAF_ECOLI
P76084	PAAI_ECOLI
P76104	RLHA_ECOLI
P76108	YDCS_ECOLI
P76113	CURA_ECOLI
P76129	DOSP_ECOLI
P76141	LSRR_ECOLI
P76149	SAD_ECOLI
P76194	SUFE_ECOLI
P76216	ASTB_ECOLI
P76217	ASTD_ECOLI
P76236	CDGI_ECOLI
P76251	DMLA_ECOLI
P76256	TSAB_ECOLI
P76257	YOAA_ECOLI
P76264	MNTP_ECOLI
P76272	LETB_ECOLI
P76273	RSMF_ECOLI
P76278	YEBZ_ECOLI
P76316	DCYD_ECOLI
P76318	YEDK_ECOLI
P76330	DGCQ_ECOLI
P76334	DRPB_ECOLI
P76339	HPRS_ECOLI
P76341	HIUH_ECOLI
P76342	MSRP_ECOLI
P76343	MSRQ_ECOLI
P76344	ZINT_ECOLI
P76346	MTFA_ECOLI
P76364	CBEA_ECOLI
P76387	WZC_ECOLI
P76399	MDTC_ECOLI
P76407	YEGS_ECOLI
P76422	THID_ECOLI
P76440	PRET_ECOLI
P76445	LPXT_ECOLI
P76458	ATOD_ECOLI
P76459	ATOA_ECOLI
P76469	RHMA_ECOLI
P76474	ARNF_ECOLI
P76491	5DNU_ECOLI
P76503	FADI_ECOLI
P76535	MURQ_ECOLI
P76541	EUTL_ECOLI
P76558	MAO2_ECOLI
P76562	TMCA_ECOLI
P76576	YFGM_ECOLI
P76577	PBPC_ECOLI
P76594	LYSAC_ECOLI
P76621	GLAH_ECOLI
P76632	CSE2_ECOLI
P76658	HLDE_ECOLI
P77044	MHPC_ECOLI
P77150	PDXY_ECOLI
P77165	PAOA_ECOLI
P77172	PDEF_ECOLI
P77173	ZIPA_ECOLI
P77182	MNMC_ECOLI
P77202	DSBG_ECOLI
P77211	CUSC_ECOLI
P77212	RCLA_ECOLI
P77214	CUSF_ECOLI
P77215	RHMD_ECOLI
P77218	EUTD_ECOLI
P77239	CUSB_ECOLI
P77243	PRPD_ECOLI
P77247	HXPB_ECOLI
P77256	AKRMG_ECOLI
P77258	NEMA_ECOLI
P77302	DGCM_ECOLI
P77319	HSCC_ECOLI
P77324	PAOB_ECOLI
P77335	HLYE_ECOLI
P77348	MPPA_ECOLI
P77364	GLXK2_ECOLI
P77366	PGMB_ECOLI
P77395	CNOX_ECOLI
P77398	ARNA_ECOLI
P77399	FADJ_ECOLI
P77425	ALLC_ECOLI
P77434	ALAC_ECOLI
P77444	SUFS_ECOLI
P77454	GLSA1_ECOLI
P77455	PAAZ_ECOLI
P77485	CUSS_ECOLI
P77488	DXS_ECOLI
P77489	PAOC_ECOLI
P77493	YDJH_ECOLI
P77499	SUFC_ECOLI
P77510	DPIB_ECOLI
P77526	YFCG_ECOLI
P77529	TCYP_ECOLI
P77541	PRPB_ECOLI
P77555	ALLD_ECOLI
P77567	NHOA_ECOLI
P77581	ASTC_ECOLI
P77589	MHPT_ECOLI
P77625	HXPA_ECOLI
P77649	SELO_ECOLI
P77667	SUFA_ECOLI
P77671	ALLB_ECOLI
P77674	ABDH_ECOLI
P77712	FADM_ECOLI
P77718	THII_ECOLI
P77748	D2HDH_ECOLI
P77754	SPY_ECOLI
P77766	RNM_ECOLI
P77774	BAMB_ECOLI
P77781	MENI_ECOLI
P77788	NUDG_ECOLI
P77791	MAA_ECOLI
P77806	YBDL_ECOLI
P78055	FSAA_ECOLI
P78061	PUUA_ECOLI
P80645	SSUD_ECOLI
P80668	FEAB_ECOLI
Q06065	ATOC_ECOLI
Q06067	ATOS_ECOLI
Q46806	PHYDA_ECOLI
Q46810	MOCA_ECOLI
Q46821	UACT_ECOLI
Q46822	IDI_ECOLI
Q46839	GLCA_ECOLI
Q46845	YGHU_ECOLI
Q46851	GPR_ECOLI
Q46856	YQHD_ECOLI
Q46857	DKGA_ECOLI
Q46864	MQSA_ECOLI
Q46865	MQSR_ECOLI
Q46868	UBIK_ECOLI
Q46871	YQJH_ECOLI
Q46877	NORV_ECOLI
Q46893	ISPD_ECOLI
Q46896	CAS1_ECOLI
Q46897	CAS6_ECOLI
Q46898	CAS5_ECOLI
Q46899	CASC_ECOLI
Q46901	CSE1_ECOLI
Q46920	QUEF_ECOLI
Q46925	CSDA_ECOLI
Q46927	TCDA_ECOLI
Q46938	KDUI_ECOLI
Q46948	YAJL_ECOLI
Q47146	FADE_ECOLI
Q47149	YAFQ_ECOLI
Q47150	DINJ_ECOLI
Q47152	RAYT_ECOLI
Q47155	DPO4_ECOLI
Q47208	ALLF_ECOLI
Q47319	TAPT_ECOLI
Q47377	ARNE_ECOLI
Q57261	TRUD_ECOLI
Q59385	COPA_ECOLI
Q6BF16	DGOA_ECOLI
Q6BF17	DGOD_ECOLI
Q93K97	ADPP_ECOLI
A5A627	TISB_ECOLI
P00547	KHSE_ECOLI
P00816	CYNS_ECOLI
P00887	AROH_ECOLI
P00888	AROF_ECOLI
P00895	TRPE_ECOLI
P00909	TRPC_ECOLI
P00934	THRC_ECOLI
P00944	XYLA_ECOLI
P00954	SYW_ECOLI
P00961	SYGB_ECOLI
P02413	RL15_ECOLI
P02924	ARAF_ECOLI
P02932	PHOE_ECOLI
P03024	GALR_ECOLI
P03817	MIOC_ECOLI
P04335	FRSA_ECOLI
P04816	LIVK_ECOLI
P04951	KDSB_ECOLI
P05100	3MG1_ECOLI
P05459	PDXB_ECOLI
P05706	PTHA_ECOLI
P05707	SRLD_ECOLI
P05719	T1SK_ECOLI
P05847	TTDA_ECOLI
P06720	AGAL_ECOLI
P06864	BGA2_ECOLI
P06960	OTC2_ECOLI
P06986	HIS8_ECOLI
P06987	HIS7_ECOLI
P06989	HIS2_ECOLI
P07018	MCP4_ECOLI
P07023	TYRA_ECOLI
P07109	HISP_ECOLI
P07364	CHER_ECOLI
P07650	TYPH_ECOLI
P07762	GLGB_ECOLI
P07813	SYL_ECOLI
P08142	ILVB_ECOLI
P08178	PUR5_ECOLI
P08189	FIMF_ECOLI
P08190	FIMG_ECOLI
P08194	GLPT_ECOLI
P08204	ARAB_ECOLI
P08331	CPDB_ECOLI
P08365	CHPS_ECOLI
P08368	CREB_ECOLI
P08401	CREC_ECOLI
P08722	PTV3B_ECOLI
P08957	T1MK_ECOLI
P09053	AVTA_ECOLI
P09151	LEU1_ECOLI
P09184	VSR_ECOLI
P09378	RHAR_ECOLI
P09549	DEDD_ECOLI
P09551	ARGT_ECOLI
P09833	MODC_ECOLI
P09836	UHPC_ECOLI
P0A6A6	LEUC_ECOLI
P0A6C5	ARGA_ECOLI
P0A6E9	BIOD2_ECOLI
P0A6I3	COAA_ECOLI
P0A6I9	COAE_ECOLI
P0A6J8	DDLA_ECOLI
P0A6L9	HSCB_ECOLI
P0A6S3	FLGI_ECOLI
P0A6T9	GCSH_ECOLI
P0A6U8	GLGA_ECOLI
P0A6V8	GLK_ECOLI
P0A6W9	GSH1_ECOLI
P0A6Z1	HSCA_ECOLI
P0A734	MINE_ECOLI
P0A752	NADD_ECOLI
P0A756	KEFG_ECOLI
P0A766	RSXA_ECOLI
P0A780	NUSB_ECOLI
P0A7A5	PIMT_ECOLI
P0A7D7	PUR7_ECOLI
P0A7F3	PYRI_ECOLI
P0A7H3	RECO_ECOLI
P0A7I0	RF1_ECOLI
P0A7N1	RL31B_ECOLI
P0A7Q1	RL35_ECOLI
P0A7Q6	RL361_ECOLI
P0A7Y8	RNPA_ECOLI
P0A805	RRF_ECOLI
P0A843	TATE_ECOLI
P0A877	TRPA_ECOLI
P0A881	TRPR_ECOLI
P0A8A4	PSRP_ECOLI
P0A8A8	RIMP_ECOLI
P0A8F4	URK_ECOLI
P0A8H8	YACG_ECOLI
P0A8P1	LFTR_ECOLI
P0A8Q6	CLPS_ECOLI
P0A8U6	METJ_ECOLI
P0A8W2	SLYA_ECOLI
P0A8Z3	YBGC_ECOLI
P0A908	MIPA_ECOLI
P0A927	TSX_ECOLI
P0A996	GLPC_ECOLI
P0A9C3	GALM_ECOLI
P0A9D4	CYSE_ECOLI
P0A9E2	SOXS_ECOLI
P0A9F1	MNTR_ECOLI
P0A9F3	CYSB_ECOLI
P0A9H1	MUG_ECOLI
P0A9I1	CITE_ECOLI
P0A9I5	NAPD_ECOLI
P0A9L5	PPIC_ECOLI
P0A9L8	P5CR_ECOLI
P0A9P9	IDNO_ECOLI
P0A9R4	FER_ECOLI
P0A9S3	GATD_ECOLI
P0A9U1	YBHF_ECOLI
P0A9U3	YBIT_ECOLI
P0A9W0	ULAR_ECOLI
P0A9W6	IBAG_ECOLI
P0A9X1	ZNUC_ECOLI
P0AA39	RLUC_ECOLI
P0AA53	QMCA_ECOLI
P0AA57	YOBA_ECOLI
P0AA60	YGHB_ECOLI
P0AA63	YQJA_ECOLI
P0AA67	RHTA_ECOLI
P0AA80	GARP_ECOLI
P0AA86	DSBE_ECOLI
P0AAA7	WZXE_ECOLI
P0AAC0	USPE_ECOLI
P0AAD2	MTR_ECOLI
P0AAD4	TYRP_ECOLI
P0AAF3	ARAG_ECOLI
P0AAF6	ARTP_ECOLI
P0AAG5	MDLB_ECOLI
P0AAG8	MGLA_ECOLI
P0AAH8	SAPF_ECOLI
P0AAI9	FABD_ECOLI
P0AAJ8	HYBA_ECOLI
P0AAK1	HYCB_ECOLI
P0AAL0	NAPF_ECOLI
P0AAL3	NAPG_ECOLI
P0AAN9	IRAP_ECOLI
P0AAP1	DGCC_ECOLI
P0AAS3	YBBJ_ECOLI
P0AAS5	ALLH_ECOLI
P0AB01	ELYC_ECOLI
P0AB10	PQIC_ECOLI
P0AB18	TUSE_ECOLI
P0AB24	EFEO_ECOLI
P0AB40	BHSA_ECOLI
P0AB65	ACYP_ECOLI
P0AB67	PNTB_ECOLI
P0ABA0	ATPF_ECOLI
P0ABA4	ATPD_ECOLI
P0ABC9	BETT_ECOLI
P0ABE9	CYNT_ECOLI
P0ABF4	EUTM_ECOLI
P0ABF8	PGSA_ECOLI
P0ABL1	NRFB_ECOLI
P0ABM1	CCMC_ECOLI
P0ABP3	DCUC_ECOLI
P0ABQ2	GARR_ECOLI
P0ABR5	HCAE_ECOLI
P0ABR7	CNTA_ECOLI
P0ABT5	DUSB_ECOLI
P0ABT8	YIJE_ECOLI
P0ABU5	ELBB_ECOLI
P0ABW0	HCAC_ECOLI
P0ABZ4	KDSC_ECOLI
P0AC28	5FCL_ECOLI
P0AC51	ZUR_ECOLI
P0AC62	GLRX3_ECOLI
P0AC86	PHSG_ECOLI
P0AC94	GNTP_ECOLI
P0ACA3	SSPA_ECOLI
P0ACA7	GSTB_ECOLI
P0ACG4	HOKC_ECOLI
P0ACH5	MARA_ECOLI
P0ACI6	ASNC_ECOLI
P0ACL5	GLCC_ECOLI
P0ACL7	LLDR_ECOLI
P0ACP1	CRA_ECOLI
P0ACQ0	RBSR_ECOLI
P0ACS2	SOXR_ECOLI
P0ACS5	ZNTR_ECOLI
P0ACU0	CECR_ECOLI
P0ACU2	RUTR_ECOLI
P0ACU5	FABR_ECOLI
P0ACV2	LPXP_ECOLI
P0ACV4	LAPA_ECOLI
P0ACZ8	CUSR_ECOLI
P0AD01	DCUR_ECOLI
P0AD03	LETA_ECOLI
P0AD42	PGPC_ECOLI
P0AD96	LIVJ_ECOLI
P0ADA3	NLPD_ECOLI
P0ADC3	LOLC_ECOLI
P0ADC6	LPTG_ECOLI
P0ADD2	YJJB_ECOLI
P0ADD5	YJJP_ECOLI
P0ADE6	KBP_ECOLI
P0ADF6	EDD_ECOLI
P0ADF8	ILVN_ECOLI
P0ADG1	ILVM_ECOLI
P0ADN6	LPTM_ECOLI
P0ADP5	BIOP_ECOLI
P0ADP7	UBIJ_ECOLI
P0ADQ2	FABY_ECOLI
P0ADR6	RLMM_ECOLI
P0ADU2	YGIN_ECOLI
P0ADV7	MLAC_ECOLI
P0ADW3	ZAPG_ECOLI
P0AE76	COBU_ECOLI
P0AE78	CORC_ECOLI
P0AEA2	CSGG_ECOLI
P0AEA5	CYOE_ECOLI
P0AEB5	YNAI_ECOLI
P0AED0	USPA_ECOLI
P0AED5	UVRY_ECOLI
P0AEE1	DCRB_ECOLI
P0AEF4	DPIA_ECOLI
P0AEF8	DPPB_ECOLI
P0AEG1	DPPC_ECOLI
P0AEH5	ELAB_ECOLI
P0AEI4	RIMO_ECOLI
P0AEI6	NUDJ_ECOLI
P0AEJ0	EMRB_ECOLI
P0AEJ8	EUTN_ECOLI
P0AEL6	FEPB_ECOLI
P0AEM0	FKBX_ECOLI
P0AEQ3	GLNH_ECOLI
P0AER3	GLTJ_ECOLI
P0AER5	GLTK_ECOLI
P0AER8	GLTS_ECOLI
P0AEU0	HISJ_ECOLI
P0AEV9	HYCI_ECOLI
P0AEZ7	MLTD_ECOLI
P0AEZ9	MOAB_ECOLI
P0AF01	MODB_ECOLI
P0AF03	MOG_ECOLI
P0AF26	NARJ_ECOLI
P0AF98	LPTF_ECOLI
P0AFA9	NIKC_ECOLI
P0AFH2	OPPB_ECOLI
P0AFH6	OPPC_ECOLI
P0AFI5	PBP7_ECOLI
P0AFJ5	PHOB_ECOLI
P0AFK4	POTB_ECOLI
P0AFK6	POTC_ECOLI
P0AFK9	POTD_ECOLI
P0AFL1	POTI_ECOLI
P0AFL9	PQIA_ECOLI
P0AFP2	ATL_ECOLI
P0AFP9	YBHR_ECOLI
P0AFQ2	YBHS_ECOLI
P0AFR7	YCJO_ECOLI
P0AFR9	YDCV_ECOLI
P0AFS5	TQSA_ECOLI
P0AFT5	BTSR_ECOLI
P0AFU8	RISA_ECOLI
P0AFW4	RNK_ECOLI
P0AFX4	RSD_ECOLI
P0AFY2	SANA_ECOLI
P0AFZ7	TRKH_ECOLI
P0AG00	WZZE_ECOLI
P0AG03	UBIX_ECOLI
P0AG20	RELA_ECOLI
P0AG40	RIBF_ECOLI
P0AG44	RL17_ECOLI
P0AG48	RL21_ECOLI
P0AG51	RL30_ECOLI
P0AG76	SBCD_ECOLI
P0AG78	SUBI_ECOLI
P0AG82	PSTS_ECOLI
P0AGA6	UHPA_ECOLI
P0AGC5	MLTF_ECOLI
P0AGG4	THIO2_ECOLI
P0AGH3	SAPB_ECOLI
P0AGH5	SAPC_ECOLI
P0AGK8	ISCR_ECOLI
P0AGL2	TDCF_ECOLI
P0AGL5	RATA_ECOLI
P0AGL7	RSME_ECOLI
P0AGM9	XANP_ECOLI
P0C066	MLTC_ECOLI
P0C0L9	ISCX_ECOLI
P0C0U4	RIMK_ECOLI
P0C7L2	PAAJ_ECOLI
P0C8J6	GATY_ECOLI
P0C960	EMTA_ECOLI
P0CI31	HCAB_ECOLI
P0DKB3	MNTS_ECOLI
P0DMC9	RCSA_ECOLI
P0DW56	SPFP_ECOLI
P10100	RLPA_ECOLI
P10151	LEUO_ECOLI
P10346	GLNQ_ECOLI
P10384	FADL_ECOLI
P10441	LPXB_ECOLI
P10442	RNH2_ECOLI
P11868	TDCD_ECOLI
P13016	AMPD_ECOLI
P13033	GLPB_ECOLI
P13656	CHIA_ECOLI
P13669	MNGR_ECOLI
P13857	RIML_ECOLI
P15031	FECE_ECOLI
P15032	RECE_ECOLI
P15038	HELD_ECOLI
P15078	CSTA_ECOLI
P16095	SDHL_ECOLI
P16256	PANF_ECOLI
P16429	HYCC_ECOLI
P16430	HYCD_ECOLI
P16431	HYCE_ECOLI
P16432	HYCF_ECOLI
P16433	HYCG_ECOLI
P16676	CYSA_ECOLI
P16678	PHNK_ECOLI
P16679	PHNL_ECOLI
P16685	PHNG_ECOLI
P16691	PHNO_ECOLI
P16700	CYSP_ECOLI
P17315	CIRA_ECOLI
P17334	PTQC_ECOLI
P17446	BETI_ECOLI
P17802	MUTY_ECOLI
P18133	PNCB_ECOLI
P18392	RSTB_ECOLI
P18777	DMSC_ECOLI
P19323	FHLA_ECOLI
P19642	PTOCB_ECOLI
P20099	BISC_ECOLI
P21169	DCOR_ECOLI
P21189	DPO2_ECOLI
P21369	PNCA_ECOLI
P21517	MALZ_ECOLI
P21866	KDPE_ECOLI
P21889	SYD_ECOLI
P22186	MRAZ_ECOLI
P22524	MUKE_ECOLI
P22564	RIHC_ECOLI
P22939	ISPA_ECOLI
P23173	TNAB_ECOLI
P23200	MGLC_ECOLI
P23331	KITH_ECOLI
P23482	HYFB_ECOLI
P23484	FECI_ECOLI
P23485	FECR_ECOLI
P23524	GLXK1_ECOLI
P23849	TRKG_ECOLI
P23869	PPIB_ECOLI
P23871	HEMH_ECOLI
P23876	FEPD_ECOLI
P23877	FEPG_ECOLI
P23878	FEPC_ECOLI
P23917	MAK_ECOLI
P24077	ENTS_ECOLI
P24169	DCOS_ECOLI
P24180	ACRE_ECOLI
P24197	YGID_ECOLI
P24216	FLID_ECOLI
P24251	CRL_ECOLI
P24255	RP54_ECOLI
P24555	PTRB_ECOLI
P25396	TEHA_ECOLI
P25736	END1_ECOLI
P25742	WAAQ_ECOLI
P25746	HFLD_ECOLI
P25798	FLIF_ECOLI
P25906	PDXI_ECOLI
P26218	BGLH_ECOLI
P26281	HPPK_ECOLI
P26646	ACUI_ECOLI
P26647	PLSC_ECOLI
P27129	WAAJ_ECOLI
P27241	WAAZ_ECOLI
P27245	MARR_ECOLI
P27247	PLSX_ECOLI
P27248	GCST_ECOLI
P27253	SCPA_ECOLI
P27254	ARGK_ECOLI
P27298	OPDA_ECOLI
P27300	LPXK_ECOLI
P27305	GLUQ_ECOLI
P27896	NARQ_ECOLI
P28224	MLIC_ECOLI
P28304	QOR1_ECOLI
P28307	CSGA_ECOLI
P28634	TRMO_ECOLI
P28635	METQ_ECOLI
P28904	TREC_ECOLI
P29208	MENC_ECOLI
P29680	DCUP_ECOLI
P30126	LEUD_ECOLI
P30136	THIC_ECOLI
P30137	THIE_ECOLI
P30843	BASR_ECOLI
P30845	EPTA_ECOLI
P30860	ARTJ_ECOLI
P30871	3PASE_ECOLI
P31058	YADC_ECOLI
P31434	XYLS_ECOLI
P31441	ADEC_ECOLI
P31467	YIEH_ECOLI
P31675	SETA_ECOLI
P31680	DJLA_ECOLI
P31697	FIMC_ECOLI
P31801	CHAA_ECOLI
P32053	INTA_ECOLI
P32125	MOBB_ECOLI
P32129	YIHG_ECOLI
P32136	YIHO_ECOLI
P32141	SQUT_ECOLI
P32144	CSQR_ECOLI
P32166	MENA_ECOLI
P32669	FSAB_ECOLI
P32670	PTFX2_ECOLI
P32715	MDTO_ECOLI
P32716	MDTN_ECOLI
P32718	ALSK_ECOLI
P32721	ALSA_ECOLI
P33012	SBMC_ECOLI
P33026	SETB_ECOLI
P33030	YEIR_ECOLI
P33129	HTRE_ECOLI
P33229	RALR_ECOLI
P33358	MLRA_ECOLI
P33359	YEHW_ECOLI
P33360	YEHX_ECOLI
P33361	YEHY_ECOLI
P33363	BGLX_ECOLI
P33590	NIKA_ECOLI
P33591	NIKB_ECOLI
P33915	YEJE_ECOLI
P33927	CCMF_ECOLI
P33931	CCMA_ECOLI
P33934	NAPH_ECOLI
P33940	MQO_ECOLI
P33941	YOJI_ECOLI
P36560	ASR_ECOLI
P36662	TORD_ECOLI
P36672	PTTBC_ECOLI
P36673	TRER_ECOLI
P36767	RDGC_ECOLI
P36938	PGM_ECOLI
P36999	RLMA_ECOLI
P37146	RIR4_ECOLI
P37194	SLP_ECOLI
P37338	GLAR_ECOLI
P37339	LHGD_ECOLI
P37355	MENH_ECOLI
P37387	XYLF_ECOLI
P37388	XYLG_ECOLI
P37596	NORW_ECOLI
P37619	QPTR_ECOLI
P37621	YHHS_ECOLI
P37631	RDSA_ECOLI
P37636	MDTE_ECOLI
P37639	GADX_ECOLI
P37646	PDEH_ECOLI
P37647	KDGK_ECOLI
P37651	GUN_ECOLI
P37657	BCSE_ECOLI
P37661	EPTB_ECOLI
P37664	YIAC_ECOLI
P37665	YIAD_ECOLI
P37669	WECH_ECOLI
P37671	PLAR_ECOLI
P37674	YIAM_ECOLI
P37675	YIAN_ECOLI
P37676	YIAO_ECOLI
P37678	SGBH_ECOLI
P37680	SGBE_ECOLI
P37692	WAAF_ECOLI
P37759	RMLB1_ECOLI
P37760	RMLD_ECOLI
P37765	RLUB_ECOLI
P38101	EAMB_ECOLI
P38134	ETK_ECOLI
P38684	TORR_ECOLI
P39196	LPLT_ECOLI
P39199	PRMB_ECOLI
P39280	EPMB_ECOLI
P39288	QUEG_ECOLI
P39300	ULAG_ECOLI
P39306	ULAF_ECOLI
P39310	YTFB_ECOLI
P39333	BDCA_ECOLI
P39352	NANX_ECOLI
P39358	YJHG_ECOLI
P39375	IRAD_ECOLI
P39376	YJIE_ECOLI
P39394	SYME_ECOLI
P39398	LGOT_ECOLI
P39401	OPGB_ECOLI
P39404	BGLJ_ECOLI
P39451	ADHP_ECOLI
P39452	RIR3_ECOLI
P39829	GARD_ECOLI
P39835	GNTT_ECOLI
P40120	OPGD_ECOLI
P40719	QSEC_ECOLI
P42592	YGJK_ECOLI
P42604	UXAA_ECOLI
P42615	MZRA_ECOLI
P42628	DLST_ECOLI
P43329	HRPA_ECOLI
P43674	YCAL_ECOLI
P43676	PITB_ECOLI
P45522	KEFB_ECOLI
P45523	FKBA_ECOLI
P45532	TUSD_ECOLI
P45543	FRLD_ECOLI
P45548	PHP_ECOLI
P45578	LUXS_ECOLI
P45579	HCXA_ECOLI
P45758	GSPD_ECOLI
P45799	NUDE_ECOLI
P46130	YBHC_ECOLI
P46133	ABGT_ECOLI
P46187	RSEC_ECOLI
P46474	YHDP_ECOLI
P46852	YHHW_ECOLI
P46923	TORZ_ECOLI
P50466	AER_ECOLI
P51020	HOA_ECOLI
P51025	SFGH1_ECOLI
P51981	AEEP_ECOLI
P52005	TORY_ECOLI
P52045	SCPB_ECOLI
P52062	HEMW_ECOLI
P52094	HISQ_ECOLI
P52095	LDCC_ECOLI
P52097	TILS_ECOLI
P52130	RNLB_ECOLI
P52599	EMRK_ECOLI
P52600	EMRY_ECOLI
P52612	FLII_ECOLI
P52645	YDBH_ECOLI
P52647	YDBK_ECOLI
P52697	6PGL_ECOLI
P55798	PRP1_ECOLI
P55799	PRP2_ECOLI
P58034	YMGF_ECOLI
P60293	MUKF_ECOLI
P60390	RSMH_ECOLI
P60546	KGUA_ECOLI
P60757	HIS1_ECOLI
P60782	PLSY_ECOLI
P60906	SYH_ECOLI
P60932	UPPP_ECOLI
P61517	CAN_ECOLI
P61714	RISB_ECOLI
P61949	FLAV_ECOLI
P62601	TREF_ECOLI
P62615	ISPE_ECOLI
P63177	RLMB_ECOLI
P63201	GADW_ECOLI
P63746	EUTS_ECOLI
P64426	DIGH_ECOLI
P64506	YEBY_ECOLI
P64550	ALAE_ECOLI
P64554	QUEE_ECOLI
P64559	SDHE_ECOLI
P64578	HIGB_ECOLI
P64581	YQJD_ECOLI
P64646	GHOT_ECOLI
P65643	EUTT_ECOLI
P67080	PLPHP_ECOLI
P67662	AAER_ECOLI
P67697	HICB_ECOLI
P67701	HIGA_ECOLI
P68066	GRCA_ECOLI
P68567	RSMJ_ECOLI
P68679	RS21_ECOLI
P69222	IF1_ECOLI
P69330	CITD_ECOLI
P69432	PGAD_ECOLI
P69434	PGAA_ECOLI
P69488	CUTA_ECOLI
P69503	APT_ECOLI
P69506	YTFE_ECOLI
P69811	PTFAH_ECOLI
P69820	ULAC_ECOLI
P69822	ULAB_ECOLI
P69828	PTKA_ECOLI
P69829	PTSN_ECOLI
P69937	GDX_ECOLI
P71229	HYFR_ECOLI
P71241	WCAJ_ECOLI
P75713	ALLE_ECOLI
P75726	CILA_ECOLI
P75728	UBIF_ECOLI
P75780	FIU_ECOLI
P75783	YBIO_ECOLI
P75796	GSIA_ECOLI
P75797	GSIB_ECOLI
P75798	GSIC_ECOLI
P75800	PDEI_ECOLI
P75801	DGCI_ECOLI
P75823	LTAE_ECOLI
P75824	HCR_ECOLI
P75849	GLO22_ECOLI
P75869	SXY_ECOLI
P75893	RUTF_ECOLI
P75894	RUTE_ECOLI
P75895	RUTD_ECOLI
P75897	RUTB_ECOLI
P75905	PGAC_ECOLI
P75915	YCDY_ECOLI
P75919	CLSC_ECOLI
P75952	COMR_ECOLI
P75954	YCFS_ECOLI
P75958	LOLE_ECOLI
P75966	RLUE_ECOLI
P75987	IRAM_ECOLI
P75989	BLUR_ECOLI
P75993	ARIR_ECOLI
P76004	YCGM_ECOLI
P76016	DHAR_ECOLI
P76027	OPPD_ECOLI
P76041	GGAP_ECOLI
P76042	YCJN_ECOLI
P76043	YCJQ_ECOLI
P76044	YCJR_ECOLI
P76052	ABGB_ECOLI
P76079	PAAC_ECOLI
P76083	PAAH_ECOLI
P76085	PAAK_ECOLI
P76086	PAAX_ECOLI
P76091	YNBB_ECOLI
P76106	HICA_ECOLI
P76112	MNAT_ECOLI
P76115	PQQU_ECOLI
P76136	SAFA_ECOLI
P76143	LSRF_ECOLI
P76145	TAM_ECOLI
P76147	DGCF_ECOLI
P76182	RSXD_ECOLI
P76190	MEPH_ECOLI
P76192	YDHV_ECOLI
P76193	YNHG_ECOLI
P76213	CHO_ECOLI
P76234	YEAE_ECOLI
P76237	DGCJ_ECOLI
P76242	NIMT_ECOLI
P76245	DGCP_ECOLI
P76250	DMLR_ECOLI
P76290	CMOA_ECOLI
P76291	CMOB_ECOLI
P76340	HPRR_ECOLI
P76347	YEEJ_ECOLI
P76350	SHIA_ECOLI
P76352	YEEO_ECOLI
P76373	UDG_ECOLI
P76395	PRP3_ECOLI
P76397	MDTA_ECOLI
P76398	MDTB_ECOLI
P76403	TRHP_ECOLI
P76423	THIM_ECOLI
P76425	RCNA_ECOLI
P76472	ARND_ECOLI
P76473	ARNT_ECOLI
P76518	ACOCT_ECOLI
P76524	YPDF_ECOLI
P76536	YFEX_ECOLI
P76553	EUTG_ECOLI
P76578	A2MG_ECOLI
P76641	GUAD_ECOLI
P76773	OMPL_ECOLI
P76938	EPMC_ECOLI
P77129	ALLG_ECOLI
P77154	KOJP_ECOLI
P77161	GLXR_ECOLI
P77171	YDCI_ECOLI
P77223	RSXB_ECOLI
P77245	MURR_ECOLI
P77257	LSRA_ECOLI
P77272	PTYBC_ECOLI
P77279	FETA_ECOLI
P77285	RSXG_ECOLI
P77300	XYNR_ECOLI
P77304	DTPA_ECOLI
P77306	YQIK_ECOLI
P77333	PGRR_ECOLI
P77334	PDER_ECOLI
P77338	MSCK_ECOLI
P77357	ABGA_ECOLI
P77359	DJLC_ECOLI
P77374	YNFE_ECOLI
P77379	RCLR_ECOLI
P77397	MHPA_ECOLI
P77439	PTFX1_ECOLI
P77467	PAAG_ECOLI
P77475	YQAB_ECOLI
P77481	YCJV_ECOLI
P77503	YCJS_ECOLI
P77522	SUFB_ECOLI
P77544	YFCF_ECOLI
P77570	ANMK_ECOLI
P77580	ACDH_ECOLI
P77608	MHPD_ECOLI
P77611	RSXC_ECOLI
P77615	YCJW_ECOLI
P77619	YFEW_ECOLI
P77626	SUTR_ECOLI
P77650	HCAD_ECOLI
P77690	ARNB_ECOLI
P77704	YDJI_ECOLI
P77716	YCJP_ECOLI
P77731	ALLA_ECOLI
P77733	FOCB_ECOLI
P77735	YAJO_ECOLI
P77737	OPPF_ECOLI
P77743	PRPR_ECOLI
P77747	OMPN_ECOLI
P77756	QUEC_ECOLI
P77757	ARNC_ECOLI
P77783	YNFF_ECOLI
P77790	DDPX_ECOLI
P78285	LYSD_ECOLI
P80644	SSUE_ECOLI
Q2EES9	TORI_ECOLI
Q46799	XDHA_ECOLI
Q46800	XDHB_ECOLI
Q46817	GHXQ_ECOLI
Q46829	BGLA_ECOLI
Q46855	YQHC_ECOLI
Q46915	GUDX_ECOLI
Q46916	GUDP_ECOLI
Q47140	HCAF_ECOLI
Q47141	HCAR_ECOLI
Q47157	YAFO_ECOLI
Q47538	TAUB_ECOLI
Q47690	MMUM_ECOLI
A5A618	YNHF_ECOLI
C1P607	IBSA_ECOLI
C1P615	IBSC_ECOLI
C1P616	IBSD_ECOLI
C1P617	IBSE_ECOLI
O32528	YPDI_ECOLI
O52982	YFJS_ECOLI
P00960	SYGA_ECOLI
P03014	PINE_ECOLI
P03030	LYSR_ECOLI
P03813	YGEA_ECOLI
P03825	GSPB_ECOLI
P04128	FIMA1_ECOLI
P04846	NLPA_ECOLI
P04949	FLIC_ECOLI
P05052	APPY_ECOLI
P05827	ILVY_ECOLI
P06282	CDH_ECOLI
P06846	EBGR_ECOLI
P07000	PLDB_ECOLI
P07654	PSTA_ECOLI
P08550	CVPA_ECOLI
P08555	DSDX_ECOLI
P08997	MASY_ECOLI
P09126	HEM4_ECOLI
P09155	RND_ECOLI
P09163	YJAB_ECOLI
P09424	MTLD_ECOLI
P0A6G3	PNCC_ECOLI
P0A6G5	CITX_ECOLI
P0A6L7	UXAB_ECOLI
P0A6P7	ENGB_ECOLI
P0A6S0	FLGH_ECOLI
P0A6W0	GLSA2_ECOLI
P0A6W5	GREA_ECOLI
P0A7A2	GPMB_ECOLI
P0A7C6	PEPE_ECOLI
P0A7H6	RECR_ECOLI
P0A7P5	RL34_ECOLI
P0A823	SFSA_ECOLI
P0A867	TALA_ECOLI
P0A8B5	YBAB_ECOLI
P0A8C8	YIDD_ECOLI
P0A8D0	NRDR_ECOLI
P0A8G3	UXAC_ECOLI
P0A8I3	YAAA_ECOLI
P0A8P3	FETP_ECOLI
P0A8R9	HDFR_ECOLI
P0A8S5	USPB_ECOLI
P0A8U0	SYDP_ECOLI
P0A8Z0	YCIA_ECOLI
P0A901	BLC_ECOLI
P0A915	OMPW_ECOLI
P0A917	OMPX_ECOLI
P0A930	WZA_ECOLI
P0A932	GFCE_ECOLI
P0A9E9	YEIL_ECOLI
P0A9F6	GCVA_ECOLI
P0A9F9	METR_ECOLI
P0A9G2	NHAR_ECOLI
P0A9H5	BTUR_ECOLI
P0A9I3	GCVR_ECOLI
P0A9I8	NIRD_ECOLI
P0A9N0	PTSO_ECOLI
P0A9T4	TAS_ECOLI
P0A9U6	PUUR_ECOLI
P0AA73	YHBE_ECOLI
P0AA82	CODB_ECOLI
P0AAB2	WZB_ECOLI
P0AAB6	GALF_ECOLI
P0AAB8	USPD_ECOLI
P0AAE2	PROY_ECOLI
P0AAG3	GLTL_ECOLI
P0AAI1	SSUB_ECOLI
P0AAJ1	YNFG_ECOLI
P0AAK7	NRFC_ECOLI
P0AAR0	TOMB_ECOLI
P0AAS7	YBCJ_ECOLI
P0AAV4	PXPB_ECOLI
P0AAX6	MCBA_ECOLI
P0AAY6	YBJN_ECOLI
P0AB20	HSPQ_ECOLI
P0AB28	YCED_ECOLI
P0AB33	BSSS_ECOLI
P0AB93	ARSB_ECOLI
P0AB96	ARSC_ECOLI
P0ABC0	ATPZ_ECOLI
P0ABD1	YEAV_ECOLI
P0ABE2	BOLA_ECOLI
P0ABH4	MRED_ECOLI
P0ABL5	NAPC_ECOLI
P0ABL8	CCMB_ECOLI
P0ABM5	CCMD_ECOLI
P0ABM9	CCMH_ECOLI
P0ABP6	DEDA_ECOLI
P0ABW3	YFAE_ECOLI
P0ABW5	SFMA_ECOLI
P0ABW9	FLGB_ECOLI
P0ABX2	FLGC_ECOLI
P0ABX5	FLGG_ECOLI
P0ABX8	FLIL_ECOLI
P0AC05	FLIP_ECOLI
P0AC07	FLIQ_ECOLI
P0AC26	NIRC_ECOLI
P0AC35	TTDB_ECOLI
P0AC59	GLRX2_ECOLI
P0AC65	NRDH_ECOLI
P0AC92	GNSA_ECOLI
P0AC96	GNTU_ECOLI
P0ACA1	YIBF_ECOLI
P0ACH8	MELR_ECOLI
P0ACI0	ROB_ECOLI
P0ACJ5	DECR_ECOLI
P0ACK2	AGAR_ECOLI
P0ACK5	DEOR_ECOLI
P0ACK8	FUCR_ECOLI
P0ACL0	GLPR_ECOLI
P0ACL2	EXUR_ECOLI
P0ACL9	PDHR_ECOLI
P0ACM5	GGAR_ECOLI
P0ACP5	GNTR_ECOLI
P0ACQ7	TDCA_ECOLI
P0ACR0	ALLS_ECOLI
P0ACR2	PUNR_ECOLI
P0ACR4	YEIE_ECOLI
P0ACS7	RPIR_ECOLI
P0ACT2	ENVR_ECOLI
P0ACT6	UIDR_ECOLI
P0ACX3	YDHR_ECOLI
P0ACX5	FUMD_ECOLI
P0ACY1	YDJA_ECOLI
P0ACZ2	ETP_ECOLI
P0AD89	LPTN_ECOLI
P0ADB4	ECNA_ECOLI
P0ADB7	ECNB_ECOLI
P0ADD7	YJJQ_ECOLI
P0ADE8	YGFZ_ECOLI
P0ADH5	FIMB_ECOLI
P0ADH7	FIME_ECOLI
P0ADI0	PINR_ECOLI
P0ADQ7	YGAM_ECOLI
P0ADT5	YGIC_ECOLI
P0ADU5	YGIW_ECOLI
P0ADW6	YHCC_ECOLI
P0ADX9	RSMD_ECOLI
P0ADZ7	YAJC_ECOLI
P0AE26	ARAH_ECOLI
P0AE30	ARTM_ECOLI
P0AE34	ARTQ_ECOLI
P0AE37	ASTA_ECOLI
P0AE39	YPDB_ECOLI
P0AE45	PAEA_ECOLI
P0AE56	BFD_ECOLI
P0AE60	CEDA_ECOLI
P0AE95	CSGE_ECOLI
P0AE98	CSGF_ECOLI
P0AEB0	CYSW_ECOLI
P0AEC0	MGPA_ECOLI
P0AED9	DCM_ECOLI
P0AEK0	EXOX_ECOLI
P0AEL3	FEOA_ECOLI
P0AEM4	FLGM_ECOLI
P0AEP1	GALP_ECOLI
P0AEQ6	GLNP_ECOLI
P0AEU3	HISM_ECOLI
P0AEW1	HYFE_ECOLI
P0AEW4	CPDA_ECOLI
P0AEX3	KGTP_ECOLI
P0AF08	APBC_ECOLI
P0AF10	MTLR_ECOLI
P0AF20	NAGC_ECOLI
P0AF40	YIJD_ECOLI
P0AF43	YJBB_ECOLI
P0AF63	NSRR_ECOLI
P0AF96	TABA_ECOLI
P0AFA5	NFRB_ECOLI
P0AFH0	OGT_ECOLI
P0AFJ1	YJDM_ECOLI
P0AFK0	PMBA_ECOLI
P0AFK2	PNUC_ECOLI
P0AFM9	PSPB_ECOLI
P0AFN2	PSPC_ECOLI
P0AFQ7	YCFH_ECOLI
P0AFR4	YCIO_ECOLI
P0AFS1	LSRD_ECOLI
P0AFV2	YHID_ECOLI
P0AFV8	PSPD_ECOLI
P0AG14	SOHB_ECOLI
P0AG34	RHTB_ECOLI
P0AG38	RHTC_ECOLI
P0AG84	YGHA_ECOLI
P0AGG8	TLDD_ECOLI
P0AGH8	PSTC_ECOLI
P0AGI4	XYLH_ECOLI
P0AGI8	TRKA_ECOLI
P0AGJ2	TRMH_ECOLI
P0AGK4	YHBY_ECOLI
P0C8J8	GATZ_ECOLI
P0C8K0	KBAZ_ECOLI
P0CB39	EPTC_ECOLI
P0CE44	UIDB_ECOLI
P0CF88	INSI1_ECOLI
P0CK95	ACFD_ECOLI
P0DP21	YJIP_ECOLI
P0DP70	PHNE2_ECOLI
P0DP89	ILVGP_ECOLI
P10371	HIS4_ECOLI
P10423	IAP_ECOLI
P10805	ENVY_ECOLI
P11072	LIT_ECOLI
P11446	ARGC_ECOLI
P11875	SYR_ECOLI
P11988	BGLB_ECOLI
P11989	BGLG_ECOLI
P12999	BIOC_ECOLI
P13024	FDHE_ECOLI
P15006	MCRC_ECOLI
P15070	FLIN_ECOLI
P15286	FLK_ECOLI
P15639	PUR9_ECOLI
P15977	MALQ_ECOLI
P16525	TUS_ECOLI
P16677	PHNC_ECOLI
P16682	PHND_ECOLI
P16689	PHNM_ECOLI
P16690	PHNN_ECOLI
P16701	CYST_ECOLI
P17410	CHBR_ECOLI
P17583	CYNX_ECOLI
P18393	YBDZ_ECOLI
P18811	MALI_ECOLI
P19317	NARW_ECOLI
P19769	INSK_ECOLI
P19930	HYAD_ECOLI
P20605	FIC_ECOLI
P21420	NMPC_ECOLI
P21515	ACPH_ECOLI
P21893	RECJ_ECOLI
P22586	FLIO_ECOLI
P23839	YICC_ECOLI
P23841	XAPR_ECOLI
P23842	PDEA_ECOLI
P23898	NLPC_ECOLI
P23910	ARAJ_ECOLI
P24174	MANC_ECOLI
P24175	MANB_ECOLI
P24181	ACRF_ECOLI
P24200	MCRA_ECOLI
P24202	MRR_ECOLI
P24218	INTD_ECOLI
P24240	ASCB_ECOLI
P24241	PTIBC_ECOLI
P24242	ASCG_ECOLI
P24244	APPX_ECOLI
P25549	ASLA_ECOLI
P25741	WAAP_ECOLI
P25744	MDTG_ECOLI
P25748	GALS_ECOLI
P25772	LIGB_ECOLI
P25960	LEP4_ECOLI
P26266	FEPE_ECOLI
P26365	AMIB_ECOLI
P26612	AMY2_ECOLI
P26649	GLGS_ECOLI
P27111	CYNR_ECOLI
P27126	WAAS_ECOLI
P27127	WAAB_ECOLI
P27240	WAAY_ECOLI
P27242	WAAU_ECOLI
P27832	WECD_ECOLI
P27835	WZYE_ECOLI
P27836	WECG_ECOLI
P27862	YIGZ_ECOLI
P28249	ASMA_ECOLI
P28638	YHDJ_ECOLI
P29012	ALR2_ECOLI
P30128	GREB_ECOLI
P30130	FIMD_ECOLI
P30149	YABI_ECOLI
P30235	PSUK_ECOLI
P30744	SDHM_ECOLI
P30859	ARTI_ECOLI
P31060	MODF_ECOLI
P31068	FLIH_ECOLI
P31122	SOTB_ECOLI
P31125	EAMA_ECOLI
P31126	YDEE_ECOLI
P31436	SETC_ECOLI
P31440	ADEQ_ECOLI
P31442	EMRD_ECOLI
P31452	PTXC_ECOLI
P31459	DGOK_ECOLI
P31462	MDTL_ECOLI
P31474	HSRA_ECOLI
P31548	THIQ_ECOLI
P31549	THIP_ECOLI
P31574	FIXB_ECOLI
P31600	NFRA_ECOLI
P31665	RPNC_ECOLI
P31802	NARP_ECOLI
P31825	TRMN6_ECOLI
P31826	YDDA_ECOLI
P31828	PQQL_ECOLI
P32137	YIHP_ECOLI
P32154	PTFLB_ECOLI
P32672	PTFC2_ECOLI
P32675	PFLC_ECOLI
P32676	PTFB3_ECOLI
P32696	PSPG_ECOLI
P32701	PDEC_ECOLI
P32710	NRFE_ECOLI
P32711	NRFF_ECOLI
P32714	MDTP_ECOLI
P32720	ALSC_ECOLI
P33014	TSUB_ECOLI
P33021	NUPX_ECOLI
P33024	PSUT_ECOLI
P33128	YADV_ECOLI
P33135	FLIR_ECOLI
P33136	OPGG_ECOLI
P33222	YJFC_ECOLI
P33228	RECT_ECOLI
P33230	RCBA_ECOLI
P33340	YEHA_ECOLI
P33341	YEHB_ECOLI
P33342	YEHC_ECOLI
P33343	YEHD_ECOLI
P33362	YEHZ_ECOLI
P33369	MDTQ_ECOLI
P33593	NIKD_ECOLI
P33594	NIKE_ECOLI
P33595	SGRR_ECOLI
P33596	RECX_ECOLI
P33920	NDPA_ECOLI
P34749	HOFQ_ECOLI
P36561	COBS_ECOLI
P36562	COBT_ECOLI
P36647	PPDD_ECOLI
P36659	CBPA_ECOLI
P36667	WBBL_ECOLI
P36678	GSPM_ECOLI
P36771	LRHA_ECOLI
P36879	YADG_ECOLI
P36995	CSPB_ECOLI
P37005	LAST_ECOLI
P37009	FBPC_ECOLI
P37016	YADK_ECOLI
P37017	YADL_ECOLI
P37018	YADM_ECOLI
P37024	HRPB_ECOLI
P37047	CDAR_ECOLI
P37050	YADN_ECOLI
P37127	AEGA_ECOLI
P37147	FXSA_ECOLI
P37180	HYBB_ECOLI
P37182	HYBD_ECOLI
P37195	DCTR_ECOLI
P37309	ARSR_ECOLI
P37326	INTS_ECOLI
P37590	PMRD_ECOLI
P37623	ACPT_ECOLI
P37645	YHJG_ECOLI
P37649	PDEK_ECOLI
P37652	BCSB_ECOLI
P37662	YHJX_ECOLI
P37679	SGBU_ECOLI
P37746	RFBX_ECOLI
P37749	WBBI_ECOLI
P37757	YDDE_ECOLI
P37766	YDIF_ECOLI
P37772	YJFF_ECOLI
P37906	PUUB_ECOLI
P37908	YFJD_ECOLI
P38035	RTCR_ECOLI
P38052	SFMF_ECOLI
P38521	YGGL_ECOLI
P38683	TORT_ECOLI
P39160	UXUB_ECOLI
P39163	CHAC_ECOLI
P39173	YEAD_ECOLI
P39206	CAIE_ECOLI
P39208	IDNK_ECOLI
P39265	ALSB_ECOLI
P39267	RDCB_ECOLI
P39285	MSCM_ECOLI
P39297	BSMA_ECOLI
P39298	YJFP_ECOLI
P39305	ULAE_ECOLI
P39328	YTFT_ECOLI
P39334	BDCR_ECOLI
P39346	IDND_ECOLI
P39347	INTB_ECOLI
P39359	YJHH_ECOLI
P39362	SGCE_ECOLI
P39365	SGCC_ECOLI
P39370	NANS_ECOLI
P39380	KPTA_ECOLI
P39399	LGOR_ECOLI
P39408	YJJV_ECOLI
P39409	YJJW_ECOLI
P39410	YJJJ_ECOLI
P39830	YBAL_ECOLI
P39832	ZNUB_ECOLI
P39902	SPRT_ECOLI
P40876	YCBF_ECOLI
P41441	GSPF_ECOLI
P41442	GSPG_ECOLI
P41443	GSPH_ECOLI
P42596	RLMG_ECOLI
P42624	YHAK_ECOLI
P42626	YHAM_ECOLI
P42630	TDCG_ECOLI
P42640	YHBX_ECOLI
P42904	PTPB2_ECOLI
P42905	PTPC2_ECOLI
P42907	AGAS_ECOLI
P42909	PTPB1_ECOLI
P42910	PTPC1_ECOLI
P42911	PTPD_ECOLI
P42912	AGAI_ECOLI
P42913	YRAH_ECOLI
P42914	YRAI_ECOLI
P42915	YRAJ_ECOLI
P43319	YRAK_ECOLI
P43337	NUDL_ECOLI
P45428	DCUD_ECOLI
P45463	TTDR_ECOLI
P45530	TUSB_ECOLI
P45531	TUSC_ECOLI
P45539	FRLA_ECOLI
P45544	FRLR_ECOLI
P45565	AIS_ECOLI
P45750	HOFP_ECOLI
P45751	HOFO_ECOLI
P45753	HOFM_ECOLI
P45756	GSPA_ECOLI
P45759	GSPE_ECOLI
P45760	GSPI_ECOLI
P45761	GSPJ_ECOLI
P45762	GSPK_ECOLI
P45763	GSPL_ECOLI
P45766	YHDW_ECOLI
P45767	YHDX_ECOLI
P45768	YHDY_ECOLI
P45769	YHDZ_ECOLI
P45800	IGAA_ECOLI
P46068	DSDC_ECOLI
P46118	HEXR_ECOLI
P46481	AAEB_ECOLI
P46482	AAEA_ECOLI
P46837	YHGF_ECOLI
P46846	GNTX_ECOLI
P46854	AAAT_ECOLI
P46859	GNTK_ECOLI
P46888	USPC_ECOLI
P52037	YGFF_ECOLI
P52043	SCPC_ECOLI
P52067	FSR_ECOLI
P52076	QSEB_ECOLI
P52086	COBC_ECOLI
P52102	YFHL_ECOLI
P52108	RSTA_ECOLI
P52119	RATB_ECOLI
P52127	ABPA_ECOLI
P52143	YPJA_ECOLI
P52613	FLIJ_ECOLI
P52614	FLIK_ECOLI
P52627	FLIZ_ECOLI
P54746	MNGB_ECOLI
P56258	WECF_ECOLI
P56579	PTHC_ECOLI
P60566	FIXA_ECOLI
P60778	TSGA_ECOLI
P62517	OPGH_ECOLI
P63204	GADE_ECOLI
P63417	YHBS_ECOLI
P64448	YNBE_ECOLI
P64453	ORTT_ECOLI
P64530	RCNR_ECOLI
P64599	UBIT_ECOLI
P64634	HOFN_ECOLI
P64638	FEOC_ECOLI
P65367	YQCA_ECOLI
P65556	YFCD_ECOLI
P67087	RSMI_ECOLI
P69367	MDTH_ECOLI
P69808	PTFB1_ECOLI
P69816	PTFB2_ECOLI
P69826	PTMCB_ECOLI
P71298	INTF_ECOLI
P71301	ECPR_ECOLI
P75683	YAGG_ECOLI
P75685	RCLC_ECOLI
P75687	RCLB_ECOLI
P75712	ALLP_ECOLI
P75715	SFMH_ECOLI
P75733	CHIP_ECOLI
P75736	YBFF_ECOLI
P75742	DTPD_ECOLI
P75745	PXPC_ECOLI
P75746	PXPA_ECOLI
P75757	ZITB_ECOLI
P75777	YBHG_ECOLI
P75782	RLMF_ECOLI
P75785	OPGE_ECOLI
P75794	PFLE_ECOLI
P75799	GSID_ECOLI
P75806	YBJG_ECOLI
P75811	RCDA_ECOLI
P75817	RLMC_ECOLI
P75826	LYSO_ECOLI
P75838	YCAO_ECOLI
P75843	ICLRG_ECOLI
P75851	SSUC_ECOLI
P75853	SSUA_ECOLI
P75855	ELFA_ECOLI
P75856	ELFD_ECOLI
P75857	ELFC_ECOLI
P75858	ELFG_ECOLI
P75901	EFEU_ECOLI
P75920	OPGC_ECOLI
P75925	C56H2_ECOLI
P75938	FLGF_ECOLI
P75942	FLGJ_ECOLI
P75948	THIK_ECOLI
P75969	INTE_ECOLI
P75995	PDEG_ECOLI
P76002	PLIG_ECOLI
P76007	NHAP2_ECOLI
P76017	YCGV_ECOLI
P76046	YCJX_ECOLI
P76057	XISR_ECOLI
P76062	RACR_ECOLI
P76078	PAAB_ECOLI
P76080	PAAD_ECOLI
P76097	HGLS_ECOLI
P76114	MCBR_ECOLI
P76128	DDPA_ECOLI
P76135	YDEO_ECOLI
P76142	LSRB_ECOLI
P76159	LYSQ_ECOLI
P76173	YNFH_ECOLI
P76175	CLCB_ECOLI
P76187	YDHF_ECOLI
P76204	YDIV_ECOLI
P76215	ASTE_ECOLI
P76224	YNJC_ECOLI
P76241	NIMR_ECOLI
P76249	LEUE_ECOLI
P76254	CNTB_ECOLI
P76261	PDED_ECOLI
P76268	KDGR_ECOLI
P76270	MSRC_ECOLI
P76298	FLHA_ECOLI
P76299	FLHB_ECOLI
P76329	MPGP_ECOLI
P76345	C56H1_ECOLI
P76372	WZZB_ECOLI
P76393	YEGI_ECOLI
P76446	PDEN_ECOLI
P76461	ATOB_ECOLI
P76498	YFCO_ECOLI
P76499	YFCP_ECOLI
P76500	YFCQ_ECOLI
P76501	YFCR_ECOLI
P76502	SIXA_ECOLI
P76506	MLAA_ECOLI
P76540	EUTK_ECOLI
P76551	EUTA_ECOLI
P76552	EUTH_ECOLI
P76555	EUTQ_ECOLI
P76556	EUTP_ECOLI
P76655	YQIG_ECOLI
P76909	YNJD_ECOLI
P77156	YDCU_ECOLI
P77170	PINQ_ECOLI
P77179	RSXE_ECOLI
P77183	PAOD_ECOLI
P77196	YFCU_ECOLI
P77213	GCS2_ECOLI
P77228	YDFJ_ECOLI
P77231	CITG_ECOLI
P77249	SFMC_ECOLI
P77265	MDLA_ECOLI
P77268	DDPD_ECOLI
P77269	YPHF_ECOLI
P77288	YFCV_ECOLI
P77295	YGAV_ECOLI
P77307	FETB_ECOLI
P77308	DDPB_ECOLI
P77315	YPHD_ECOLI
P77329	HYFG_ECOLI
P77365	YAFY_ECOLI
P77368	YBCL_ECOLI
P77377	WZXC_ECOLI
P77390	CITC_ECOLI
P77400	YBAT_ECOLI
P77416	HYFD_ECOLI
P77432	LSRK_ECOLI
P77437	HYFF_ECOLI
P77445	EUTE_ECOLI
P77463	DDPC_ECOLI
P77468	SFMD_ECOLI
P77473	PDEB_ECOLI
P77494	HOKB_ECOLI
P77509	YPHE_ECOLI
P77549	YFCJ_ECOLI
P77561	YDEP_ECOLI
P77579	PTFC1_ECOLI
P77585	YPDE_ECOLI
P77596	YAGF_ECOLI
P77599	YFCS_ECOLI
P77622	DDPF_ECOLI
P77672	LSRC_ECOLI
P77682	GTRA_ECOLI
P77689	SUFD_ECOLI
P77692	YKFI_ECOLI
P77744	ABGR_ECOLI
P77768	RPNB_ECOLI
P77795	YDCT_ECOLI
P77804	YDGA_ECOLI
P77858	HYFC_ECOLI
P78067	YNJE_ECOLI
Q46798	YGER_ECOLI
Q46801	XDHC_ECOLI
Q46802	UACR_ECOLI
Q46803	YGEW_ECOLI
Q46811	YGFK_ECOLI
Q46814	XDHD_ECOLI
Q46820	UACF_ECOLI
Q46824	YGFX_ECOLI
Q46836	PPPA_ECOLI
Q46863	YGIS_ECOLI
Q46890	OTNC_ECOLI
Q46891	OTNI_ECOLI
Q46908	YGCR_ECOLI
Q46939	YQEF_ECOLI
Q46953	YPJF_ECOLI
Q47005	NAC_ECOLI
Q47013	ELAD_ECOLI
Q47083	CBL_ECOLI
Q47129	FEAR_ECOLI
Q47142	HCAT_ECOLI
Q47156	YAFN_ECOLI
Q47537	TAUA_ECOLI
Q47539	TAUC_ECOLI
Q47622	SAPA_ECOLI
Q47689	MMUP_ECOLI
Q47706	UIDC_ECOLI
Q57083	PERR_ECOLI
Q6BEX0	YTFR_ECOLI
A0A385XJ53	INSA9_ECOLI
A0A385XJE6	INH21_ECOLI
A0A385XJL4	INSB9_ECOLI
A5A605	YKFM_ECOLI
A5A615	YNCL_ECOLI
A5A624	DINQ_ECOLI
A5A628	YJBT_ECOLI
A5A630	YTCA_ECOLI
A8DYP9	LPFUR_ECOLI
C1P5Z7	SGRT_ECOLI
C1P5Z8	YKGR_ECOLI
C1P601	RZOQ_ECOLI
C1P602	YOAK_ECOLI
C1P603	YOAJ_ECOLI
C1P605	AZUC_ECOLI
C1P608	IBSB_ECOLI
C1P609	YOHP_ECOLI
C1P610	YPDK_ECOLI
C1P611	SHOB_ECOLI
E2JKY7	LPMG_ECOLI
G3MTW7	PMRR_ECOLI
P03061	LPIV_ECOLI
P03835	INSG_ECOLI
P03841	MALM_ECOLI
P06965	DICC_ECOLI
P06966	DICA_ECOLI
P07021	YFIB_ECOLI
P08245	YCIH_ECOLI
P08369	CRED_ECOLI
P08371	PPDB_ECOLI
P08372	PPDC_ECOLI
P08390	USG_ECOLI
P09127	HEMX_ECOLI
P09153	TFAE_ECOLI
P09162	YJAA_ECOLI
P09557	DICB_ECOLI
P0A772	NRDI_ECOLI
P0A7C8	PSIE_ECOLI
P0A8A0	YEBC_ECOLI
P0A8A2	YEEN_ECOLI
P0A8C1	YBJQ_ECOLI
P0A8C4	YGFB_ECOLI
P0A8D3	YAII_ECOLI
P0A8D9	YFBV_ECOLI
P0A8E1	YCFP_ECOLI
P0A8J4	YBED_ECOLI
P0A8K8	YIHY_ECOLI
P0A8L7	YCIU_ECOLI
P0A8R7	YCJF_ECOLI
P0A8T5	FLIE_ECOLI
P0A8U2	YAFD_ECOLI
P0A8W5	YQGE_ECOLI
P0A8W8	YFBU_ECOLI
P0A8X2	YCEI_ECOLI
P0A8X4	YCCT_ECOLI
P0A8Z7	YQIA_ECOLI
P0A905	SLYB_ECOLI
P0A976	CSPF_ECOLI
P0A978	CSPG_ECOLI
P0A982	CSPH_ECOLI
P0A986	CSPI_ECOLI
P0A9A2	FTNB_ECOLI
P0A9K1	PHOH_ECOLI
P0A9K3	PHOL_ECOLI
P0A9R2	ESSD_ECOLI
P0A9T6	YBAQ_ECOLI
P0A9T8	YBBA_ECOLI
P0A9U8	YDIO_ECOLI
P0A9V5	YIAG_ECOLI
P0A9W9	YRDA_ECOLI
P0AA31	YEDF_ECOLI
P0AA49	YFDV_ECOLI
P0AA70	YEDA_ECOLI
P0AA91	YEAY_ECOLI
P0AAA1	YAGU_ECOLI
P0AAA3	ECPA_ECOLI
P0AAA5	YMCE_ECOLI
P0AAC4	YBHL_ECOLI
P0AAE5	ARCD_ECOLI
P0AAK4	HYDN_ECOLI
P0AAL6	YDHY_ECOLI
P0AAN1	HYBE_ECOLI
P0AAP5	IPRA_ECOLI
P0AAP7	YAIY_ECOLI
P0AAQ0	YAIZ_ECOLI
P0AAQ2	YAJD_ECOLI
P0AAR5	YBAN_ECOLI
P0AAR8	YBAV_ECOLI
P0AAS0	YLAC_ECOLI
P0AAU7	YBFE_ECOLI
P0AAV0	YBGE_ECOLI
P0AAW5	YBHQ_ECOLI
P0AAX3	YBIJ_ECOLI
P0AAY1	BSSR_ECOLI
P0AAZ0	YBJO_ECOLI
P0AAZ7	YCAR_ECOLI
P0AB12	YCCF_ECOLI
P0AB14	YCCJ_ECOLI
P0AB26	YCEB_ECOLI
P0AB35	YCFJ_ECOLI
P0AB49	YCHH_ECOLI
P0AB52	YCHN_ECOLI
P0AB55	YCII_ECOLI
P0ABR1	DINI_ECOLI
P0ABY2	FLIT_ECOLI
P0ABY4	FLAW_ECOLI
P0AC73	EBGC_ECOLI
P0ACB7	HEMY_ECOLI
P0ACC9	WCAB_ECOLI
P0ACD2	WCAF_ECOLI
P0ACG6	HOKD_ECOLI
P0ACH1	SFSB_ECOLI
P0ACI3	XYLR_ECOLI
P0ACM2	RSPR_ECOLI
P0ACM9	YIHL_ECOLI
P0ACN2	YTFH_ECOLI
P0ACR7	YFER_ECOLI
P0ACU7	YJDC_ECOLI
P0ACX0	YDGC_ECOLI
P0ACX9	YDIE_ECOLI
P0ACY6	YEAL_ECOLI
P0ACY9	YEBG_ECOLI
P0AD12	YEEZ_ECOLI
P0AD17	YOHC_ECOLI
P0AD19	YOHK_ECOLI
P0AD24	YEJL_ECOLI
P0AD30	YFCA_ECOLI
P0AD35	YFDO_ECOLI
P0AD44	YFHG_ECOLI
P0AD47	YPHA_ECOLI
P0AD72	LPF_ECOLI
P0AD79	LPL_ECOLI
P0AD83	LPPY_ECOLI
P0AD86	LPT_ECOLI
P0AD92	LPW_ECOLI
P0ADA5	YAJG_ECOLI
P0ADA7	OSMB_ECOLI
P0ADB1	OSME_ECOLI
P0ADE2	YTFK_ECOLI
P0ADF3	LPRH_ECOLI
P0ADI7	YECD_ECOLI
P0ADI9	YHHN_ECOLI
P0ADJ3	YHJR_ECOLI
P0ADJ5	BCSF_ECOLI
P0ADJ8	YIAA_ECOLI
P0ADK4	YIAW_ECOLI
P0ADK6	YIBA_ECOLI
P0ADK8	YIBL_ECOLI
P0ADL6	YIDG_ECOLI
P0ADM0	YIDH_ECOLI
P0ADM4	YIDQ_ECOLI
P0ADM8	YIEE_ECOLI
P0ADQ5	YIIE_ECOLI
P0ADR0	YQAA_ECOLI
P0ADR2	YGDD_ECOLI
P0ADS6	YGGE_ECOLI
P0ADT2	YGIB_ECOLI
P0ADT8	YGIM_ECOLI
P0ADX7	YHHA_ECOLI
P0AE14	AMPE_ECOLI
P0AE28	AROM_ECOLI
P0AE42	YQAE_ECOLI
P0AE48	YTFP_ECOLI
P0AE58	CAIF_ECOLI
P0AE63	CHAB_ECOLI
P0AE74	CITT_ECOLI
P0AE91	CREA_ECOLI
P0AEB7	YOAB_ECOLI
P0AEH3	ELAA_ECOLI
P0AEH8	YJIG_ECOLI
P0AEQ1	GLCG_ECOLI
P0AET5	HDED_ECOLI
P0AEV4	HYCA_ECOLI
P0AEV7	HYCH_ECOLI
P0AEX5	KPPR_ECOLI
P0AEY1	MARC_ECOLI
P0AF45	YJBE_ECOLI
P0AF54	YJCH_ECOLI
P0AF78	YJFJ_ECOLI
P0AF80	YJFL_ECOLI
P0AF82	YJFN_ECOLI
P0AF86	YJFY_ECOLI
P0AFH8	OSMY_ECOLI
P0AFI9	PERM_ECOLI
P0AFM4	PSIF_ECOLI
P0AFN6	YADH_ECOLI
P0AFP0	YADS_ECOLI
P0AFP4	YBBO_ECOLI
P0AFR0	RSSA_ECOLI
P0AFS7	YDIK_ECOLI
P0AFU2	YFBS_ECOLI
P0AFV0	YIBH_ECOLI
P0AFW8	ROF_ECOLI
P0AFZ1	SSEB_ECOLI
P0AG27	YIBN_ECOLI
P0AG71	RMUC_ECOLI
P0AGC7	SMP_ECOLI
P0AGH1	YHHJ_ECOLI
P0AGJ5	YFIF_ECOLI
P0AGM0	YHHT_ECOLI
P0AGM2	YICG_ECOLI
P0AGM5	SIRB1_ECOLI
P0CB62	YMIA_ECOLI
P0CE49	INSH1_ECOLI
P0CE50	INSH2_ECOLI
P0CE51	INSH3_ECOLI
P0CE52	INSH4_ECOLI
P0CE53	INSH6_ECOLI
P0CE54	INSH7_ECOLI
P0CE55	INSH8_ECOLI
P0CE56	INSH9_ECOLI
P0CE57	INH10_ECOLI
P0CE58	INH11_ECOLI
P0CF07	INSA1_ECOLI
P0CF08	INSA2_ECOLI
P0CF09	INSA3_ECOLI
P0CF10	INSA4_ECOLI
P0CF11	INSA5_ECOLI
P0CF12	INSA6_ECOLI
P0CF25	INSB1_ECOLI
P0CF26	INSB2_ECOLI
P0CF27	INSB3_ECOLI
P0CF28	INSB5_ECOLI
P0CF29	INSB6_ECOLI
P0CF40	INSC1_ECOLI
P0CF41	INSC2_ECOLI
P0CF42	INSC3_ECOLI
P0CF43	INSC4_ECOLI
P0CF44	INSC5_ECOLI
P0CF45	INSC6_ECOLI
P0CF53	INSD1_ECOLI
P0CF54	INSD2_ECOLI
P0CF55	INSD3_ECOLI
P0CF56	INSD4_ECOLI
P0CF57	INSD5_ECOLI
P0CF58	INSD6_ECOLI
P0CF60	INSD8_ECOLI
P0CF66	INSE1_ECOLI
P0CF67	INSE2_ECOLI
P0CF68	INSE3_ECOLI
P0CF69	INSE4_ECOLI
P0CF70	INSE5_ECOLI
P0CF79	INSF1_ECOLI
P0CF80	INSF2_ECOLI
P0CF81	INSF3_ECOLI
P0CF82	INSF4_ECOLI
P0CF83	INSF5_ECOLI
P0CF89	INSI3_ECOLI
P0CF90	INSI4_ECOLI
P0CF91	INSL1_ECOLI
P0CF92	INSL2_ECOLI
P0CF93	INSL3_ECOLI
P0DP22	YJIQ_ECOLI
P0DP63	YBEH_ECOLI
P0DP64	YBEM_ECOLI
P0DP69	PHNE1_ECOLI
P0DPC4	YTIC_ECOLI
P0DPC5	YTID_ECOLI
P0DPC6	IDLP_ECOLI
P0DPC7	RSED_ECOLI
P0DPD0	LDRA_ECOLI
P0DPD1	LDRC_ECOLI
P0DPO8	YNFT_ECOLI
P0DPP2	YOAL_ECOLI
P0DQD7	GNDA_ECOLI
P0DSE4	ARGL_ECOLI
P0DSG0	PSSL_ECOLI
P0DSH2	BAXL_ECOLI
P0DSH3	YIBX_ECOLI
P0DUM3	TIMP_ECOLI
P0DXX6	XTPA_ECOLI
P11286	YIAB_ECOLI
P11290	YIBD_ECOLI
P11291	YZCX_ECOLI
P11447	ARLY_ECOLI
P11663	FUME_ECOLI
P11866	TDCR_ECOLI
P12994	YBHB_ECOLI
P15081	GUTM_ECOLI
P15082	SRLR_ECOLI
P16681	YJDN_ECOLI
P16684	PHNF_ECOLI
P16916	RHSA_ECOLI
P16917	RHSB_ECOLI
P16918	RHSC_ECOLI
P16919	RHSD_ECOLI
P18390	YJJA_ECOLI
P19767	INSA7_ECOLI
P19931	HYAE_ECOLI
P19932	HYAF_ECOLI
P21361	YCIG_ECOLI
P21362	YCIF_ECOLI
P21365	YCIC_ECOLI
P21367	YCAC_ECOLI
P21503	YCAD_ECOLI
P22787	YIFB_ECOLI
P23325	ARPA_ECOLI
P23481	HYFA_ECOLI
P23840	DIND_ECOLI
P24178	YFFB_ECOLI
P24211	RHSE_ECOLI
P25531	YICR_ECOLI
P25550	ASLB_ECOLI
P25738	MSYB_ECOLI
P25743	YCHE_ECOLI
P25747	YEIB_ECOLI
P26608	FLIS_ECOLI
P27294	INAA_ECOLI
P27297	BAX_ECOLI
P27375	YJAZ_ECOLI
P27843	YIGG_ECOLI
P27844	RARD_ECOLI
P28303	DINF_ECOLI
P28369	RFH_ECOLI
P28697	MBIA_ECOLI
P28721	GLTF_ECOLI
P28722	YHCA_ECOLI
P28912	YHHI_ECOLI
P28916	YBFD_ECOLI
P28917	YDCC_ECOLI
P29217	YCEH_ECOLI
P29744	FLGL_ECOLI
P30143	YAAJ_ECOLI
P30192	INSZ_ECOLI
P30852	SMF_ECOLI
P30864	YAFC_ECOLI
P30979	YBEF_ECOLI
P31061	NOHA_ECOLI
P31063	YEDD_ECOLI
P31064	YEDE_ECOLI
P31130	YDEI_ECOLI
P31131	YDEJ_ECOLI
P31433	YICH_ECOLI
P31435	YICJ_ECOLI
P31437	YICL_ECOLI
P31446	YIDI_ECOLI
P31447	YIDJ_ECOLI
P31448	YIDK_ECOLI
P31449	YIDL_ECOLI
P31450	GLVG_ECOLI
P31453	YIDP_ECOLI
P31456	CBRA_ECOLI
P31463	YIDZ_ECOLI
P31468	CBRB_ECOLI
P31469	CBRC_ECOLI
P31470	YIEK_ECOLI
P31471	YIEL_ECOLI
P31475	YIEP_ECOLI
P31666	YADE_ECOLI
P31679	YAAU_ECOLI
P31808	YCIK_ECOLI
P31827	YDDB_ECOLI
P32051	YDEK_ECOLI
P32057	WCAI_ECOLI
P32135	YIHN_ECOLI
P32139	YIHR_ECOLI
P32152	FRVR_ECOLI
P32153	FRVX_ECOLI
P32155	PTFLA_ECOLI
P32674	GRE1_ECOLI
P32677	YIJO_ECOLI
P32687	YJBF_ECOLI
P32689	YJBH_ECOLI
P32703	YJCE_ECOLI
P32709	NRFD_ECOLI
P32712	NRFG_ECOLI
P33011	YEEA_ECOLI
P33020	YEII_ECOLI
P33029	YEIQ_ECOLI
P33218	YEBE_ECOLI
P33235	FLGK_ECOLI
P33236	MOKC_ECOLI
P33345	YEHF_ECOLI
P33348	YEHL_ECOLI
P33349	YEHM_ECOLI
P33353	YEHQ_ECOLI
P33354	YEHR_ECOLI
P33366	YOHD_ECOLI
P33368	YOHF_ECOLI
P33554	PPDA_ECOLI
P33634	YFIE_ECOLI
P33666	YDBA_ECOLI
P33924	YEJO_ECOLI
P33997	ALPA_ECOLI
P34209	YDCF_ECOLI
P36547	EUTR_ECOLI
P36554	MDTD_ECOLI
P36645	HOFB_ECOLI
P36646	HOFC_ECOLI
P36881	YADI_ECOLI
P36928	YEGD_ECOLI
P36930	GATR_ECOLI
P36943	EAEH_ECOLI
P37007	YAGA_ECOLI
P37008	YAGB_ECOLI
P37014	RPNE_ECOLI
P37049	YAEI_ECOLI
P37056	YAEF_ECOLI
P37057	OGRK_ECOLI
P37305	HOKA_ECOLI
P37325	YBCH_ECOLI
P37327	YFDC_ECOLI
P37342	YJJI_ECOLI
P37440	UCPA_ECOLI
P37443	YCAI_ECOLI
P37626	YHII_ECOLI
P37629	YHIL_ECOLI
P37630	YHIM_ECOLI
P37640	YHJB_ECOLI
P37641	YHJC_ECOLI
P37642	YHJD_ECOLI
P37643	YHJE_ECOLI
P37648	YHJJ_ECOLI
P37650	BCSC_ECOLI
P37655	BCSQP_ECOLI
P37659	BCSG_ECOLI
P37660	YHJV_ECOLI
P37663	YHJY_ECOLI
P37673	YIAL_ECOLI
P37681	YIAT_ECOLI
P37682	YIAU_ECOLI
P37683	YIAV_ECOLI
P37748	WZY_ECOLI
P37750	WBBJ_ECOLI
P37751	WBBK_ECOLI
P37767	YFHH_ECOLI
P37903	USPF_ECOLI
P37909	YBGD_ECOLI
P38055	YDJE_ECOLI
P38104	RSPA_ECOLI
P38105	RSPB_ECOLI
P38392	SIEB_ECOLI
P39161	UXUR_ECOLI
P39165	YCHO_ECOLI
P39187	YTFJ_ECOLI
P39212	INSN2_ECOLI
P39263	YFCC_ECOLI
P39264	FIMI_ECOLI
P39270	YJDF_ECOLI
P39282	YJEM_ECOLI
P39284	YJEO_ECOLI
P39314	YTFF_ECOLI
P39332	YJGH_ECOLI
P39336	YJGL_ECOLI
P39337	YJGM_ECOLI
P39338	YJGN_ECOLI
P39343	IDNR_ECOLI
P39349	YJGX_ECOLI
P39355	YJHE_ECOLI
P39356	YJHU_ECOLI
P39357	YJHF_ECOLI
P39360	YJHI_ECOLI
P39361	SGCR_ECOLI
P39363	SGCA_ECOLI
P39366	SGCX_ECOLI
P39368	YJHQ_ECOLI
P39369	YJHR_ECOLI
P39379	YJIH_ECOLI
P39381	YJIJ_ECOLI
P39382	YJIK_ECOLI
P39383	YJIL_ECOLI
P39384	YJIM_ECOLI
P39389	YJIR_ECOLI
P39393	YJIV_ECOLI
P39407	YJJU_ECOLI
P39834	YGIL_ECOLI
P39836	YFEH_ECOLI
P39901	YBFI_ECOLI
P41039	YBII_ECOLI
P42589	YGJH_ECOLI
P42590	YGJI_ECOLI
P42597	UTPP_ECOLI
P42599	YGJR_ECOLI
P42603	YGJV_ECOLI
P42616	YQJC_ECOLI
P42619	YQJF_ECOLI
P42906	AGAA_ECOLI
P43340	YCAK_ECOLI
P43531	YNFM_ECOLI
P43533	FLGN_ECOLI
P43667	YGAH_ECOLI
P45394	YRBG_ECOLI
P45420	YHCD_ECOLI
P45423	YHCG_ECOLI
P45465	YRAN_ECOLI
P45468	YRAQ_ECOLI
P45472	YHBQ_ECOLI
P45524	YHET_ECOLI
P45537	YHFK_ECOLI
P45546	YHFT_ECOLI
P45549	YHFW_ECOLI
P45566	YHDT_ECOLI
P45570	YBCI_ECOLI
P45581	STFP_ECOLI
P45757	GSPC_ECOLI
P45771	YRDD_ECOLI
P45848	YCIQ_ECOLI
P46119	YBJC_ECOLI
P46122	YAJI_ECOLI
P46125	YEDI_ECOLI
P46141	YGBE_ECOLI
P46478	AAEX_ECOLI
P46853	YHHX_ECOLI
P51024	YAIL_ECOLI
P52007	YECM_ECOLI
P52044	YGFI_ECOLI
P52052	YGGR_ECOLI
P52107	CSGC_ECOLI
P52131	YFJP_ECOLI
P52133	YFJR_ECOLI
P52140	YFJY_ECOLI
P52141	YFJZ_ECOLI
P52598	YGBI_ECOLI
P52636	YCCM_ECOLI
P52696	YBHD_ECOLI
P55138	YGCE_ECOLI
P55140	YGCG_ECOLI
P56256	YSAA_ECOLI
P56262	DLHH_ECOLI
P56614	YMDF_ECOLI
P57998	INSB4_ECOLI
P58035	SGCB_ECOLI
P58041	RZOD_ECOLI
P58042	RZOR_ECOLI
P60632	YOHJ_ECOLI
P60869	YBJL_ECOLI
P60872	YIDE_ECOLI
P60995	LPHI_ECOLI
P62723	YEIH_ECOLI
P63264	CBPM_ECOLI
P63340	YQEG_ECOLI
P64429	YPFJ_ECOLI
P64432	YPJD_ECOLI
P64439	YBJM_ECOLI
P64442	YCEO_ECOLI
P64455	YDCY_ECOLI
P64481	YDJM_ECOLI
P64496	YOAG_ECOLI
P64503	YEBV_ECOLI
P64508	YOBF_ECOLI
P64515	YECN_ECOLI
P64519	YODD_ECOLI
P64545	YFGG_ECOLI
P64548	YFIR_ECOLI
P64564	YGGT_ECOLI
P64567	YQGB_ECOLI
P64572	YGHR_ECOLI
P64585	YQJE_ECOLI
P64590	YHAH_ECOLI
P64592	YHAI_ECOLI
P64614	YHCN_ECOLI
P65290	YFGH_ECOLI
P65292	YGDI_ECOLI
P65294	YGDR_ECOLI
P65298	YQHH_ECOLI
P65807	YGEY_ECOLI
P67127	YGDQ_ECOLI
P67143	YHGN_ECOLI
P67153	YQFA_ECOLI
P67244	YQHA_ECOLI
P67553	YNFC_ECOLI
P67601	YOBD_ECOLI
P67660	YHAJ_ECOLI
P67699	YDDM_ECOLI
P67729	YFEO_ECOLI
P67826	CUTC_ECOLI
P68206	YJBJ_ECOLI
P68644	FIXC_ECOLI
P68646	FIXX_ECOLI
P68661	YBCO_ECOLI
P69789	PTXB_ECOLI
P69824	PTMA_ECOLI
P71237	WCAC_ECOLI
P71238	WCAD_ECOLI
P71239	WCAE_ECOLI
P71242	WCAK_ECOLI
P71243	WCAL_ECOLI
P71244	WCAM_ECOLI
P75678	YKFA_ECOLI
P75679	INSN1_ECOLI
P75681	AFUB_ECOLI
P75693	YAHN_ECOLI
P75694	YAHO_ECOLI
P75697	YAIX_ECOLI
P75719	RZPD_ECOLI
P75734	CHIQ_ECOLI
P75741	YBFL_ECOLI
P75747	ABRB_ECOLI
P75748	YBGO_ECOLI
P75749	YBGP_ECOLI
P75750	YBGQ_ECOLI
P75763	YBHI_ECOLI
P75764	YBHJ_ECOLI
P75767	GNGF_ECOLI
P75770	YBHN_ECOLI
P75779	YBIX_ECOLI
P75788	YBIR_ECOLI
P75793	GRE2_ECOLI
P75810	YBJJ_ECOLI
P75818	YBJP_ECOLI
P75822	YBJT_ECOLI
P75828	YBJD_ECOLI
P75835	YCAM_ECOLI
P75836	YCAN_ECOLI
P75859	YCBU_ECOLI
P75860	YCBV_ECOLI
P75867	LONH_ECOLI
P75870	YCCS_ECOLI
P75874	YCCU_ECOLI
P75882	GFCD_ECOLI
P75883	GFCC_ECOLI
P75884	GFCB_ECOLI
P75885	GFCA_ECOLI
P75916	YCDZ_ECOLI
P75917	YMDA_ECOLI
P75931	YCEM_ECOLI
P75933	FLGA_ECOLI
P75936	FLGD_ECOLI
P75937	FLGE_ECOLI
P75955	YCFT_ECOLI
P75961	YCFZ_ECOLI
P75962	YMFA_ECOLI
P75970	VXIS_ECOLI
P75971	YMFH_ECOLI
P75974	COHE_ECOLI
P75981	JAYE_ECOLI
P75991	YCGZ_ECOLI
P75992	YMGA_ECOLI
P76000	YCGI_ECOLI
P76011	YMGE_ECOLI
P76034	YCIT_ECOLI
P76049	YCJY_ECOLI
P76053	SMRA_ECOLI
P76056	INTR_ECOLI
P76063	YDAS_ECOLI
P76064	YDAT_ECOLI
P76071	INSH5_ECOLI
P76072	STFR_ECOLI
P76076	YDBL_ECOLI
P76090	YNBA_ECOLI
P76092	YNBC_ECOLI
P76093	YNBD_ECOLI
P76100	YDCK_ECOLI
P76102	INSQ_ECOLI
P76103	YDCO_ECOLI
P76111	YDCZ_ECOLI
P76116	YNCE_ECOLI
P76117	YNCG_ECOLI
P76119	YNCI_ECOLI
P76127	BDM_ECOLI
P76134	YDEM_ECOLI
P76137	YDET_ECOLI
P76138	YNEL_ECOLI
P76146	YNEE_ECOLI
P76161	REQ2_ECOLI
P76164	YDFW_ECOLI
P76168	INTQ_ECOLI
P76169	YNFA_ECOLI
P76170	YNFB_ECOLI
P76172	YNFD_ECOLI
P76176	YDGD_ECOLI
P76180	YDGK_ECOLI
P76185	YDHJ_ECOLI
P76186	YDHK_ECOLI
P76197	YDIM_ECOLI
P76198	YDIN_ECOLI
P76201	YDIQ_ECOLI
P76214	VES_ECOLI
P76219	YDJX_ECOLI
P76220	YDJY_ECOLI
P76221	YDJZ_ECOLI
P76223	YNJB_ECOLI
P76226	YNJF_ECOLI
P76228	YNJI_ECOLI
P76230	YDJK_ECOLI
P76235	YEAH_ECOLI
P76269	YEBQ_ECOLI
P76297	FLHE_ECOLI
P76319	YEDL_ECOLI
P76335	YEDS_ECOLI
P76356	YOEA_ECOLI
P76359	YEEP_ECOLI
P76361	YEER_ECOLI
P76362	YEES_ECOLI
P76369	YEEY_ECOLI
P76389	YEGH_ECOLI
P76402	YEGP_ECOLI
P76417	YEGT_ECOLI
P76419	YEGV_ECOLI
P76421	YEGX_ECOLI
P76460	ATOE_ECOLI
P76464	A2MGH_ECOLI
P76470	RHMT_ECOLI
P76471	YFAZ_ECOLI
P76482	YFBL_ECOLI
P76483	YFBM_ECOLI
P76509	YFDM_ECOLI
P76514	YFDR_ECOLI
P76520	YFDX_ECOLI
P76538	YFEZ_ECOLI
P76539	YPEA_ECOLI
P76542	INTZ_ECOLI
P76561	YPFH_ECOLI
P76569	YFGD_ECOLI
P76573	YFGI_ECOLI
P76584	YPHB_ECOLI
P76611	PINH_ECOLI
P76616	YGAQ_ECOLI
P76628	YGAY_ECOLI
P76630	YGAZ_ECOLI
P76633	YGCW_ECOLI
P76639	YGEH_ECOLI
P76656	YQII_ECOLI
P76657	YQIJ_ECOLI
P77031	YQCE_ECOLI
P77087	TFAX_ECOLI
P77091	HOKE_ECOLI
P77169	YAGJ_ECOLI
P77181	PAAY_ECOLI
P77187	YAHF_ECOLI
P77188	ECPB_ECOLI
P77199	YAIT_ECOLI
P77234	YBEQ_ECOLI
P77237	ESSQ_ECOLI
P77252	YKGE_ECOLI
P77260	YDFI_ECOLI
P77263	ECPE_ECOLI
P77277	EUTJ_ECOLI
P77280	YDJJ_ECOLI
P77293	GTRB_ECOLI
P77294	YDER_ECOLI
P77309	YNEJ_ECOLI
P77316	YBDR_ECOLI
P77318	YDEN_ECOLI
P77328	YBBY_ECOLI
P77330	BORD_ECOLI
P77337	YDIS_ECOLI
P77354	YAFU_ECOLI
P77360	YPHC_ECOLI
P77375	YDHX_ECOLI
P77376	YDGJ_ECOLI
P77378	YDIR_ECOLI
P77381	DJLB_ECOLI
P77389	YDHP_ECOLI
P77396	YPDC_ECOLI
P77402	YDIP_ECOLI
P77409	YDHU_ECOLI
P77414	WCAA_ECOLI
P77423	HYFH_ECOLI
P77433	YKGG_ECOLI
P77495	PRPE_ECOLI
P77504	YBBP_ECOLI
P77515	STFQ_ECOLI
P77519	YDDL_ECOLI
P77528	PEAD_ECOLI
P77536	YKGF_ECOLI
P77538	YFHR_ECOLI
P77539	YDJL_ECOLI
P77551	RZPR_ECOLI
P77552	YDHQ_ECOLI
P77554	YAHJ_ECOLI
P77559	YNFL_ECOLI
P77562	YAIW_ECOLI
P77569	MHPR_ECOLI
P77588	YDEQ_ECOLI
P77601	YKGA_ECOLI
P77609	FLXA_ECOLI
P77610	ANSP_ECOLI
P77616	YQIH_ECOLI
P77624	ARCM_ECOLI
P77634	YBCM_ECOLI
P77668	HYFI_ECOLI
P77694	ECPD_ECOLI
P77695	GNSB_ECOLI
P77698	YBCK_ECOLI
P77699	TFAD_ECOLI
P77700	YAHB_ECOLI
P77713	YAGH_ECOLI
P77714	YDIT_ECOLI
P77717	YBAY_ECOLI
P77721	YDJF_ECOLI
P77726	YAJR_ECOLI
P77730	YDCR_ECOLI
P77732	RHMR_ECOLI
P77739	KT3K_ECOLI
P77746	YBDO_ECOLI
P77779	YBFO_ECOLI
P77789	YDES_ECOLI
P77802	ECPC_ECOLI
P77808	CINAL_ECOLI
Q2EEQ2	RL362_ECOLI
Q2EES1	YNID_ECOLI
Q2EES6	YOHO_ECOLI
Q2EET0	YPDJ_ECOLI
Q2EET2	YPFN_ECOLI
Q2M5U1	YTJA_ECOLI
Q46755	SIRB2_ECOLI
Q46790	PBL_ECOLI
Q46791	YGEK_ECOLI
Q46795	YGEO_ECOLI
Q46797	YGEQ_ECOLI
Q46807	ARCL_ECOLI
Q46812	SSNA_ECOLI
Q46832	YGHD_ECOLI
Q46833	YGHE_ECOLI
Q46834	YGHF_ECOLI
Q46835	YGHG_ECOLI
Q46840	YGHO_ECOLI
Q46841	YGHQ_ECOLI
Q46844	YGHT_ECOLI
Q46861	YGIQ_ECOLI
Q46866	YGIV_ECOLI
Q46867	YGIZ_ECOLI
Q46888	LTND_ECOLI
Q46889	OTNK_ECOLI
Q46892	YGBN_ECOLI
Q46904	YGCN_ECOLI
Q46905	YGCO_ECOLI
Q46906	YGCP_ECOLI
Q46907	YGCQ_ECOLI
Q46909	YGCS_ECOLI
Q46911	YGCU_ECOLI
Q46942	YQEI_ECOLI
Q47147	YAFJ_ECOLI
Q47151	YAFL_ECOLI
Q47153	LFHA_ECOLI
Q47154	LAFU_ECOLI
Q47158	YAFP_ECOLI
Q47269	YBCN_ECOLI
Q47274	REQ1_ECOLI
Q47534	YAIO_ECOLI
Q47536	YAIP_ECOLI
Q47679	YAFV_ECOLI
Q47684	YAFW_ECOLI
Q47685	YKFG_ECOLI
Q47688	YKFC_ECOLI
Q47718	INSO2_ECOLI
Q6BF25	LDRD_ECOLI
Q6BF87	LDRB_ECOLI
Q79E92	YKGN_ECOLI
U3PVA8	IROK_ECOLI
A0A385XJK5	YPAB_ECOLI
A0A385XJL2	YGDT_ECOLI
A5A607	YLCI_ECOLI
A5A611	YMGI_ECOLI
A5A612	YMGJ_ECOLI
A5A613	YCIY_ECOLI
A5A614	YCIZ_ECOLI
A5A617	YDGU_ECOLI
A5A619	YOJO_ECOLI
A5A621	YPFM_ECOLI
A5A625	YIBV_ECOLI
A8DYQ1	YTHA_ECOLI
C1P5Z9	YMIB_ECOLI
C1P600	YNBG_ECOLI
C1P604	YOBI_ECOLI
C1P606	YOEI_ECOLI
C1P612	YQCG_ECOLI
C1P613	YQEL_ECOLI
C1P614	YQFG_ECOLI
C1P618	YRBN_ECOLI
C1P619	ILVX_ECOLI
C1P620	YSHB_ECOLI
C1P621	YJEV_ECOLI
P02338	PRTL_ECOLI
P07010	REM_ECOLI
P08370	YGDB_ECOLI
P09154	YMFS_ECOLI
P09996	YIDB_ECOLI
P0A828	SMG_ECOLI
P0A8E5	YACL_ECOLI
P0A8K5	YAEP_ECOLI
P0A8L5	YCGN_ECOLI
P0A8R4	SLYX_ECOLI
P0AA95	YACC_ECOLI
P0AA97	YAEQ_ECOLI
P0AAL9	YKGJ_ECOLI
P0AAN5	YAIA_ECOLI
P0AAQ6	YBAA_ECOLI
P0AAS9	YBDD_ECOLI
P0AAT2	YBDF_ECOLI
P0AAT9	YBEL_ECOLI
P0AAU2	YBFA_ECOLI
P0AAU5	YBFB_ECOLI
P0AAV6	YBGS_ECOLI
P0AAV8	YBHH_ECOLI
P0AAW1	YBHP_ECOLI
P0AAY4	YBJH_ECOLI
P0AB03	YCBJ_ECOLI
P0AB31	YCEK_ECOLI
P0AB43	YCGL_ECOLI
P0AB46	YMGD_ECOLI
P0AB61	YCIN_ECOLI
P0ACV8	YMJA_ECOLI
P0ACW0	YDAF_ECOLI
P0ACW2	YDBJ_ECOLI
P0ACW4	YDCA_ECOLI
P0ACW6	YDCH_ECOLI
P0ACW8	YDFA_ECOLI
P0AD05	YECA_ECOLI
P0AD07	YECF_ECOLI
P0AD10	YECJ_ECOLI
P0AD21	YEJG_ECOLI
P0AD33	YFCZ_ECOLI
P0AD37	YFEC_ECOLI
P0AD40	YPEB_ECOLI
P0AD53	YGAC_ECOLI
P0AD74	LPF2_ECOLI
P0ADC8	YJIX_ECOLI
P0ADD9	YJJY_ECOLI
P0ADF0	LPFS_ECOLI
P0ADK0	YIAF_ECOLI
P0ADL3	YICN_ECOLI
P0ADM6	YIDX_ECOLI
P0ADP9	YIHD_ECOLI
P0ADS9	YGGN_ECOLI
P0ADU7	YQIB_ECOLI
P0ADV5	YHBW_ECOLI
P0ADW8	YHEV_ECOLI
P0ADX1	YHFA_ECOLI
P0ADX5	YHFG_ECOLI
P0AEG8	DSRB_ECOLI
P0AF34	YIIR_ECOLI
P0AF48	YJBQ_ECOLI
P0AF50	YJBR_ECOLI
P0AF56	YJCO_ECOLI
P0AF59	YJDI_ECOLI
P0AF70	YJEI_ECOLI
P0AF73	YJET_ECOLI
P0AF76	YJFI_ECOLI
P0AFT8	YEIW_ECOLI
P0AFU6	YIIF_ECOLI
P0CD93	YMJD_ECOLI
P0CF86	YFJU_ECOLI
P0DN74	YTIA_ECOLI
P0DPC8	YMCF_ECOLI
P0DPC9	YNFQ_ECOLI
P0DPM5	YABR_ECOLI
P0DPM6	YACM_ECOLI
P0DPM7	YADW_ECOLI
P0DPM8	YKGS_ECOLI
P0DPM9	YKGV_ECOLI
P0DPN0	YAHV_ECOLI
P0DPN1	YKIC_ECOLI
P0DPN2	YKID_ECOLI
P0DPN3	YLCJ_ECOLI
P0DPN4	YLDA_ECOLI
P0DPN5	YBGU_ECOLI
P0DPN6	YLIM_ECOLI
P0DPN7	YMDG_ECOLI
P0DPN8	YMGK_ECOLI
P0DPN9	YMGL_ECOLI
P0DPO0	YMGM_ECOLI
P0DPO1	YMIC_ECOLI
P0DPO2	YMJE_ECOLI
P0DPO3	YNAL_ECOLI
P0DPO4	YNAM_ECOLI
P0DPO5	YNCO_ECOLI
P0DPO6	YDDY_ECOLI
P0DPO7	YNEP_ECOLI
P0DPO9	YNFR_ECOLI
P0DPP0	YNFS_ECOLI
P0DPP1	YNFP_ECOLI
P0DPP3	YECU_ECOLI
P0DPP4	YQFH_ECOLI
P0DPP5	YQFI_ECOLI
P0DPP6	YQHI_ECOLI
P0DPP7	YQID_ECOLI
P0DPP8	YSDD_ECOLI
P0DSE3	YADX_ECOLI
P0DSE5	YTIB_ECOLI
P0DSE6	YBGV_ECOLI
P0DSE7	YBIE_ECOLI
P0DSE8	YLJB_ECOLI
P0DSE9	YCHT_ECOLI
P0DSF0	YMID_ECOLI
P0DSF1	YNAN_ECOLI
P0DSF2	YNCP_ECOLI
P0DSF3	MGTT_ECOLI
P0DSF4	YNFU_ECOLI
P0DSF5	YDGV_ECOLI
P0DSF6	YECV_ECOLI
P0DSF7	YOAM_ECOLI
P0DSF8	YODE_ECOLI
P0DSF9	EVGL_ECOLI
P0DSG1	YFIS_ECOLI
P0DSG2	YQGG_ECOLI
P0DSG3	YQGH_ECOLI
P0DSG4	YQHJ_ECOLI
P0DSG5	YQIM_ECOLI
P0DSG6	YHGO_ECOLI
P0DSG7	YHGP_ECOLI
P0DSG8	YHIY_ECOLI
P0DSG9	YRIA_ECOLI
P0DSH0	YRIB_ECOLI
P0DSH1	YSAE_ECOLI
P0DSH4	YIBY_ECOLI
P0DSH5	YICU_ECOLI
P0DSH6	YSDE_ECOLI
P0DSH7	YSGD_ECOLI
P0DSH8	YTGA_ECOLI
P0DSH9	YKIE_ECOLI
P0DSI0	YTHB_ECOLI
P0DUW0	YKFO_ECOLI
P0DUW1	YMGN_ECOLI
P0DUW2	YNHH_ECOLI
P0DUW3	YOEJ_ECOLI
P0DUW4	YPED_ECOLI
P0DV19	YRFJ_ECOLI
P0DV20	YTCB_ECOLI
P0DV21	YTGB_ECOLI
P0DV22	YTIE_ECOLI
P0DV23	YTJE_ECOLI
P11289	YFIL_ECOLI
P11664	YGGC_ECOLI
P11864	YHAC_ECOLI
P11865	YHAB_ECOLI
P15033	RACC_ECOLI
P17994	YFAA_ECOLI
P19768	INSJ_ECOLI
P20343	CYSX_ECOLI
P21363	YCIE_ECOLI
P21418	YDFC_ECOLI
P23305	YIGA_ECOLI
P24238	YEBB_ECOLI
P24252	YBGA_ECOLI
P25666	HTRL_ECOLI
P25728	YGBA_ECOLI
P25907	YDBD_ECOLI
P27238	YFED_ECOLI
P27840	YIGE_ECOLI
P27842	YIGF_ECOLI
P28696	YAAI_ECOLI
P28911	YHHH_ECOLI
P28915	YBFC_ECOLI
P29009	YDFB_ECOLI
P29010	YDFD_ECOLI
P29013	YCGB_ECOLI
P30866	YAFE_ECOLI
P31062	NOHD_ECOLI
P31121	MARB_ECOLI
P31443	YIDF_ECOLI
P31455	YIDR_ECOLI
P31991	YDCD_ECOLI
P32106	YIBG_ECOLI
P32108	YIBI_ECOLI
P32109	YIBJ_ECOLI
P32128	YIHF_ECOLI
P32134	YIHM_ECOLI
P32151	YIIG_ECOLI
P32160	YIIQ_ECOLI
P32162	YIIS_ECOLI
P32167	YIIX_ECOLI
P32668	YIJF_ECOLI
P32680	YJAG_ECOLI
P32681	YJAH_ECOLI
P32685	YJBD_ECOLI
P32688	YJBG_ECOLI
P32690	YJBI_ECOLI
P32693	YJBL_ECOLI
P32694	YJBM_ECOLI
P32700	YJCB_ECOLI
P32704	YJCF_ECOLI
P33227	STFE_ECOLI
P33344	YEHE_ECOLI
P33346	YEHI_ECOLI
P33347	YEHK_ECOLI
P33352	YEHP_ECOLI
P33355	YEHS_ECOLI
P33668	YBBC_ECOLI
P33669	YBBD_ECOLI
P36661	YCCE_ECOLI
P36677	YHDN_ECOLI
P36682	YACH_ECOLI
P37003	YBFG_ECOLI
P37052	YCHJ_ECOLI
P37348	YECE_ECOLI
P37614	YHHL_ECOLI
P37615	YHHM_ECOLI
P37627	YHIJ_ECOLI
P37635	YHIS_ECOLI
P37691	YIBQ_ECOLI
P38394	YDAE_ECOLI
P39220	YABP_ECOLI
P39221	YABQ_ECOLI
P39274	YJDJ_ECOLI
P39279	YJEJ_ECOLI
P39283	YJEN_ECOLI
P39293	YJFK_ECOLI
P39295	YJFM_ECOLI
P39308	YJFZ_ECOLI
P39309	YTFA_ECOLI
P39317	YTFI_ECOLI
P39342	YJGR_ECOLI
P39351	YJGZ_ECOLI
P39354	YJHD_ECOLI
P39364	SGCQ_ECOLI
P39367	YJHP_ECOLI
P39374	YJIC_ECOLI
P39385	YJIN_ECOLI
P39390	YJIS_ECOLI
P39391	YJIT_ECOLI
P42591	YGJJ_ECOLI
P42598	YGJQ_ECOLI
P42625	YHAL_ECOLI
P45421	YHCE_ECOLI
P45422	YHCF_ECOLI
P45469	YRAR_ECOLI
P45505	YFAH_ECOLI
P45545	YHFS_ECOLI
P45550	YHFX_ECOLI
P45551	YHFY_ECOLI
P45552	YHFZ_ECOLI
P45564	YFEN_ECOLI
P45736	YCJD_ECOLI
P45795	YRDB_ECOLI
P45804	YHGE_ECOLI
P45807	YBAM_ECOLI
P46126	YFIM_ECOLI
P46142	YGGM_ECOLI
P46144	YEDJ_ECOLI
P46855	YHHZ_ECOLI
P46856	YRHA_ECOLI
P46857	YRHB_ECOLI
P46879	YQGD_ECOLI
P46887	YECH_ECOLI
P46890	YBAE_ECOLI
P52048	YGGP_ECOLI
P52060	YGGU_ECOLI
P52096	YAER_ECOLI
P52123	YFJH_ECOLI
P52124	YFJI_ECOLI
P52125	YFJJ_ECOLI
P52128	YFJM_ECOLI
P52132	YFJQ_ECOLI
P52134	YPJK_ECOLI
P52135	YFJT_ECOLI
P52138	YFJW_ECOLI
P52139	YFJX_ECOLI
P52644	HSLJ_ECOLI
P54901	CSIE_ECOLI
P55914	YJJZ_ECOLI
P56257	YKGL_ECOLI
P56259	YIFN_ECOLI
P58033	YPJJ_ECOLI
P58036	YJBS_ECOLI
P58037	YRHD_ECOLI
P58094	YCIX_ECOLI
P58095	YPJI_ECOLI
P62066	YCEQ_ECOLI
P62522	LPID_ECOLI
P62672	APAG_ECOLI
P62768	YAEH_ECOLI
P64435	YBCW_ECOLI
P64445	YNAJ_ECOLI
P64451	YDCL_ECOLI
P64459	YNCJ_ECOLI
P64463	YDFZ_ECOLI
P64471	YDHI_ECOLI
P64474	YDHL_ECOLI
P64476	YDIH_ECOLI
P64479	YDIZ_ECOLI
P64485	YEAQ_ECOLI
P64488	YEAR_ECOLI
P64490	YOAC_ECOLI
P64493	YOAF_ECOLI
P64499	YEBO_ECOLI
P64517	YODC_ECOLI
P64521	YEET_ECOLI
P64526	YEEW_ECOLI
P64536	YEIS_ECOLI
P64540	YFCL_ECOLI
P64542	YPEC_ECOLI
P64557	YGFM_ECOLI
P64562	YQFE_ECOLI
P64570	YQGC_ECOLI
P64574	YGHW_ECOLI
P64610	YRBL_ECOLI
P64616	YHCO_ECOLI
P64619	YHDU_ECOLI
P64622	YHDV_ECOLI
P64624	YHEO_ECOLI
P64627	YHFL_ECOLI
P64631	YHFU_ECOLI
P67338	YOAH_ECOLI
P67624	YHEU_ECOLI
P67762	YHBP_ECOLI
P71296	YAGM_ECOLI
P71297	YAGN_ECOLI
P71311	YAIS_ECOLI
P75616	YAAX_ECOLI
P75617	YAAW_ECOLI
P75620	YAAY_ECOLI
P75672	YAFS_ECOLI
P75675	YKFJ_ECOLI
P75676	YAFX_ECOLI
P75677	YKFF_ECOLI
P75680	INSO1_ECOLI
P75684	YAGP_ECOLI
P75688	Y309_ECOLI
P75692	YAHM_ECOLI
P75704	YKIA_ECOLI
P75711	YBBV_ECOLI
P75717	EXOD_ECOLI
P75718	REND_ECOLI
P75737	YBFP_ECOLI
P75769	YBHM_ECOLI
P75791	YBIU_ECOLI
P75821	YBJS_ECOLI
P75829	YBJX_ECOLI
P75839	YCAP_ECOLI
P75910	YCDU_ECOLI
P75946	YCFL_ECOLI
P75967	YMFD_ECOLI
P75968	YMFE_ECOLI
P75972	YMFI_ECOLI
P75973	YMFJ_ECOLI
P75975	CROE_ECOLI
P75976	YMFL_ECOLI
P75977	YMFM_ECOLI
P75978	YMFN_ECOLI
P75979	YMFR_ECOLI
P75980	BEEE_ECOLI
P75982	YMFQ_ECOLI
P75988	YCGX_ECOLI
P75994	YMGC_ECOLI
P76001	YCGJ_ECOLI
P76012	YCGY_ECOLI
P76023	YCHS_ECOLI
P76035	YCIW_ECOLI
P76061	YDAG_ECOLI
P76065	YDAU_ECOLI
P76066	YDAW_ECOLI
P76068	YNAK_ECOLI
P76069	YDAY_ECOLI
P76073	YNAE_ECOLI
P76096	MOKB_ECOLI
P76118	YNCH_ECOLI
P76121	YDDH_ECOLI
P76122	YDDJ_ECOLI
P76123	YDDK_ECOLI
P76148	YNEG_ECOLI
P76150	YNEK_ECOLI
P76154	YDFK_ECOLI
P76155	TFAQ_ECOLI
P76156	YDFO_ECOLI
P76157	YNFN_ECOLI
P76158	RZPQ_ECOLI
P76160	YDFR_ECOLI
P76162	YDFU_ECOLI
P76163	YDFV_ECOLI
P76165	YDFX_ECOLI
P76177	YDGH_ECOLI
P76196	YDIL_ECOLI
P76205	ARPB_ECOLI
P76206	YDIY_ECOLI
P76208	YNIB_ECOLI
P76210	YDJO_ECOLI
P76222	YNJA_ECOLI
P76227	YNJH_ECOLI
P76231	YEAC_ECOLI
P76239	YOAI_ECOLI
P76243	YEAO_ECOLI
P76275	YEBW_ECOLI
P76280	YOBB_ECOLI
P76296	YECT_ECOLI
P76308	YECR_ECOLI
P76322	YEDM_ECOLI
P76323	INTG_ECOLI
P76349	YEEL_ECOLI
P76394	YEGJ_ECOLI
P76396	YEGL_ECOLI
P76406	YEGR_ECOLI
P76418	YEGU_ECOLI
P76462	YFAP_ECOLI
P76463	YFAQ_ECOLI
P76466	YFAT_ECOLI
P76481	YFBK_ECOLI
P76484	YFBN_ECOLI
P76485	YFBO_ECOLI
P76486	YFBP_ECOLI
P76505	YFDF_ECOLI
P76507	YFDI_ECOLI
P76508	YFDL_ECOLI
P76510	YFDN_ECOLI
P76512	YFDP_ECOLI
P76513	YFDQ_ECOLI
P76515	YFDS_ECOLI
P76516	YFDT_ECOLI
P76521	YFDY_ECOLI
P76537	YFEY_ECOLI
P76543	YFFL_ECOLI
P76544	YFFM_ECOLI
P76545	YFFN_ECOLI
P76546	YFFO_ECOLI
P76547	YFFP_ECOLI
P76548	YFFQ_ECOLI
P76549	YFFR_ECOLI
P76550	YFFS_ECOLI
P76559	YPFG_ECOLI
P76575	YFGJ_ECOLI
P76585	YPHG_ECOLI
P76586	YPHH_ECOLI
P76612	YPJB_ECOLI
P76613	YPJC_ECOLI
P76692	YZGL_ECOLI
P77136	YQEK_ECOLI
P77147	YDHT_ECOLI
P77148	YDHS_ECOLI
P77162	YKFB_ECOLI
P77163	TFAR_ECOLI
P77174	YBDM_ECOLI
P77180	YKGH_ECOLI
P77184	LOMR_ECOLI
P77206	YAFZ_ECOLI
P77216	YBDN_ECOLI
P77219	YAHC_ECOLI
P77221	YAHG_ECOLI
P77286	YDEU_ECOLI
P77296	YBET_ECOLI
P77297	YAHE_ECOLI
P77301	YBAP_ECOLI
P77326	TFAS_ECOLI
P77339	YAFT_ECOLI
P77393	YAHL_ECOLI
P77427	YBEU_ECOLI
P77453	HYFJ_ECOLI
P77460	YBCY_ECOLI
P77506	YBDJ_ECOLI
P77546	YDAV_ECOLI
P77564	YDHW_ECOLI
P77598	YBCV_ECOLI
P77607	YAGL_ECOLI
P77627	YBER_ECOLI
P77656	YFDK_ECOLI
P77657	YAGK_ECOLI
P77658	YNAA_ECOLI
P77688	YLBG_ECOLI
P77736	YAHD_ECOLI
P77759	YLBH_ECOLI
P77775	YFCH_ECOLI
P78271	YFES_ECOLI
Q2EEP9	YAFF_ECOLI
Q2EEQ3	YAHH_ECOLI
Q2EEQ8	YBFQ_ECOLI
Q2EER5	YMJC_ECOLI
Q2EES0	YNFO_ECOLI
Q2EES3	YOEF_ECOLI
Q2EEU2	YJHX_ECOLI
Q2M7M3	YSAB_ECOLI
Q2M7R5	YIBT_ECOLI
Q2M7X4	YICS_ECOLI
Q2MB16	YOBH_ECOLI
Q46786	YGEF_ECOLI
Q46787	YGEG_ECOLI
Q46789	YGEI_ECOLI
Q46793	YGEN_ECOLI
Q46796	YGEP_ECOLI
Q46808	YQEB_ECOLI
Q46809	YQEC_ECOLI
Q46819	YGFS_ECOLI
Q46831	YQGA_ECOLI
Q46843	YGHS_ECOLI
Q46858	YQHG_ECOLI
Q46919	YQCC_ECOLI
Q46941	YQEH_ECOLI
Q46943	YQEJ_ECOLI
Q47138	YDFE_ECOLI
Q47268	YLCH_ECOLI
Q47270	NINE_ECOLI
Q47272	YLCG_ECOLI
Q47702	YFEK_ECOLI
Q47710	YQJK_ECOLI
Q47719	YJHV_ECOLI
Q6BEX5	YJDP_ECOLI
Q7DFU6	YGHX_ECOLI
Q7DFV3	YMGG_ECOLI
Q7DFV4	YMDE_ECOLI
Q9XB42	YKFH_ECOLI
Q9Z3A0	YJGW_ECOLI
V9HVX0	YPAA_ECOLI
